[2026-04-08 16:30:20] INFO     | trading.db             | Database ready at /Users/rishabhmaniyar/Downloads/trading_framework/data/trading.db
[2026-04-08 16:30:20] INFO     | trading.db             | Database connection closed
[2026-04-08 16:30:27] DEBUG    | asyncio                | Using selector: KqueueSelector
[2026-04-08 16:30:27] INFO     | trading.main           | ============================================================
[2026-04-08 16:30:27] INFO     | trading.main           |   TRADING FRAMEWORK – STARTING
[2026-04-08 16:30:27] INFO     | trading.main           | ============================================================
[2026-04-08 16:30:27] INFO     | trading.db             | Database ready at /Users/rishabhmaniyar/Downloads/trading_framework/data/trading.db
[2026-04-08 16:30:27] INFO     | trading.broker         | Connecting to IBKR 127.0.0.1:4002 (attempt 1/3)
[2026-04-08 16:30:27] INFO     | ib_insync.client       | Connecting to 127.0.0.1:4002 with clientId 27...
[2026-04-08 16:30:27] INFO     | ib_insync.client       | Connected
[2026-04-08 16:30:27] DEBUG    | ib_insync.client       | <<< 176,20260408 16:30:26 India Standard Time
[2026-04-08 16:30:27] DEBUG    | ib_insync.client       | >>> 71,2,27,
[2026-04-08 16:30:27] INFO     | ib_insync.client       | Logged on to server version 176
[2026-04-08 16:30:27] DEBUG    | ib_insync.client       | <<< 15,1,DUM165609
[2026-04-08 16:30:27] DEBUG    | ib_insync.client       | <<< 9,1,1
[2026-04-08 16:30:27] INFO     | ib_insync.client       | API connection ready
[2026-04-08 16:30:27] DEBUG    | ib_insync.client       | >>> 61,1
[2026-04-08 16:30:27] DEBUG    | ib_insync.client       | >>> 5,1
[2026-04-08 16:30:27] DEBUG    | ib_insync.client       | >>> 99,0
[2026-04-08 16:30:27] DEBUG    | ib_insync.client       | >>> 6,2,1,DUM165609
[2026-04-08 16:30:27] DEBUG    | ib_insync.client       | >>> 76,1,1,DUM165609,,0
[2026-04-08 16:30:27] DEBUG    | ib_insync.client       | <<< 4,2,-1,2110,Connectivity between Trader Workstation and server is broken. It will be restored automatically.,
[2026-04-08 16:30:27] INFO     | ib_insync.wrapper      | Warning 2110, reqId -1: Connectivity between Trader Workstation and server is broken. It will be restored automatically.
[2026-04-08 16:30:27] DEBUG    | ib_insync.client       | <<< 4,2,-1,2103,Market data farm connection is broken:usfarm,
[2026-04-08 16:30:27] INFO     | ib_insync.wrapper      | Warning 2103, reqId -1: Market data farm connection is broken:usfarm
[2026-04-08 16:30:27] DEBUG    | ib_insync.client       | <<< 4,2,-1,2105,HMDS data farm connection is broken:ushmds,
[2026-04-08 16:30:27] INFO     | ib_insync.wrapper      | Warning 2105, reqId -1: HMDS data farm connection is broken:ushmds
[2026-04-08 16:30:27] DEBUG    | ib_insync.client       | <<< 4,2,-1,2157,Sec-def data farm connection is broken:secdefil,
[2026-04-08 16:30:27] INFO     | ib_insync.wrapper      | Warning 2157, reqId -1: Sec-def data farm connection is broken:secdefil
[2026-04-08 16:30:27] DEBUG    | ib_insync.client       | <<< 6,2,AccountCode,DUM165609,,DUM165609
[2026-04-08 16:30:27] DEBUG    | ib_insync.client       | <<< 6,2,AccountOrGroup,DUM165609,BASE,DUM165609
[2026-04-08 16:30:27] DEBUG    | ib_insync.client       | <<< 6,2,AccountOrGroup,DUM165609,USD,DUM165609
[2026-04-08 16:30:27] DEBUG    | ib_insync.client       | <<< 6,2,AccountReady,true,,DUM165609
[2026-04-08 16:30:27] DEBUG    | ib_insync.client       | <<< 6,2,AccountType,CORPORATION,,DUM165609
[2026-04-08 16:30:27] DEBUG    | ib_insync.client       | <<< 6,2,AccruedCash,121.43,BASE,DUM165609
[2026-04-08 16:30:27] DEBUG    | ib_insync.client       | <<< 6,2,AccruedCash,121.43,USD,DUM165609
[2026-04-08 16:30:27] DEBUG    | ib_insync.client       | <<< 6,2,AccruedCash-P,0.00,USD,DUM165609
[2026-04-08 16:30:27] DEBUG    | ib_insync.client       | <<< 6,2,AccruedCash-S,121.43,USD,DUM165609
[2026-04-08 16:30:27] DEBUG    | ib_insync.client       | <<< 6,2,AccruedDividend,0.00,USD,DUM165609
[2026-04-08 16:30:27] DEBUG    | ib_insync.client       | <<< 6,2,AccruedDividend-P,0.00,USD,DUM165609
[2026-04-08 16:30:27] DEBUG    | ib_insync.client       | <<< 6,2,AccruedDividend-S,0.00,USD,DUM165609
[2026-04-08 16:30:27] DEBUG    | ib_insync.client       | <<< 6,2,AvailableFunds,236276.47,USD,DUM165609
[2026-04-08 16:30:27] DEBUG    | ib_insync.client       | <<< 6,2,AvailableFunds-P,0.00,USD,DUM165609
[2026-04-08 16:30:27] DEBUG    | ib_insync.client       | <<< 6,2,AvailableFunds-S,236276.47,USD,DUM165609
[2026-04-08 16:30:27] DEBUG    | ib_insync.client       | <<< 6,2,Billable,0.00,USD,DUM165609
[2026-04-08 16:30:27] DEBUG    | ib_insync.client       | <<< 6,2,Billable-P,0.00,USD,DUM165609
[2026-04-08 16:30:27] DEBUG    | ib_insync.client       | <<< 6,2,Billable-S,0.00,USD,DUM165609
[2026-04-08 16:30:27] DEBUG    | ib_insync.client       | <<< 6,2,BuyingPower,1575176.47,USD,DUM165609
[2026-04-08 16:30:27] DEBUG    | ib_insync.client       | <<< 6,2,CashBalance,245383.7915,BASE,DUM165609
[2026-04-08 16:30:27] DEBUG    | ib_insync.client       | <<< 6,2,CashBalance,245383.7915,USD,DUM165609
[2026-04-08 16:30:27] DEBUG    | ib_insync.client       | <<< 6,2,ColumnPrio-P,5,,DUM165609
[2026-04-08 16:30:27] DEBUG    | ib_insync.client       | <<< 6,2,ColumnPrio-S,1,,DUM165609
[2026-04-08 16:30:27] DEBUG    | ib_insync.client       | <<< 6,2,CorporateBondValue,0.00,BASE,DUM165609
[2026-04-08 16:30:27] DEBUG    | ib_insync.client       | <<< 6,2,CorporateBondValue,0.00,USD,DUM165609
[2026-04-08 16:30:27] DEBUG    | ib_insync.client       | <<< 6,2,Cryptocurrency,0.00,BASE,DUM165609
[2026-04-08 16:30:27] DEBUG    | ib_insync.client       | <<< 6,2,Cryptocurrency,0.00,USD,DUM165609
[2026-04-08 16:30:27] DEBUG    | ib_insync.client       | <<< 6,2,Currency,BASE,BASE,DUM165609
[2026-04-08 16:30:27] DEBUG    | ib_insync.client       | <<< 6,2,Currency,USD,USD,DUM165609
[2026-04-08 16:30:27] DEBUG    | ib_insync.client       | <<< 6,2,Cushion,0.969515,,DUM165609
[2026-04-08 16:30:27] DEBUG    | ib_insync.client       | <<< 6,2,EquityWithLoanValue,245505.22,USD,DUM165609
[2026-04-08 16:30:27] DEBUG    | ib_insync.client       | <<< 6,2,EquityWithLoanValue-P,0.00,USD,DUM165609
[2026-04-08 16:30:27] DEBUG    | ib_insync.client       | <<< 6,2,EquityWithLoanValue-S,245505.22,USD,DUM165609
[2026-04-08 16:30:27] DEBUG    | ib_insync.client       | <<< 6,2,ExcessLiquidity,238020.90,USD,DUM165609
[2026-04-08 16:30:27] DEBUG    | ib_insync.client       | <<< 6,2,ExcessLiquidity-P,0.00,USD,DUM165609
[2026-04-08 16:30:27] DEBUG    | ib_insync.client       | <<< 6,2,ExcessLiquidity-S,238020.90,USD,DUM165609
[2026-04-08 16:30:27] DEBUG    | ib_insync.client       | <<< 6,2,ExchangeRate,1.00,BASE,DUM165609
[2026-04-08 16:30:27] DEBUG    | ib_insync.client       | <<< 6,2,ExchangeRate,1.00,USD,DUM165609
[2026-04-08 16:30:27] DEBUG    | ib_insync.client       | <<< 6,2,FullAvailableFunds,236276.47,USD,DUM165609
[2026-04-08 16:30:27] DEBUG    | ib_insync.client       | <<< 6,2,FullAvailableFunds-P,0.00,USD,DUM165609
[2026-04-08 16:30:27] DEBUG    | ib_insync.client       | <<< 6,2,FullAvailableFunds-S,236276.47,USD,DUM165609
[2026-04-08 16:30:27] DEBUG    | ib_insync.client       | <<< 6,2,FullExcessLiquidity,238020.90,USD,DUM165609
[2026-04-08 16:30:27] DEBUG    | ib_insync.client       | <<< 6,2,FullExcessLiquidity-P,0.00,USD,DUM165609
[2026-04-08 16:30:27] DEBUG    | ib_insync.client       | <<< 6,2,FullExcessLiquidity-S,238020.90,USD,DUM165609
[2026-04-08 16:30:27] DEBUG    | ib_insync.client       | <<< 6,2,FullInitMarginReq,9228.75,USD,DUM165609
[2026-04-08 16:30:27] DEBUG    | ib_insync.client       | <<< 6,2,FullInitMarginReq-P,0.00,USD,DUM165609
[2026-04-08 16:30:27] DEBUG    | ib_insync.client       | <<< 6,2,FullInitMarginReq-S,9228.75,USD,DUM165609
[2026-04-08 16:30:27] DEBUG    | ib_insync.client       | <<< 6,2,FullMaintMarginReq,7484.32,USD,DUM165609
[2026-04-08 16:30:27] DEBUG    | ib_insync.client       | <<< 6,2,FullMaintMarginReq-P,0.00,USD,DUM165609
[2026-04-08 16:30:27] DEBUG    | ib_insync.client       | <<< 6,2,FullMaintMarginReq-S,7484.32,USD,DUM165609
[2026-04-08 16:30:27] DEBUG    | ib_insync.client       | <<< 6,2,FundValue,0.00,BASE,DUM165609
[2026-04-08 16:30:27] DEBUG    | ib_insync.client       | <<< 6,2,FundValue,0.00,USD,DUM165609
[2026-04-08 16:30:27] DEBUG    | ib_insync.client       | <<< 6,2,FutureOptionValue,0.00,BASE,DUM165609
[2026-04-08 16:30:27] DEBUG    | ib_insync.client       | <<< 6,2,FutureOptionValue,0.00,USD,DUM165609
[2026-04-08 16:30:27] DEBUG    | ib_insync.client       | <<< 6,2,FuturesPNL,2675.25,BASE,DUM165609
[2026-04-08 16:30:27] DEBUG    | ib_insync.client       | <<< 6,2,FuturesPNL,2675.25,USD,DUM165609
[2026-04-08 16:30:27] DEBUG    | ib_insync.client       | <<< 6,2,FxCashBalance,0.00,BASE,DUM165609
[2026-04-08 16:30:27] DEBUG    | ib_insync.client       | <<< 6,2,FxCashBalance,0.00,USD,DUM165609
[2026-04-08 16:30:27] DEBUG    | ib_insync.client       | <<< 6,2,GrossPositionValue,0.00,USD,DUM165609
[2026-04-08 16:30:27] DEBUG    | ib_insync.client       | <<< 6,2,GrossPositionValue-S,0.00,USD,DUM165609
[2026-04-08 16:30:27] DEBUG    | ib_insync.client       | <<< 6,2,Guarantee,0.00,USD,DUM165609
[2026-04-08 16:30:27] DEBUG    | ib_insync.client       | <<< 6,2,Guarantee-P,0.00,USD,DUM165609
[2026-04-08 16:30:27] DEBUG    | ib_insync.client       | <<< 6,2,Guarantee-S,0.00,USD,DUM165609
[2026-04-08 16:30:27] DEBUG    | ib_insync.client       | <<< 6,2,IncentiveCoupons,0.00,USD,DUM165609
[2026-04-08 16:30:27] DEBUG    | ib_insync.client       | <<< 6,2,IncentiveCoupons-P,0.00,USD,DUM165609
[2026-04-08 16:30:27] DEBUG    | ib_insync.client       | <<< 6,2,IncentiveCoupons-S,0.00,USD,DUM165609
[2026-04-08 16:30:27] DEBUG    | ib_insync.client       | <<< 6,2,IndianStockHaircut,0.00,USD,DUM165609
[2026-04-08 16:30:27] DEBUG    | ib_insync.client       | <<< 6,2,IndianStockHaircut-P,0.00,USD,DUM165609
[2026-04-08 16:30:27] DEBUG    | ib_insync.client       | <<< 6,2,IndianStockHaircut-S,0.00,USD,DUM165609
[2026-04-08 16:30:27] DEBUG    | ib_insync.client       | <<< 6,2,InitMarginReq,9228.75,USD,DUM165609
[2026-04-08 16:30:27] DEBUG    | ib_insync.client       | <<< 6,2,InitMarginReq-P,0.00,USD,DUM165609
[2026-04-08 16:30:27] DEBUG    | ib_insync.client       | <<< 6,2,InitMarginReq-S,9228.75,USD,DUM165609
[2026-04-08 16:30:27] DEBUG    | ib_insync.client       | <<< 6,2,IssuerOptionValue,0.00,BASE,DUM165609
[2026-04-08 16:30:27] DEBUG    | ib_insync.client       | <<< 6,2,IssuerOptionValue,0.00,USD,DUM165609
[2026-04-08 16:30:27] DEBUG    | ib_insync.client       | <<< 6,2,Leverage-S,0.00,,DUM165609
[2026-04-08 16:30:27] DEBUG    | ib_insync.client       | <<< 6,2,LookAheadAvailableFunds,239045.10,USD,DUM165609
[2026-04-08 16:30:27] DEBUG    | ib_insync.client       | <<< 6,2,LookAheadAvailableFunds-P,0.00,USD,DUM165609
[2026-04-08 16:30:27] DEBUG    | ib_insync.client       | <<< 6,2,LookAheadAvailableFunds-S,239045.10,USD,DUM165609
[2026-04-08 16:30:27] DEBUG    | ib_insync.client       | <<< 6,2,LookAheadExcessLiquidity,240266.19,USD,DUM165609
[2026-04-08 16:30:27] DEBUG    | ib_insync.client       | <<< 6,2,LookAheadExcessLiquidity-P,0.00,USD,DUM165609
[2026-04-08 16:30:27] DEBUG    | ib_insync.client       | <<< 6,2,LookAheadExcessLiquidity-S,240266.19,USD,DUM165609
[2026-04-08 16:30:27] DEBUG    | ib_insync.client       | <<< 6,2,LookAheadInitMarginReq,6460.13,USD,DUM165609
[2026-04-08 16:30:27] DEBUG    | ib_insync.client       | <<< 6,2,LookAheadInitMarginReq-P,0.00,USD,DUM165609
[2026-04-08 16:30:27] DEBUG    | ib_insync.client       | <<< 6,2,LookAheadInitMarginReq-S,6460.13,USD,DUM165609
[2026-04-08 16:30:27] DEBUG    | ib_insync.client       | <<< 6,2,LookAheadMaintMarginReq,5239.03,USD,DUM165609
[2026-04-08 16:30:27] DEBUG    | ib_insync.client       | <<< 6,2,LookAheadMaintMarginReq-P,0.00,USD,DUM165609
[2026-04-08 16:30:27] DEBUG    | ib_insync.client       | <<< 6,2,LookAheadMaintMarginReq-S,5239.03,USD,DUM165609
[2026-04-08 16:30:27] DEBUG    | ib_insync.client       | <<< 6,2,LookAheadNextChange,1775655000,,DUM165609
[2026-04-08 16:30:27] DEBUG    | ib_insync.client       | <<< 6,2,MaintMarginReq,7484.32,USD,DUM165609
[2026-04-08 16:30:27] DEBUG    | ib_insync.client       | <<< 6,2,MaintMarginReq-P,0.00,USD,DUM165609
[2026-04-08 16:30:27] DEBUG    | ib_insync.client       | <<< 6,2,MaintMarginReq-S,7484.32,USD,DUM165609
[2026-04-08 16:30:27] DEBUG    | ib_insync.client       | <<< 6,2,MoneyMarketFundValue,0.00,BASE,DUM165609
[2026-04-08 16:30:27] DEBUG    | ib_insync.client       | <<< 6,2,MoneyMarketFundValue,0.00,USD,DUM165609
[2026-04-08 16:30:27] DEBUG    | ib_insync.client       | <<< 6,2,MutualFundValue,0.00,BASE,DUM165609
[2026-04-08 16:30:27] DEBUG    | ib_insync.client       | <<< 6,2,MutualFundValue,0.00,USD,DUM165609
[2026-04-08 16:30:27] DEBUG    | ib_insync.client       | <<< 6,2,NLVAndMarginInReview,false,,DUM165609
[2026-04-08 16:30:27] DEBUG    | ib_insync.client       | <<< 6,2,NetDividend,0.00,BASE,DUM165609
[2026-04-08 16:30:27] DEBUG    | ib_insync.client       | <<< 6,2,NetDividend,0.00,USD,DUM165609
[2026-04-08 16:30:27] DEBUG    | ib_insync.client       | <<< 6,2,NetLiquidation,245505.22,USD,DUM165609
[2026-04-08 16:30:27] DEBUG    | ib_insync.client       | <<< 6,2,NetLiquidation-P,0.00,USD,DUM165609
[2026-04-08 16:30:27] DEBUG    | ib_insync.client       | <<< 6,2,NetLiquidation-S,245505.22,USD,DUM165609
[2026-04-08 16:30:27] DEBUG    | ib_insync.client       | <<< 6,2,NetLiquidationByCurrency,245505.2215,BASE,DUM165609
[2026-04-08 16:30:27] DEBUG    | ib_insync.client       | <<< 6,2,NetLiquidationByCurrency,245505.2215,USD,DUM165609
[2026-04-08 16:30:27] DEBUG    | ib_insync.client       | <<< 6,2,NetLiquidationUncertainty,0.00,USD,DUM165609
[2026-04-08 16:30:27] DEBUG    | ib_insync.client       | <<< 6,2,OptionMarketValue,0.00,BASE,DUM165609
[2026-04-08 16:30:27] DEBUG    | ib_insync.client       | <<< 6,2,OptionMarketValue,0.00,USD,DUM165609
[2026-04-08 16:30:27] DEBUG    | ib_insync.client       | <<< 6,2,PASharesValue,0.00,USD,DUM165609
[2026-04-08 16:30:27] DEBUG    | ib_insync.client       | <<< 6,2,PASharesValue-P,0.00,USD,DUM165609
[2026-04-08 16:30:27] DEBUG    | ib_insync.client       | <<< 6,2,PASharesValue-S,0.00,USD,DUM165609
[2026-04-08 16:30:27] DEBUG    | ib_insync.client       | <<< 6,2,PhysicalCertificateValue,0.00,USD,DUM165609
[2026-04-08 16:30:27] DEBUG    | ib_insync.client       | <<< 6,2,PhysicalCertificateValue-P,0.00,USD,DUM165609
[2026-04-08 16:30:27] DEBUG    | ib_insync.client       | <<< 6,2,PhysicalCertificateValue-S,0.00,USD,DUM165609
[2026-04-08 16:30:27] DEBUG    | ib_insync.client       | <<< 6,2,PostExpirationExcess,0.00,USD,DUM165609
[2026-04-08 16:30:27] DEBUG    | ib_insync.client       | <<< 6,2,PostExpirationExcess-P,0.00,USD,DUM165609
[2026-04-08 16:30:27] DEBUG    | ib_insync.client       | <<< 6,2,PostExpirationExcess-S,0.00,USD,DUM165609
[2026-04-08 16:30:27] DEBUG    | ib_insync.client       | <<< 6,2,PostExpirationMargin,0.00,USD,DUM165609
[2026-04-08 16:30:27] DEBUG    | ib_insync.client       | <<< 6,2,PostExpirationMargin-P,0.00,USD,DUM165609
[2026-04-08 16:30:27] DEBUG    | ib_insync.client       | <<< 6,2,PostExpirationMargin-S,0.00,USD,DUM165609
[2026-04-08 16:30:27] DEBUG    | ib_insync.client       | <<< 6,2,RealCurrency,BASE,BASE,DUM165609
[2026-04-08 16:30:27] DEBUG    | ib_insync.client       | <<< 6,2,RealCurrency,USD,USD,DUM165609
[2026-04-08 16:30:27] DEBUG    | ib_insync.client       | <<< 6,2,RealizedPnL,0.00,BASE,DUM165609
[2026-04-08 16:30:27] DEBUG    | ib_insync.client       | <<< 6,2,RealizedPnL,0.00,USD,DUM165609
[2026-04-08 16:30:27] DEBUG    | ib_insync.client       | <<< 6,2,SegmentTitle-P,Crypto at Paxos,,DUM165609
[2026-04-08 16:30:27] DEBUG    | ib_insync.client       | <<< 6,2,SegmentTitle-S,Securities,,DUM165609
[2026-04-08 16:30:27] DEBUG    | ib_insync.client       | <<< 6,2,SettledCashByDate,20260408:242708.54;20260409:245383.79146485,,DUM165609
[2026-04-08 16:30:27] DEBUG    | ib_insync.client       | <<< 6,2,SettledCashByDate-P,20260408:0,,DUM165609
[2026-04-08 16:30:27] DEBUG    | ib_insync.client       | <<< 6,2,SettledCashByDate-S,20260408:242708.54;20260409:245383.79146485,,DUM165609
[2026-04-08 16:30:27] DEBUG    | ib_insync.client       | <<< 6,2,StockMarketValue,0.00,BASE,DUM165609
[2026-04-08 16:30:27] DEBUG    | ib_insync.client       | <<< 6,2,StockMarketValue,0.00,USD,DUM165609
[2026-04-08 16:30:27] DEBUG    | ib_insync.client       | <<< 6,2,TBillValue,0.00,BASE,DUM165609
[2026-04-08 16:30:27] DEBUG    | ib_insync.client       | <<< 6,2,TBillValue,0.00,USD,DUM165609
[2026-04-08 16:30:27] DEBUG    | ib_insync.client       | <<< 6,2,TBondValue,0.00,BASE,DUM165609
[2026-04-08 16:30:27] DEBUG    | ib_insync.client       | <<< 6,2,TBondValue,0.00,USD,DUM165609
[2026-04-08 16:30:27] DEBUG    | ib_insync.client       | <<< 6,2,TotalCashBalance,245383.7915,BASE,DUM165609
[2026-04-08 16:30:27] DEBUG    | ib_insync.client       | <<< 6,2,TotalCashBalance,245383.7915,USD,DUM165609
[2026-04-08 16:30:27] DEBUG    | ib_insync.client       | <<< 6,2,TotalCashValue,245383.79,USD,DUM165609
[2026-04-08 16:30:27] DEBUG    | ib_insync.client       | <<< 6,2,TotalCashValue-P,0.00,USD,DUM165609
[2026-04-08 16:30:27] DEBUG    | ib_insync.client       | <<< 6,2,TotalCashValue-S,245383.79,USD,DUM165609
[2026-04-08 16:30:27] DEBUG    | ib_insync.client       | <<< 6,2,TotalDebitCardPendingCharges,0.00,USD,DUM165609
[2026-04-08 16:30:27] DEBUG    | ib_insync.client       | <<< 6,2,TotalDebitCardPendingCharges-P,0.00,USD,DUM165609
[2026-04-08 16:30:27] DEBUG    | ib_insync.client       | <<< 6,2,TotalDebitCardPendingCharges-S,0.00,USD,DUM165609
[2026-04-08 16:30:27] DEBUG    | ib_insync.client       | <<< 6,2,TradingType-S,STKNOPT,,DUM165609
[2026-04-08 16:30:27] DEBUG    | ib_insync.client       | <<< 6,2,UnrealizedPnL,2842.14,BASE,DUM165609
[2026-04-08 16:30:27] DEBUG    | ib_insync.client       | <<< 6,2,UnrealizedPnL,2842.14,USD,DUM165609
[2026-04-08 16:30:27] DEBUG    | ib_insync.client       | <<< 6,2,WarrantValue,0.00,BASE,DUM165609
[2026-04-08 16:30:27] DEBUG    | ib_insync.client       | <<< 6,2,WarrantValue,0.00,USD,DUM165609
[2026-04-08 16:30:27] DEBUG    | ib_insync.client       | <<< 7,8,770561194,MES,FUT,20260618,0,0,5,CME,USD,MESM6,MES,3,6835.10009765,102526.5,33228.12,2842.14,0.0,DUM165609
[2026-04-08 16:30:27] INFO     | ib_insync.wrapper      | updatePortfolio: PortfolioItem(contract=Future(conId=770561194, symbol='MES', lastTradeDateOrContractMonth='20260618', right='0', multiplier='5', primaryExchange='CME', currency='USD', localSymbol='MESM6', tradingClass='MES'), position=3.0, marketPrice=6835.10009765, marketValue=102526.5, averageCost=33228.12, unrealizedPNL=2842.14, realizedPNL=0.0, account='DUM165609')
[2026-04-08 16:30:27] DEBUG    | ib_insync.client       | <<< 8,1,16:27
[2026-04-08 16:30:27] DEBUG    | ib_insync.client       | <<< 8,1,16:27
[2026-04-08 16:30:27] DEBUG    | ib_insync.client       | <<< 54,1,DUM165609
[2026-04-08 16:30:42] ERROR    | ib_insync.ib           | positions request timed out
[2026-04-08 16:30:42] ERROR    | ib_insync.ib           | open orders request timed out
[2026-04-08 16:30:42] ERROR    | ib_insync.ib           | completed orders request timed out
[2026-04-08 16:30:42] ERROR    | ib_insync.ib           | account updates for DUM165609 request timed out
[2026-04-08 16:30:42] DEBUG    | ib_insync.client       | >>> 7,3,2,0,,,,,,
[2026-04-08 16:30:42] INFO     | ib_insync.ib           | Disconnecting from 127.0.0.1:4002, 118 B sent in 8 messages, 7.33 kB received in 157 messages, session time 15.3 s.
[2026-04-08 16:30:42] INFO     | ib_insync.client       | Disconnecting
[2026-04-08 16:30:42] INFO     | trading.broker         | Disconnected from IBKR
[2026-04-08 16:30:42] INFO     | trading.db             | Database connection closed
[2026-04-08 16:32:14] INFO     | trading.db             | Database ready at /Users/rishabhmaniyar/Downloads/trading_framework/data/trading.db
[2026-04-08 16:32:14] INFO     | trading.db             | Database connection closed
[2026-04-08 16:33:06] DEBUG    | asyncio                | Using selector: KqueueSelector
[2026-04-08 16:33:06] INFO     | trading.main           | ============================================================
[2026-04-08 16:33:06] INFO     | trading.main           |   TRADING FRAMEWORK – STARTING
[2026-04-08 16:33:06] INFO     | trading.main           | ============================================================
[2026-04-08 16:33:06] INFO     | trading.db             | Database ready at /Users/rishabhmaniyar/Downloads/trading_framework/data/trading.db
[2026-04-08 16:33:06] INFO     | trading.broker         | Connecting to IBKR 127.0.0.1:4002 (attempt 1/3)
[2026-04-08 16:33:06] INFO     | ib_insync.client       | Connecting to 127.0.0.1:4002 with clientId 27...
[2026-04-08 16:33:06] INFO     | ib_insync.client       | Connected
[2026-04-08 16:33:06] DEBUG    | ib_insync.client       | <<< 176,20260408 16:33:06 India Standard Time
[2026-04-08 16:33:06] DEBUG    | ib_insync.client       | >>> 71,2,27,
[2026-04-08 16:33:06] INFO     | ib_insync.client       | Logged on to server version 176
[2026-04-08 16:33:06] DEBUG    | ib_insync.client       | <<< 15,1,DUM165609
[2026-04-08 16:33:06] DEBUG    | ib_insync.client       | <<< 9,1,1
[2026-04-08 16:33:06] DEBUG    | ib_insync.client       | <<< 4,2,-1,2110,Connectivity between Trader Workstation and server is broken. It will be restored automatically.,
[2026-04-08 16:33:06] INFO     | ib_insync.wrapper      | Warning 2110, reqId -1: Connectivity between Trader Workstation and server is broken. It will be restored automatically.
[2026-04-08 16:33:06] INFO     | ib_insync.client       | API connection ready
[2026-04-08 16:33:06] DEBUG    | ib_insync.client       | >>> 61,1
[2026-04-08 16:33:06] DEBUG    | ib_insync.client       | >>> 5,1
[2026-04-08 16:33:06] DEBUG    | ib_insync.client       | >>> 99,0
[2026-04-08 16:33:06] DEBUG    | ib_insync.client       | >>> 6,2,1,DUM165609
[2026-04-08 16:33:06] DEBUG    | ib_insync.client       | >>> 76,1,1,DUM165609,,0
[2026-04-08 16:33:06] DEBUG    | ib_insync.client       | <<< 4,2,-1,2103,Market data farm connection is broken:usfarm,
[2026-04-08 16:33:06] INFO     | ib_insync.wrapper      | Warning 2103, reqId -1: Market data farm connection is broken:usfarm
[2026-04-08 16:33:06] DEBUG    | ib_insync.client       | <<< 4,2,-1,2105,HMDS data farm connection is broken:ushmds,
[2026-04-08 16:33:06] INFO     | ib_insync.wrapper      | Warning 2105, reqId -1: HMDS data farm connection is broken:ushmds
[2026-04-08 16:33:06] DEBUG    | ib_insync.client       | <<< 4,2,-1,2157,Sec-def data farm connection is broken:secdefil,
[2026-04-08 16:33:06] INFO     | ib_insync.wrapper      | Warning 2157, reqId -1: Sec-def data farm connection is broken:secdefil
[2026-04-08 16:33:07] DEBUG    | ib_insync.client       | <<< 6,2,AccountCode,DUM165609,,DUM165609
[2026-04-08 16:33:07] DEBUG    | ib_insync.client       | <<< 6,2,AccountOrGroup,DUM165609,BASE,DUM165609
[2026-04-08 16:33:07] DEBUG    | ib_insync.client       | <<< 6,2,AccountOrGroup,DUM165609,USD,DUM165609
[2026-04-08 16:33:07] DEBUG    | ib_insync.client       | <<< 6,2,AccountReady,true,,DUM165609
[2026-04-08 16:33:07] DEBUG    | ib_insync.client       | <<< 6,2,AccountType,CORPORATION,,DUM165609
[2026-04-08 16:33:07] DEBUG    | ib_insync.client       | <<< 6,2,AccruedCash,121.43,BASE,DUM165609
[2026-04-08 16:33:07] DEBUG    | ib_insync.client       | <<< 6,2,AccruedCash,121.43,USD,DUM165609
[2026-04-08 16:33:07] DEBUG    | ib_insync.client       | <<< 6,2,AccruedCash-P,0.00,USD,DUM165609
[2026-04-08 16:33:07] DEBUG    | ib_insync.client       | <<< 6,2,AccruedCash-S,121.43,USD,DUM165609
[2026-04-08 16:33:07] DEBUG    | ib_insync.client       | <<< 6,2,AccruedDividend,0.00,USD,DUM165609
[2026-04-08 16:33:07] DEBUG    | ib_insync.client       | <<< 6,2,AccruedDividend-P,0.00,USD,DUM165609
[2026-04-08 16:33:07] DEBUG    | ib_insync.client       | <<< 6,2,AccruedDividend-S,0.00,USD,DUM165609
[2026-04-08 16:33:07] DEBUG    | ib_insync.client       | <<< 6,2,AvailableFunds,236276.47,USD,DUM165609
[2026-04-08 16:33:07] DEBUG    | ib_insync.client       | <<< 6,2,AvailableFunds-P,0.00,USD,DUM165609
[2026-04-08 16:33:07] DEBUG    | ib_insync.client       | <<< 6,2,AvailableFunds-S,236276.47,USD,DUM165609
[2026-04-08 16:33:07] DEBUG    | ib_insync.client       | <<< 6,2,Billable,0.00,USD,DUM165609
[2026-04-08 16:33:07] DEBUG    | ib_insync.client       | <<< 6,2,Billable-P,0.00,USD,DUM165609
[2026-04-08 16:33:07] DEBUG    | ib_insync.client       | <<< 6,2,Billable-S,0.00,USD,DUM165609
[2026-04-08 16:33:07] DEBUG    | ib_insync.client       | <<< 6,2,BuyingPower,1575176.47,USD,DUM165609
[2026-04-08 16:33:07] DEBUG    | ib_insync.client       | <<< 6,2,CashBalance,245383.7915,BASE,DUM165609
[2026-04-08 16:33:07] DEBUG    | ib_insync.client       | <<< 6,2,CashBalance,245383.7915,USD,DUM165609
[2026-04-08 16:33:07] DEBUG    | ib_insync.client       | <<< 6,2,ColumnPrio-P,5,,DUM165609
[2026-04-08 16:33:07] DEBUG    | ib_insync.client       | <<< 6,2,ColumnPrio-S,1,,DUM165609
[2026-04-08 16:33:07] DEBUG    | ib_insync.client       | <<< 6,2,CorporateBondValue,0.00,BASE,DUM165609
[2026-04-08 16:33:07] DEBUG    | ib_insync.client       | <<< 6,2,CorporateBondValue,0.00,USD,DUM165609
[2026-04-08 16:33:07] DEBUG    | ib_insync.client       | <<< 6,2,Cryptocurrency,0.00,BASE,DUM165609
[2026-04-08 16:33:07] DEBUG    | ib_insync.client       | <<< 6,2,Cryptocurrency,0.00,USD,DUM165609
[2026-04-08 16:33:07] DEBUG    | ib_insync.client       | <<< 6,2,Currency,BASE,BASE,DUM165609
[2026-04-08 16:33:07] DEBUG    | ib_insync.client       | <<< 6,2,Currency,USD,USD,DUM165609
[2026-04-08 16:33:07] DEBUG    | ib_insync.client       | <<< 6,2,Cushion,0.969515,,DUM165609
[2026-04-08 16:33:07] DEBUG    | ib_insync.client       | <<< 6,2,EquityWithLoanValue,245505.22,USD,DUM165609
[2026-04-08 16:33:07] DEBUG    | ib_insync.client       | <<< 6,2,EquityWithLoanValue-P,0.00,USD,DUM165609
[2026-04-08 16:33:07] DEBUG    | ib_insync.client       | <<< 6,2,EquityWithLoanValue-S,245505.22,USD,DUM165609
[2026-04-08 16:33:07] DEBUG    | ib_insync.client       | <<< 6,2,ExcessLiquidity,238020.90,USD,DUM165609
[2026-04-08 16:33:07] DEBUG    | ib_insync.client       | <<< 6,2,ExcessLiquidity-P,0.00,USD,DUM165609
[2026-04-08 16:33:07] DEBUG    | ib_insync.client       | <<< 6,2,ExcessLiquidity-S,238020.90,USD,DUM165609
[2026-04-08 16:33:07] DEBUG    | ib_insync.client       | <<< 6,2,ExchangeRate,1.00,BASE,DUM165609
[2026-04-08 16:33:07] DEBUG    | ib_insync.client       | <<< 6,2,ExchangeRate,1.00,USD,DUM165609
[2026-04-08 16:33:07] DEBUG    | ib_insync.client       | <<< 6,2,FullAvailableFunds,236276.47,USD,DUM165609
[2026-04-08 16:33:07] DEBUG    | ib_insync.client       | <<< 6,2,FullAvailableFunds-P,0.00,USD,DUM165609
[2026-04-08 16:33:07] DEBUG    | ib_insync.client       | <<< 6,2,FullAvailableFunds-S,236276.47,USD,DUM165609
[2026-04-08 16:33:07] DEBUG    | ib_insync.client       | <<< 6,2,FullExcessLiquidity,238020.90,USD,DUM165609
[2026-04-08 16:33:07] DEBUG    | ib_insync.client       | <<< 6,2,FullExcessLiquidity-P,0.00,USD,DUM165609
[2026-04-08 16:33:07] DEBUG    | ib_insync.client       | <<< 6,2,FullExcessLiquidity-S,238020.90,USD,DUM165609
[2026-04-08 16:33:07] DEBUG    | ib_insync.client       | <<< 6,2,FullInitMarginReq,9228.75,USD,DUM165609
[2026-04-08 16:33:07] DEBUG    | ib_insync.client       | <<< 6,2,FullInitMarginReq-P,0.00,USD,DUM165609
[2026-04-08 16:33:07] DEBUG    | ib_insync.client       | <<< 6,2,FullInitMarginReq-S,9228.75,USD,DUM165609
[2026-04-08 16:33:07] DEBUG    | ib_insync.client       | <<< 6,2,FullMaintMarginReq,7484.32,USD,DUM165609
[2026-04-08 16:33:07] DEBUG    | ib_insync.client       | <<< 6,2,FullMaintMarginReq-P,0.00,USD,DUM165609
[2026-04-08 16:33:07] DEBUG    | ib_insync.client       | <<< 6,2,FullMaintMarginReq-S,7484.32,USD,DUM165609
[2026-04-08 16:33:07] DEBUG    | ib_insync.client       | <<< 6,2,FundValue,0.00,BASE,DUM165609
[2026-04-08 16:33:07] DEBUG    | ib_insync.client       | <<< 6,2,FundValue,0.00,USD,DUM165609
[2026-04-08 16:33:07] DEBUG    | ib_insync.client       | <<< 6,2,FutureOptionValue,0.00,BASE,DUM165609
[2026-04-08 16:33:07] DEBUG    | ib_insync.client       | <<< 6,2,FutureOptionValue,0.00,USD,DUM165609
[2026-04-08 16:33:07] DEBUG    | ib_insync.client       | <<< 6,2,FuturesPNL,2675.25,BASE,DUM165609
[2026-04-08 16:33:07] DEBUG    | ib_insync.client       | <<< 6,2,FuturesPNL,2675.25,USD,DUM165609
[2026-04-08 16:33:07] DEBUG    | ib_insync.client       | <<< 6,2,FxCashBalance,0.00,BASE,DUM165609
[2026-04-08 16:33:07] DEBUG    | ib_insync.client       | <<< 6,2,FxCashBalance,0.00,USD,DUM165609
[2026-04-08 16:33:07] DEBUG    | ib_insync.client       | <<< 6,2,GrossPositionValue,0.00,USD,DUM165609
[2026-04-08 16:33:07] DEBUG    | ib_insync.client       | <<< 6,2,GrossPositionValue-S,0.00,USD,DUM165609
[2026-04-08 16:33:07] DEBUG    | ib_insync.client       | <<< 6,2,Guarantee,0.00,USD,DUM165609
[2026-04-08 16:33:07] DEBUG    | ib_insync.client       | <<< 6,2,Guarantee-P,0.00,USD,DUM165609
[2026-04-08 16:33:07] DEBUG    | ib_insync.client       | <<< 6,2,Guarantee-S,0.00,USD,DUM165609
[2026-04-08 16:33:07] DEBUG    | ib_insync.client       | <<< 6,2,IncentiveCoupons,0.00,USD,DUM165609
[2026-04-08 16:33:07] DEBUG    | ib_insync.client       | <<< 6,2,IncentiveCoupons-P,0.00,USD,DUM165609
[2026-04-08 16:33:07] DEBUG    | ib_insync.client       | <<< 6,2,IncentiveCoupons-S,0.00,USD,DUM165609
[2026-04-08 16:33:07] DEBUG    | ib_insync.client       | <<< 6,2,IndianStockHaircut,0.00,USD,DUM165609
[2026-04-08 16:33:07] DEBUG    | ib_insync.client       | <<< 6,2,IndianStockHaircut-P,0.00,USD,DUM165609
[2026-04-08 16:33:07] DEBUG    | ib_insync.client       | <<< 6,2,IndianStockHaircut-S,0.00,USD,DUM165609
[2026-04-08 16:33:07] DEBUG    | ib_insync.client       | <<< 6,2,InitMarginReq,9228.75,USD,DUM165609
[2026-04-08 16:33:07] DEBUG    | ib_insync.client       | <<< 6,2,InitMarginReq-P,0.00,USD,DUM165609
[2026-04-08 16:33:07] DEBUG    | ib_insync.client       | <<< 6,2,InitMarginReq-S,9228.75,USD,DUM165609
[2026-04-08 16:33:07] DEBUG    | ib_insync.client       | <<< 6,2,IssuerOptionValue,0.00,BASE,DUM165609
[2026-04-08 16:33:07] DEBUG    | ib_insync.client       | <<< 6,2,IssuerOptionValue,0.00,USD,DUM165609
[2026-04-08 16:33:07] DEBUG    | ib_insync.client       | <<< 6,2,Leverage-S,0.00,,DUM165609
[2026-04-08 16:33:07] DEBUG    | ib_insync.client       | <<< 6,2,LookAheadAvailableFunds,239045.10,USD,DUM165609
[2026-04-08 16:33:07] DEBUG    | ib_insync.client       | <<< 6,2,LookAheadAvailableFunds-P,0.00,USD,DUM165609
[2026-04-08 16:33:07] DEBUG    | ib_insync.client       | <<< 6,2,LookAheadAvailableFunds-S,239045.10,USD,DUM165609
[2026-04-08 16:33:07] DEBUG    | ib_insync.client       | <<< 6,2,LookAheadExcessLiquidity,240266.19,USD,DUM165609
[2026-04-08 16:33:07] DEBUG    | ib_insync.client       | <<< 6,2,LookAheadExcessLiquidity-P,0.00,USD,DUM165609
[2026-04-08 16:33:07] DEBUG    | ib_insync.client       | <<< 6,2,LookAheadExcessLiquidity-S,240266.19,USD,DUM165609
[2026-04-08 16:33:07] DEBUG    | ib_insync.client       | <<< 6,2,LookAheadInitMarginReq,6460.13,USD,DUM165609
[2026-04-08 16:33:07] DEBUG    | ib_insync.client       | <<< 6,2,LookAheadInitMarginReq-P,0.00,USD,DUM165609
[2026-04-08 16:33:07] DEBUG    | ib_insync.client       | <<< 6,2,LookAheadInitMarginReq-S,6460.13,USD,DUM165609
[2026-04-08 16:33:07] DEBUG    | ib_insync.client       | <<< 6,2,LookAheadMaintMarginReq,5239.03,USD,DUM165609
[2026-04-08 16:33:07] DEBUG    | ib_insync.client       | <<< 6,2,LookAheadMaintMarginReq-P,0.00,USD,DUM165609
[2026-04-08 16:33:07] DEBUG    | ib_insync.client       | <<< 6,2,LookAheadMaintMarginReq-S,5239.03,USD,DUM165609
[2026-04-08 16:33:07] DEBUG    | ib_insync.client       | <<< 6,2,LookAheadNextChange,1775655000,,DUM165609
[2026-04-08 16:33:07] DEBUG    | ib_insync.client       | <<< 6,2,MaintMarginReq,7484.32,USD,DUM165609
[2026-04-08 16:33:07] DEBUG    | ib_insync.client       | <<< 6,2,MaintMarginReq-P,0.00,USD,DUM165609
[2026-04-08 16:33:07] DEBUG    | ib_insync.client       | <<< 6,2,MaintMarginReq-S,7484.32,USD,DUM165609
[2026-04-08 16:33:07] DEBUG    | ib_insync.client       | <<< 6,2,MoneyMarketFundValue,0.00,BASE,DUM165609
[2026-04-08 16:33:07] DEBUG    | ib_insync.client       | <<< 6,2,MoneyMarketFundValue,0.00,USD,DUM165609
[2026-04-08 16:33:07] DEBUG    | ib_insync.client       | <<< 6,2,MutualFundValue,0.00,BASE,DUM165609
[2026-04-08 16:33:07] DEBUG    | ib_insync.client       | <<< 6,2,MutualFundValue,0.00,USD,DUM165609
[2026-04-08 16:33:07] DEBUG    | ib_insync.client       | <<< 6,2,NLVAndMarginInReview,false,,DUM165609
[2026-04-08 16:33:07] DEBUG    | ib_insync.client       | <<< 6,2,NetDividend,0.00,BASE,DUM165609
[2026-04-08 16:33:07] DEBUG    | ib_insync.client       | <<< 6,2,NetDividend,0.00,USD,DUM165609
[2026-04-08 16:33:07] DEBUG    | ib_insync.client       | <<< 6,2,NetLiquidation,245505.22,USD,DUM165609
[2026-04-08 16:33:07] DEBUG    | ib_insync.client       | <<< 6,2,NetLiquidation-P,0.00,USD,DUM165609
[2026-04-08 16:33:07] DEBUG    | ib_insync.client       | <<< 6,2,NetLiquidation-S,245505.22,USD,DUM165609
[2026-04-08 16:33:07] DEBUG    | ib_insync.client       | <<< 6,2,NetLiquidationByCurrency,245505.2215,BASE,DUM165609
[2026-04-08 16:33:07] DEBUG    | ib_insync.client       | <<< 6,2,NetLiquidationByCurrency,245505.2215,USD,DUM165609
[2026-04-08 16:33:07] DEBUG    | ib_insync.client       | <<< 6,2,NetLiquidationUncertainty,0.00,USD,DUM165609
[2026-04-08 16:33:07] DEBUG    | ib_insync.client       | <<< 6,2,OptionMarketValue,0.00,BASE,DUM165609
[2026-04-08 16:33:07] DEBUG    | ib_insync.client       | <<< 6,2,OptionMarketValue,0.00,USD,DUM165609
[2026-04-08 16:33:07] DEBUG    | ib_insync.client       | <<< 6,2,PASharesValue,0.00,USD,DUM165609
[2026-04-08 16:33:07] DEBUG    | ib_insync.client       | <<< 6,2,PASharesValue-P,0.00,USD,DUM165609
[2026-04-08 16:33:07] DEBUG    | ib_insync.client       | <<< 6,2,PASharesValue-S,0.00,USD,DUM165609
[2026-04-08 16:33:07] DEBUG    | ib_insync.client       | <<< 6,2,PhysicalCertificateValue,0.00,USD,DUM165609
[2026-04-08 16:33:07] DEBUG    | ib_insync.client       | <<< 6,2,PhysicalCertificateValue-P,0.00,USD,DUM165609
[2026-04-08 16:33:07] DEBUG    | ib_insync.client       | <<< 6,2,PhysicalCertificateValue-S,0.00,USD,DUM165609
[2026-04-08 16:33:07] DEBUG    | ib_insync.client       | <<< 6,2,PostExpirationExcess,0.00,USD,DUM165609
[2026-04-08 16:33:07] DEBUG    | ib_insync.client       | <<< 6,2,PostExpirationExcess-P,0.00,USD,DUM165609
[2026-04-08 16:33:07] DEBUG    | ib_insync.client       | <<< 6,2,PostExpirationExcess-S,0.00,USD,DUM165609
[2026-04-08 16:33:07] DEBUG    | ib_insync.client       | <<< 6,2,PostExpirationMargin,0.00,USD,DUM165609
[2026-04-08 16:33:07] DEBUG    | ib_insync.client       | <<< 6,2,PostExpirationMargin-P,0.00,USD,DUM165609
[2026-04-08 16:33:07] DEBUG    | ib_insync.client       | <<< 6,2,PostExpirationMargin-S,0.00,USD,DUM165609
[2026-04-08 16:33:07] DEBUG    | ib_insync.client       | <<< 6,2,RealCurrency,BASE,BASE,DUM165609
[2026-04-08 16:33:07] DEBUG    | ib_insync.client       | <<< 6,2,RealCurrency,USD,USD,DUM165609
[2026-04-08 16:33:07] DEBUG    | ib_insync.client       | <<< 6,2,RealizedPnL,0.00,BASE,DUM165609
[2026-04-08 16:33:07] DEBUG    | ib_insync.client       | <<< 6,2,RealizedPnL,0.00,USD,DUM165609
[2026-04-08 16:33:07] DEBUG    | ib_insync.client       | <<< 6,2,SegmentTitle-P,Crypto at Paxos,,DUM165609
[2026-04-08 16:33:07] DEBUG    | ib_insync.client       | <<< 6,2,SegmentTitle-S,Securities,,DUM165609
[2026-04-08 16:33:07] DEBUG    | ib_insync.client       | <<< 6,2,SettledCashByDate,20260408:242708.54;20260409:245383.79146485,,DUM165609
[2026-04-08 16:33:07] DEBUG    | ib_insync.client       | <<< 6,2,SettledCashByDate-P,20260408:0,,DUM165609
[2026-04-08 16:33:07] DEBUG    | ib_insync.client       | <<< 6,2,SettledCashByDate-S,20260408:242708.54;20260409:245383.79146485,,DUM165609
[2026-04-08 16:33:07] DEBUG    | ib_insync.client       | <<< 6,2,StockMarketValue,0.00,BASE,DUM165609
[2026-04-08 16:33:07] DEBUG    | ib_insync.client       | <<< 6,2,StockMarketValue,0.00,USD,DUM165609
[2026-04-08 16:33:07] DEBUG    | ib_insync.client       | <<< 6,2,TBillValue,0.00,BASE,DUM165609
[2026-04-08 16:33:07] DEBUG    | ib_insync.client       | <<< 6,2,TBillValue,0.00,USD,DUM165609
[2026-04-08 16:33:07] DEBUG    | ib_insync.client       | <<< 6,2,TBondValue,0.00,BASE,DUM165609
[2026-04-08 16:33:07] DEBUG    | ib_insync.client       | <<< 6,2,TBondValue,0.00,USD,DUM165609
[2026-04-08 16:33:07] DEBUG    | ib_insync.client       | <<< 6,2,TotalCashBalance,245383.7915,BASE,DUM165609
[2026-04-08 16:33:07] DEBUG    | ib_insync.client       | <<< 6,2,TotalCashBalance,245383.7915,USD,DUM165609
[2026-04-08 16:33:07] DEBUG    | ib_insync.client       | <<< 6,2,TotalCashValue,245383.79,USD,DUM165609
[2026-04-08 16:33:07] DEBUG    | ib_insync.client       | <<< 6,2,TotalCashValue-P,0.00,USD,DUM165609
[2026-04-08 16:33:07] DEBUG    | ib_insync.client       | <<< 6,2,TotalCashValue-S,245383.79,USD,DUM165609
[2026-04-08 16:33:07] DEBUG    | ib_insync.client       | <<< 6,2,TotalDebitCardPendingCharges,0.00,USD,DUM165609
[2026-04-08 16:33:07] DEBUG    | ib_insync.client       | <<< 6,2,TotalDebitCardPendingCharges-P,0.00,USD,DUM165609
[2026-04-08 16:33:07] DEBUG    | ib_insync.client       | <<< 6,2,TotalDebitCardPendingCharges-S,0.00,USD,DUM165609
[2026-04-08 16:33:07] DEBUG    | ib_insync.client       | <<< 6,2,TradingType-S,STKNOPT,,DUM165609
[2026-04-08 16:33:07] DEBUG    | ib_insync.client       | <<< 6,2,UnrealizedPnL,2842.14,BASE,DUM165609
[2026-04-08 16:33:07] DEBUG    | ib_insync.client       | <<< 6,2,UnrealizedPnL,2842.14,USD,DUM165609
[2026-04-08 16:33:07] DEBUG    | ib_insync.client       | <<< 6,2,WarrantValue,0.00,BASE,DUM165609
[2026-04-08 16:33:07] DEBUG    | ib_insync.client       | <<< 6,2,WarrantValue,0.00,USD,DUM165609
[2026-04-08 16:33:07] DEBUG    | ib_insync.client       | <<< 7,8,770561194,MES,FUT,20260618,0,0,5,CME,USD,MESM6,MES,3,6835.10009765,102526.5,33228.12,2842.14,0.0,DUM165609
[2026-04-08 16:33:07] INFO     | ib_insync.wrapper      | updatePortfolio: PortfolioItem(contract=Future(conId=770561194, symbol='MES', lastTradeDateOrContractMonth='20260618', right='0', multiplier='5', primaryExchange='CME', currency='USD', localSymbol='MESM6', tradingClass='MES'), position=3.0, marketPrice=6835.10009765, marketValue=102526.5, averageCost=33228.12, unrealizedPNL=2842.14, realizedPNL=0.0, account='DUM165609')
[2026-04-08 16:33:07] DEBUG    | ib_insync.client       | <<< 8,1,16:27
[2026-04-08 16:33:07] DEBUG    | ib_insync.client       | <<< 8,1,16:27
[2026-04-08 16:33:07] DEBUG    | ib_insync.client       | <<< 54,1,DUM165609
[2026-04-08 16:33:21] ERROR    | ib_insync.ib           | positions request timed out
[2026-04-08 16:33:21] ERROR    | ib_insync.ib           | open orders request timed out
[2026-04-08 16:33:21] ERROR    | ib_insync.ib           | completed orders request timed out
[2026-04-08 16:33:21] ERROR    | ib_insync.ib           | account updates for DUM165609 request timed out
[2026-04-08 16:33:21] DEBUG    | ib_insync.client       | >>> 7,3,2,0,,,,,,
[2026-04-08 16:33:36] DEBUG    | asyncio                | Using selector: KqueueSelector
[2026-04-08 16:33:36] INFO     | trading.main           | ============================================================
[2026-04-08 16:33:36] INFO     | trading.main           |   TRADING FRAMEWORK – STARTING
[2026-04-08 16:33:36] INFO     | trading.main           | ============================================================
[2026-04-08 16:33:36] INFO     | trading.db             | Database ready at /Users/rishabhmaniyar/Downloads/trading_framework/data/trading.db
[2026-04-08 16:33:36] INFO     | trading.broker         | Connecting to IBKR 127.0.0.1:4002 (attempt 1/3)
[2026-04-08 16:33:36] INFO     | ib_insync.client       | Connecting to 127.0.0.1:4002 with clientId 27...
[2026-04-08 16:33:36] INFO     | ib_insync.client       | Connected
[2026-04-08 16:33:36] DEBUG    | ib_insync.client       | <<< 176,20260408 16:33:35 India Standard Time
[2026-04-08 16:33:36] DEBUG    | ib_insync.client       | >>> 71,2,27,
[2026-04-08 16:33:36] INFO     | ib_insync.client       | Logged on to server version 176
[2026-04-08 16:33:36] DEBUG    | ib_insync.client       | <<< 4,2,-1,326,Unable to connect as the client id is already in use. Retry with a unique client id.,
[2026-04-08 16:33:36] ERROR    | ib_insync.wrapper      | Error 326, reqId -1: Unable to connect as the client id is already in use. Retry with a unique client id.
[2026-04-08 16:33:36] ERROR    | ib_insync.client       | Peer closed connection. clientId 27 already in use?
[2026-04-08 16:33:36] INFO     | ib_insync.ib           | Disconnecting from 127.0.0.1:4002, 118 B sent in 8 messages, 7.33 kB received in 157 messages, session time 30.1 s.
[2026-04-08 16:33:36] INFO     | ib_insync.client       | Disconnecting
[2026-04-08 16:33:36] WARNING  | trading.broker         | Connection attempt 1 failed: 
[2026-04-08 16:33:41] INFO     | trading.broker         | Connecting to IBKR 127.0.0.1:4002 (attempt 2/3)
[2026-04-08 16:33:41] INFO     | ib_insync.client       | Disconnected.
[2026-04-08 16:33:41] INFO     | ib_insync.client       | Connecting to 127.0.0.1:4002 with clientId 27...
[2026-04-08 16:33:41] INFO     | ib_insync.client       | Connected
[2026-04-08 16:33:41] DEBUG    | ib_insync.client       | <<< 176,20260408 16:33:41 India Standard Time
[2026-04-08 16:33:41] DEBUG    | ib_insync.client       | >>> 71,2,27,
[2026-04-08 16:33:41] INFO     | ib_insync.client       | Logged on to server version 176
[2026-04-08 16:33:41] DEBUG    | ib_insync.client       | <<< 15,1,DUM165609
[2026-04-08 16:33:42] DEBUG    | ib_insync.client       | <<< 9,1,1
[2026-04-08 16:33:42] INFO     | ib_insync.client       | API connection ready
[2026-04-08 16:33:42] DEBUG    | ib_insync.client       | >>> 61,1
[2026-04-08 16:33:42] DEBUG    | ib_insync.client       | >>> 5,1
[2026-04-08 16:33:42] DEBUG    | ib_insync.client       | >>> 99,0
[2026-04-08 16:33:42] DEBUG    | ib_insync.client       | >>> 6,2,1,DUM165609
[2026-04-08 16:33:42] DEBUG    | ib_insync.client       | >>> 76,1,1,DUM165609,,0
[2026-04-08 16:33:42] DEBUG    | ib_insync.client       | <<< 4,2,-1,2110,Connectivity between Trader Workstation and server is broken. It will be restored automatically.,
[2026-04-08 16:33:42] INFO     | ib_insync.wrapper      | Warning 2110, reqId -1: Connectivity between Trader Workstation and server is broken. It will be restored automatically.
[2026-04-08 16:33:42] DEBUG    | ib_insync.client       | <<< 4,2,-1,2103,Market data farm connection is broken:usfarm,
[2026-04-08 16:33:42] INFO     | ib_insync.wrapper      | Warning 2103, reqId -1: Market data farm connection is broken:usfarm
[2026-04-08 16:33:42] DEBUG    | ib_insync.client       | <<< 4,2,-1,2105,HMDS data farm connection is broken:ushmds,
[2026-04-08 16:33:42] INFO     | ib_insync.wrapper      | Warning 2105, reqId -1: HMDS data farm connection is broken:ushmds
[2026-04-08 16:33:42] DEBUG    | ib_insync.client       | <<< 4,2,-1,2157,Sec-def data farm connection is broken:secdefil,
[2026-04-08 16:33:42] INFO     | ib_insync.wrapper      | Warning 2157, reqId -1: Sec-def data farm connection is broken:secdefil
[2026-04-08 16:33:42] DEBUG    | ib_insync.client       | <<< 6,2,AccountCode,DUM165609,,DUM165609
[2026-04-08 16:33:42] DEBUG    | ib_insync.client       | <<< 6,2,AccountOrGroup,DUM165609,BASE,DUM165609
[2026-04-08 16:33:42] DEBUG    | ib_insync.client       | <<< 6,2,AccountOrGroup,DUM165609,USD,DUM165609
[2026-04-08 16:33:42] DEBUG    | ib_insync.client       | <<< 6,2,AccountReady,true,,DUM165609
[2026-04-08 16:33:42] DEBUG    | ib_insync.client       | <<< 6,2,AccountType,CORPORATION,,DUM165609
[2026-04-08 16:33:42] DEBUG    | ib_insync.client       | <<< 6,2,AccruedCash,121.43,BASE,DUM165609
[2026-04-08 16:33:42] DEBUG    | ib_insync.client       | <<< 6,2,AccruedCash,121.43,USD,DUM165609
[2026-04-08 16:33:42] DEBUG    | ib_insync.client       | <<< 6,2,AccruedCash-P,0.00,USD,DUM165609
[2026-04-08 16:33:42] DEBUG    | ib_insync.client       | <<< 6,2,AccruedCash-S,121.43,USD,DUM165609
[2026-04-08 16:33:42] DEBUG    | ib_insync.client       | <<< 6,2,AccruedDividend,0.00,USD,DUM165609
[2026-04-08 16:33:42] DEBUG    | ib_insync.client       | <<< 6,2,AccruedDividend-P,0.00,USD,DUM165609
[2026-04-08 16:33:42] DEBUG    | ib_insync.client       | <<< 6,2,AccruedDividend-S,0.00,USD,DUM165609
[2026-04-08 16:33:42] DEBUG    | ib_insync.client       | <<< 6,2,AvailableFunds,236276.47,USD,DUM165609
[2026-04-08 16:33:42] DEBUG    | ib_insync.client       | <<< 6,2,AvailableFunds-P,0.00,USD,DUM165609
[2026-04-08 16:33:42] DEBUG    | ib_insync.client       | <<< 6,2,AvailableFunds-S,236276.47,USD,DUM165609
[2026-04-08 16:33:42] DEBUG    | ib_insync.client       | <<< 6,2,Billable,0.00,USD,DUM165609
[2026-04-08 16:33:42] DEBUG    | ib_insync.client       | <<< 6,2,Billable-P,0.00,USD,DUM165609
[2026-04-08 16:33:42] DEBUG    | ib_insync.client       | <<< 6,2,Billable-S,0.00,USD,DUM165609
[2026-04-08 16:33:42] DEBUG    | ib_insync.client       | <<< 6,2,BuyingPower,1575176.47,USD,DUM165609
[2026-04-08 16:33:42] DEBUG    | ib_insync.client       | <<< 6,2,CashBalance,245383.7915,BASE,DUM165609
[2026-04-08 16:33:42] DEBUG    | ib_insync.client       | <<< 6,2,CashBalance,245383.7915,USD,DUM165609
[2026-04-08 16:33:42] DEBUG    | ib_insync.client       | <<< 6,2,ColumnPrio-P,5,,DUM165609
[2026-04-08 16:33:42] DEBUG    | ib_insync.client       | <<< 6,2,ColumnPrio-S,1,,DUM165609
[2026-04-08 16:33:42] DEBUG    | ib_insync.client       | <<< 6,2,CorporateBondValue,0.00,BASE,DUM165609
[2026-04-08 16:33:42] DEBUG    | ib_insync.client       | <<< 6,2,CorporateBondValue,0.00,USD,DUM165609
[2026-04-08 16:33:42] DEBUG    | ib_insync.client       | <<< 6,2,Cryptocurrency,0.00,BASE,DUM165609
[2026-04-08 16:33:42] DEBUG    | ib_insync.client       | <<< 6,2,Cryptocurrency,0.00,USD,DUM165609
[2026-04-08 16:33:42] DEBUG    | ib_insync.client       | <<< 6,2,Currency,BASE,BASE,DUM165609
[2026-04-08 16:33:42] DEBUG    | ib_insync.client       | <<< 6,2,Currency,USD,USD,DUM165609
[2026-04-08 16:33:42] DEBUG    | ib_insync.client       | <<< 6,2,Cushion,0.969515,,DUM165609
[2026-04-08 16:33:42] DEBUG    | ib_insync.client       | <<< 6,2,EquityWithLoanValue,245505.22,USD,DUM165609
[2026-04-08 16:33:42] DEBUG    | ib_insync.client       | <<< 6,2,EquityWithLoanValue-P,0.00,USD,DUM165609
[2026-04-08 16:33:42] DEBUG    | ib_insync.client       | <<< 6,2,EquityWithLoanValue-S,245505.22,USD,DUM165609
[2026-04-08 16:33:42] DEBUG    | ib_insync.client       | <<< 6,2,ExcessLiquidity,238020.90,USD,DUM165609
[2026-04-08 16:33:42] DEBUG    | ib_insync.client       | <<< 6,2,ExcessLiquidity-P,0.00,USD,DUM165609
[2026-04-08 16:33:42] DEBUG    | ib_insync.client       | <<< 6,2,ExcessLiquidity-S,238020.90,USD,DUM165609
[2026-04-08 16:33:42] DEBUG    | ib_insync.client       | <<< 6,2,ExchangeRate,1.00,BASE,DUM165609
[2026-04-08 16:33:42] DEBUG    | ib_insync.client       | <<< 6,2,ExchangeRate,1.00,USD,DUM165609
[2026-04-08 16:33:42] DEBUG    | ib_insync.client       | <<< 6,2,FullAvailableFunds,236276.47,USD,DUM165609
[2026-04-08 16:33:42] DEBUG    | ib_insync.client       | <<< 6,2,FullAvailableFunds-P,0.00,USD,DUM165609
[2026-04-08 16:33:42] DEBUG    | ib_insync.client       | <<< 6,2,FullAvailableFunds-S,236276.47,USD,DUM165609
[2026-04-08 16:33:42] DEBUG    | ib_insync.client       | <<< 6,2,FullExcessLiquidity,238020.90,USD,DUM165609
[2026-04-08 16:33:42] DEBUG    | ib_insync.client       | <<< 6,2,FullExcessLiquidity-P,0.00,USD,DUM165609
[2026-04-08 16:33:42] DEBUG    | ib_insync.client       | <<< 6,2,FullExcessLiquidity-S,238020.90,USD,DUM165609
[2026-04-08 16:33:42] DEBUG    | ib_insync.client       | <<< 6,2,FullInitMarginReq,9228.75,USD,DUM165609
[2026-04-08 16:33:42] DEBUG    | ib_insync.client       | <<< 6,2,FullInitMarginReq-P,0.00,USD,DUM165609
[2026-04-08 16:33:42] DEBUG    | ib_insync.client       | <<< 6,2,FullInitMarginReq-S,9228.75,USD,DUM165609
[2026-04-08 16:33:42] DEBUG    | ib_insync.client       | <<< 6,2,FullMaintMarginReq,7484.32,USD,DUM165609
[2026-04-08 16:33:42] DEBUG    | ib_insync.client       | <<< 6,2,FullMaintMarginReq-P,0.00,USD,DUM165609
[2026-04-08 16:33:42] DEBUG    | ib_insync.client       | <<< 6,2,FullMaintMarginReq-S,7484.32,USD,DUM165609
[2026-04-08 16:33:42] DEBUG    | ib_insync.client       | <<< 6,2,FundValue,0.00,BASE,DUM165609
[2026-04-08 16:33:42] DEBUG    | ib_insync.client       | <<< 6,2,FundValue,0.00,USD,DUM165609
[2026-04-08 16:33:42] DEBUG    | ib_insync.client       | <<< 6,2,FutureOptionValue,0.00,BASE,DUM165609
[2026-04-08 16:33:42] DEBUG    | ib_insync.client       | <<< 6,2,FutureOptionValue,0.00,USD,DUM165609
[2026-04-08 16:33:42] DEBUG    | ib_insync.client       | <<< 6,2,FuturesPNL,2675.25,BASE,DUM165609
[2026-04-08 16:33:42] DEBUG    | ib_insync.client       | <<< 6,2,FuturesPNL,2675.25,USD,DUM165609
[2026-04-08 16:33:42] DEBUG    | ib_insync.client       | <<< 6,2,FxCashBalance,0.00,BASE,DUM165609
[2026-04-08 16:33:42] DEBUG    | ib_insync.client       | <<< 6,2,FxCashBalance,0.00,USD,DUM165609
[2026-04-08 16:33:42] DEBUG    | ib_insync.client       | <<< 6,2,GrossPositionValue,0.00,USD,DUM165609
[2026-04-08 16:33:42] DEBUG    | ib_insync.client       | <<< 6,2,GrossPositionValue-S,0.00,USD,DUM165609
[2026-04-08 16:33:42] DEBUG    | ib_insync.client       | <<< 6,2,Guarantee,0.00,USD,DUM165609
[2026-04-08 16:33:42] DEBUG    | ib_insync.client       | <<< 6,2,Guarantee-P,0.00,USD,DUM165609
[2026-04-08 16:33:42] DEBUG    | ib_insync.client       | <<< 6,2,Guarantee-S,0.00,USD,DUM165609
[2026-04-08 16:33:42] DEBUG    | ib_insync.client       | <<< 6,2,IncentiveCoupons,0.00,USD,DUM165609
[2026-04-08 16:33:42] DEBUG    | ib_insync.client       | <<< 6,2,IncentiveCoupons-P,0.00,USD,DUM165609
[2026-04-08 16:33:42] DEBUG    | ib_insync.client       | <<< 6,2,IncentiveCoupons-S,0.00,USD,DUM165609
[2026-04-08 16:33:42] DEBUG    | ib_insync.client       | <<< 6,2,IndianStockHaircut,0.00,USD,DUM165609
[2026-04-08 16:33:42] DEBUG    | ib_insync.client       | <<< 6,2,IndianStockHaircut-P,0.00,USD,DUM165609
[2026-04-08 16:33:42] DEBUG    | ib_insync.client       | <<< 6,2,IndianStockHaircut-S,0.00,USD,DUM165609
[2026-04-08 16:33:42] DEBUG    | ib_insync.client       | <<< 6,2,InitMarginReq,9228.75,USD,DUM165609
[2026-04-08 16:33:42] DEBUG    | ib_insync.client       | <<< 6,2,InitMarginReq-P,0.00,USD,DUM165609
[2026-04-08 16:33:42] DEBUG    | ib_insync.client       | <<< 6,2,InitMarginReq-S,9228.75,USD,DUM165609
[2026-04-08 16:33:42] DEBUG    | ib_insync.client       | <<< 6,2,IssuerOptionValue,0.00,BASE,DUM165609
[2026-04-08 16:33:42] DEBUG    | ib_insync.client       | <<< 6,2,IssuerOptionValue,0.00,USD,DUM165609
[2026-04-08 16:33:42] DEBUG    | ib_insync.client       | <<< 6,2,Leverage-S,0.00,,DUM165609
[2026-04-08 16:33:42] DEBUG    | ib_insync.client       | <<< 6,2,LookAheadAvailableFunds,239045.10,USD,DUM165609
[2026-04-08 16:33:42] DEBUG    | ib_insync.client       | <<< 6,2,LookAheadAvailableFunds-P,0.00,USD,DUM165609
[2026-04-08 16:33:42] DEBUG    | ib_insync.client       | <<< 6,2,LookAheadAvailableFunds-S,239045.10,USD,DUM165609
[2026-04-08 16:33:42] DEBUG    | ib_insync.client       | <<< 6,2,LookAheadExcessLiquidity,240266.19,USD,DUM165609
[2026-04-08 16:33:42] DEBUG    | ib_insync.client       | <<< 6,2,LookAheadExcessLiquidity-P,0.00,USD,DUM165609
[2026-04-08 16:33:42] DEBUG    | ib_insync.client       | <<< 6,2,LookAheadExcessLiquidity-S,240266.19,USD,DUM165609
[2026-04-08 16:33:42] DEBUG    | ib_insync.client       | <<< 6,2,LookAheadInitMarginReq,6460.13,USD,DUM165609
[2026-04-08 16:33:42] DEBUG    | ib_insync.client       | <<< 6,2,LookAheadInitMarginReq-P,0.00,USD,DUM165609
[2026-04-08 16:33:42] DEBUG    | ib_insync.client       | <<< 6,2,LookAheadInitMarginReq-S,6460.13,USD,DUM165609
[2026-04-08 16:33:42] DEBUG    | ib_insync.client       | <<< 6,2,LookAheadMaintMarginReq,5239.03,USD,DUM165609
[2026-04-08 16:33:42] DEBUG    | ib_insync.client       | <<< 6,2,LookAheadMaintMarginReq-P,0.00,USD,DUM165609
[2026-04-08 16:33:42] DEBUG    | ib_insync.client       | <<< 6,2,LookAheadMaintMarginReq-S,5239.03,USD,DUM165609
[2026-04-08 16:33:42] DEBUG    | ib_insync.client       | <<< 6,2,LookAheadNextChange,1775655000,,DUM165609
[2026-04-08 16:33:42] DEBUG    | ib_insync.client       | <<< 6,2,MaintMarginReq,7484.32,USD,DUM165609
[2026-04-08 16:33:42] DEBUG    | ib_insync.client       | <<< 6,2,MaintMarginReq-P,0.00,USD,DUM165609
[2026-04-08 16:33:42] DEBUG    | ib_insync.client       | <<< 6,2,MaintMarginReq-S,7484.32,USD,DUM165609
[2026-04-08 16:33:42] DEBUG    | ib_insync.client       | <<< 6,2,MoneyMarketFundValue,0.00,BASE,DUM165609
[2026-04-08 16:33:42] DEBUG    | ib_insync.client       | <<< 6,2,MoneyMarketFundValue,0.00,USD,DUM165609
[2026-04-08 16:33:42] DEBUG    | ib_insync.client       | <<< 6,2,MutualFundValue,0.00,BASE,DUM165609
[2026-04-08 16:33:42] DEBUG    | ib_insync.client       | <<< 6,2,MutualFundValue,0.00,USD,DUM165609
[2026-04-08 16:33:42] DEBUG    | ib_insync.client       | <<< 6,2,NLVAndMarginInReview,false,,DUM165609
[2026-04-08 16:33:42] DEBUG    | ib_insync.client       | <<< 6,2,NetDividend,0.00,BASE,DUM165609
[2026-04-08 16:33:42] DEBUG    | ib_insync.client       | <<< 6,2,NetDividend,0.00,USD,DUM165609
[2026-04-08 16:33:42] DEBUG    | ib_insync.client       | <<< 6,2,NetLiquidation,245505.22,USD,DUM165609
[2026-04-08 16:33:42] DEBUG    | ib_insync.client       | <<< 6,2,NetLiquidation-P,0.00,USD,DUM165609
[2026-04-08 16:33:42] DEBUG    | ib_insync.client       | <<< 6,2,NetLiquidation-S,245505.22,USD,DUM165609
[2026-04-08 16:33:42] DEBUG    | ib_insync.client       | <<< 6,2,NetLiquidationByCurrency,245505.2215,BASE,DUM165609
[2026-04-08 16:33:42] DEBUG    | ib_insync.client       | <<< 6,2,NetLiquidationByCurrency,245505.2215,USD,DUM165609
[2026-04-08 16:33:42] DEBUG    | ib_insync.client       | <<< 6,2,NetLiquidationUncertainty,0.00,USD,DUM165609
[2026-04-08 16:33:42] DEBUG    | ib_insync.client       | <<< 6,2,OptionMarketValue,0.00,BASE,DUM165609
[2026-04-08 16:33:42] DEBUG    | ib_insync.client       | <<< 6,2,OptionMarketValue,0.00,USD,DUM165609
[2026-04-08 16:33:42] DEBUG    | ib_insync.client       | <<< 6,2,PASharesValue,0.00,USD,DUM165609
[2026-04-08 16:33:42] DEBUG    | ib_insync.client       | <<< 6,2,PASharesValue-P,0.00,USD,DUM165609
[2026-04-08 16:33:42] DEBUG    | ib_insync.client       | <<< 6,2,PASharesValue-S,0.00,USD,DUM165609
[2026-04-08 16:33:42] DEBUG    | ib_insync.client       | <<< 6,2,PhysicalCertificateValue,0.00,USD,DUM165609
[2026-04-08 16:33:42] DEBUG    | ib_insync.client       | <<< 6,2,PhysicalCertificateValue-P,0.00,USD,DUM165609
[2026-04-08 16:33:42] DEBUG    | ib_insync.client       | <<< 6,2,PhysicalCertificateValue-S,0.00,USD,DUM165609
[2026-04-08 16:33:42] DEBUG    | ib_insync.client       | <<< 6,2,PostExpirationExcess,0.00,USD,DUM165609
[2026-04-08 16:33:42] DEBUG    | ib_insync.client       | <<< 6,2,PostExpirationExcess-P,0.00,USD,DUM165609
[2026-04-08 16:33:42] DEBUG    | ib_insync.client       | <<< 6,2,PostExpirationExcess-S,0.00,USD,DUM165609
[2026-04-08 16:33:42] DEBUG    | ib_insync.client       | <<< 6,2,PostExpirationMargin,0.00,USD,DUM165609
[2026-04-08 16:33:42] DEBUG    | ib_insync.client       | <<< 6,2,PostExpirationMargin-P,0.00,USD,DUM165609
[2026-04-08 16:33:42] DEBUG    | ib_insync.client       | <<< 6,2,PostExpirationMargin-S,0.00,USD,DUM165609
[2026-04-08 16:33:42] DEBUG    | ib_insync.client       | <<< 6,2,RealCurrency,BASE,BASE,DUM165609
[2026-04-08 16:33:42] DEBUG    | ib_insync.client       | <<< 6,2,RealCurrency,USD,USD,DUM165609
[2026-04-08 16:33:42] DEBUG    | ib_insync.client       | <<< 6,2,RealizedPnL,0.00,BASE,DUM165609
[2026-04-08 16:33:42] DEBUG    | ib_insync.client       | <<< 6,2,RealizedPnL,0.00,USD,DUM165609
[2026-04-08 16:33:42] DEBUG    | ib_insync.client       | <<< 6,2,SegmentTitle-P,Crypto at Paxos,,DUM165609
[2026-04-08 16:33:42] DEBUG    | ib_insync.client       | <<< 6,2,SegmentTitle-S,Securities,,DUM165609
[2026-04-08 16:33:42] DEBUG    | ib_insync.client       | <<< 6,2,SettledCashByDate,20260408:242708.54;20260409:245383.79146485,,DUM165609
[2026-04-08 16:33:42] DEBUG    | ib_insync.client       | <<< 6,2,SettledCashByDate-P,20260408:0,,DUM165609
[2026-04-08 16:33:42] DEBUG    | ib_insync.client       | <<< 6,2,SettledCashByDate-S,20260408:242708.54;20260409:245383.79146485,,DUM165609
[2026-04-08 16:33:42] DEBUG    | ib_insync.client       | <<< 6,2,StockMarketValue,0.00,BASE,DUM165609
[2026-04-08 16:33:42] DEBUG    | ib_insync.client       | <<< 6,2,StockMarketValue,0.00,USD,DUM165609
[2026-04-08 16:33:42] DEBUG    | ib_insync.client       | <<< 6,2,TBillValue,0.00,BASE,DUM165609
[2026-04-08 16:33:42] DEBUG    | ib_insync.client       | <<< 6,2,TBillValue,0.00,USD,DUM165609
[2026-04-08 16:33:42] DEBUG    | ib_insync.client       | <<< 6,2,TBondValue,0.00,BASE,DUM165609
[2026-04-08 16:33:42] DEBUG    | ib_insync.client       | <<< 6,2,TBondValue,0.00,USD,DUM165609
[2026-04-08 16:33:42] DEBUG    | ib_insync.client       | <<< 6,2,TotalCashBalance,245383.7915,BASE,DUM165609
[2026-04-08 16:33:42] DEBUG    | ib_insync.client       | <<< 6,2,TotalCashBalance,245383.7915,USD,DUM165609
[2026-04-08 16:33:42] DEBUG    | ib_insync.client       | <<< 6,2,TotalCashValue,245383.79,USD,DUM165609
[2026-04-08 16:33:42] DEBUG    | ib_insync.client       | <<< 6,2,TotalCashValue-P,0.00,USD,DUM165609
[2026-04-08 16:33:42] DEBUG    | ib_insync.client       | <<< 6,2,TotalCashValue-S,245383.79,USD,DUM165609
[2026-04-08 16:33:42] DEBUG    | ib_insync.client       | <<< 6,2,TotalDebitCardPendingCharges,0.00,USD,DUM165609
[2026-04-08 16:33:42] DEBUG    | ib_insync.client       | <<< 6,2,TotalDebitCardPendingCharges-P,0.00,USD,DUM165609
[2026-04-08 16:33:42] DEBUG    | ib_insync.client       | <<< 6,2,TotalDebitCardPendingCharges-S,0.00,USD,DUM165609
[2026-04-08 16:33:42] DEBUG    | ib_insync.client       | <<< 6,2,TradingType-S,STKNOPT,,DUM165609
[2026-04-08 16:33:42] DEBUG    | ib_insync.client       | <<< 6,2,UnrealizedPnL,2842.14,BASE,DUM165609
[2026-04-08 16:33:42] DEBUG    | ib_insync.client       | <<< 6,2,UnrealizedPnL,2842.14,USD,DUM165609
[2026-04-08 16:33:42] DEBUG    | ib_insync.client       | <<< 6,2,WarrantValue,0.00,BASE,DUM165609
[2026-04-08 16:33:42] DEBUG    | ib_insync.client       | <<< 6,2,WarrantValue,0.00,USD,DUM165609
[2026-04-08 16:33:42] DEBUG    | ib_insync.client       | <<< 7,8,770561194,MES,FUT,20260618,0,0,5,CME,USD,MESM6,MES,3,6835.10009765,102526.5,33228.12,2842.14,0.0,DUM165609
[2026-04-08 16:33:42] INFO     | ib_insync.wrapper      | updatePortfolio: PortfolioItem(contract=Future(conId=770561194, symbol='MES', lastTradeDateOrContractMonth='20260618', right='0', multiplier='5', primaryExchange='CME', currency='USD', localSymbol='MESM6', tradingClass='MES'), position=3.0, marketPrice=6835.10009765, marketValue=102526.5, averageCost=33228.12, unrealizedPNL=2842.14, realizedPNL=0.0, account='DUM165609')
[2026-04-08 16:33:42] DEBUG    | ib_insync.client       | <<< 8,1,16:27
[2026-04-08 16:33:42] DEBUG    | ib_insync.client       | <<< 8,1,16:27
[2026-04-08 16:33:42] DEBUG    | ib_insync.client       | <<< 54,1,DUM165609
[2026-04-08 16:33:47] DEBUG    | ib_insync.client       | <<< 4,2,-1,1100,Connectivity between IBKR and Trader Workstation has been lost.,
[2026-04-08 16:33:47] ERROR    | ib_insync.wrapper      | Error 1100, reqId -1: Connectivity between IBKR and Trader Workstation has been lost.
[2026-04-08 16:33:51] INFO     | ib_insync.client       | Disconnecting
[2026-04-08 16:33:51] ERROR    | ib_insync.client       | API connection failed: TimeoutError()
[2026-04-08 16:33:51] WARNING  | trading.broker         | Connection attempt 1 failed: 
[2026-04-08 16:33:54] ERROR    | ib_insync.client       | Peer closed connection.
[2026-04-08 16:33:54] WARNING  | trading.broker         | Connection attempt 2 failed: Socket disconnect
[2026-04-08 16:33:56] INFO     | trading.broker         | Connecting to IBKR 127.0.0.1:4002 (attempt 2/3)
[2026-04-08 16:33:56] INFO     | ib_insync.client       | Connecting to 127.0.0.1:4002 with clientId 27...
[2026-04-08 16:33:56] INFO     | ib_insync.client       | Disconnecting
[2026-04-08 16:33:56] ERROR    | ib_insync.client       | API connection failed: ConnectionRefusedError(61, "Connect call failed ('127.0.0.1', 4002)")
[2026-04-08 16:33:56] ERROR    | ib_insync.client       | Make sure API port on TWS/IBG is open
[2026-04-08 16:33:56] WARNING  | trading.broker         | Connection attempt 2 failed: [Errno 61] Connect call failed ('127.0.0.1', 4002)
[2026-04-08 16:33:59] INFO     | trading.broker         | Connecting to IBKR 127.0.0.1:4002 (attempt 3/3)
[2026-04-08 16:33:59] INFO     | ib_insync.client       | Connecting to 127.0.0.1:4002 with clientId 27...
[2026-04-08 16:33:59] INFO     | ib_insync.client       | Disconnecting
[2026-04-08 16:33:59] ERROR    | ib_insync.client       | API connection failed: ConnectionRefusedError(61, "Connect call failed ('127.0.0.1', 4002)")
[2026-04-08 16:33:59] ERROR    | ib_insync.client       | Make sure API port on TWS/IBG is open
[2026-04-08 16:33:59] WARNING  | trading.broker         | Connection attempt 3 failed: [Errno 61] Connect call failed ('127.0.0.1', 4002)
[2026-04-08 16:33:59] CRITICAL | trading.main           | Could not connect to IBKR — aborting
[2026-04-08 16:33:59] INFO     | trading.broker         | Disconnected from IBKR
[2026-04-08 16:33:59] INFO     | trading.db             | Database connection closed
[2026-04-08 16:34:01] INFO     | trading.broker         | Connecting to IBKR 127.0.0.1:4002 (attempt 3/3)
[2026-04-08 16:34:01] INFO     | ib_insync.client       | Connecting to 127.0.0.1:4002 with clientId 27...
[2026-04-08 16:34:01] INFO     | ib_insync.client       | Disconnecting
[2026-04-08 16:34:01] ERROR    | ib_insync.client       | API connection failed: ConnectionRefusedError(61, "Connect call failed ('127.0.0.1', 4002)")
[2026-04-08 16:34:01] ERROR    | ib_insync.client       | Make sure API port on TWS/IBG is open
[2026-04-08 16:34:01] WARNING  | trading.broker         | Connection attempt 3 failed: [Errno 61] Connect call failed ('127.0.0.1', 4002)
[2026-04-08 16:34:01] CRITICAL | trading.main           | Could not connect to IBKR — aborting
[2026-04-08 16:34:01] INFO     | trading.broker         | Disconnected from IBKR
[2026-04-08 16:34:01] INFO     | trading.db             | Database connection closed
[2026-04-08 16:34:33] DEBUG    | asyncio                | Using selector: KqueueSelector
[2026-04-08 16:34:33] INFO     | trading.main           | ============================================================
[2026-04-08 16:34:33] INFO     | trading.main           |   TRADING FRAMEWORK – STARTING
[2026-04-08 16:34:33] INFO     | trading.main           | ============================================================
[2026-04-08 16:34:33] INFO     | trading.db             | Database ready at /Users/rishabhmaniyar/Downloads/trading_framework/data/trading.db
[2026-04-08 16:34:33] INFO     | trading.broker         | Connecting to IBKR 127.0.0.1:4002 (attempt 1/3)
[2026-04-08 16:34:33] INFO     | ib_insync.client       | Connecting to 127.0.0.1:4002 with clientId 27...
[2026-04-08 16:34:33] INFO     | ib_insync.client       | Connected
[2026-04-08 16:34:33] DEBUG    | ib_insync.client       | <<< 176,20260408 16:34:33 India Standard Time
[2026-04-08 16:34:33] DEBUG    | ib_insync.client       | >>> 71,2,27,
[2026-04-08 16:34:33] INFO     | ib_insync.client       | Logged on to server version 176
[2026-04-08 16:34:33] DEBUG    | ib_insync.client       | <<< 15,1,DUM165609
[2026-04-08 16:34:33] DEBUG    | ib_insync.client       | <<< 9,1,1
[2026-04-08 16:34:33] INFO     | ib_insync.client       | API connection ready
[2026-04-08 16:34:33] DEBUG    | ib_insync.client       | >>> 61,1
[2026-04-08 16:34:33] DEBUG    | ib_insync.client       | >>> 5,1
[2026-04-08 16:34:33] DEBUG    | ib_insync.client       | >>> 99,0
[2026-04-08 16:34:33] DEBUG    | ib_insync.client       | >>> 6,2,1,DUM165609
[2026-04-08 16:34:33] DEBUG    | ib_insync.client       | >>> 76,1,1,DUM165609,,0
[2026-04-08 16:34:33] DEBUG    | ib_insync.client       | <<< 4,2,-1,2104,Market data farm connection is OK:usfarm,
[2026-04-08 16:34:33] INFO     | ib_insync.wrapper      | Warning 2104, reqId -1: Market data farm connection is OK:usfarm
[2026-04-08 16:34:33] DEBUG    | ib_insync.client       | <<< 4,2,-1,2106,HMDS data farm connection is OK:ushmds,
[2026-04-08 16:34:33] INFO     | ib_insync.wrapper      | Warning 2106, reqId -1: HMDS data farm connection is OK:ushmds
[2026-04-08 16:34:33] DEBUG    | ib_insync.client       | <<< 4,2,-1,2158,Sec-def data farm connection is OK:secdefil,
[2026-04-08 16:34:33] INFO     | ib_insync.wrapper      | Warning 2158, reqId -1: Sec-def data farm connection is OK:secdefil
[2026-04-08 16:34:33] DEBUG    | ib_insync.client       | <<< 61,3,DUM165609,770561194,MES,FUT,20260618,0.0,,5,,USD,MESM6,MES,3,33228.12
[2026-04-08 16:34:33] INFO     | ib_insync.wrapper      | position: Position(account='DUM165609', contract=Future(conId=770561194, symbol='MES', lastTradeDateOrContractMonth='20260618', multiplier='5', currency='USD', localSymbol='MESM6', tradingClass='MES'), position=3.0, avgCost=33228.12)
[2026-04-08 16:34:33] DEBUG    | ib_insync.client       | <<< 62,1
[2026-04-08 16:34:33] DEBUG    | ib_insync.client       | <<< 53,1
[2026-04-08 16:34:34] DEBUG    | ib_insync.client       | <<< 6,2,AccountCode,DUM165609,,DUM165609
[2026-04-08 16:34:34] DEBUG    | ib_insync.client       | <<< 6,2,AccountOrGroup,DUM165609,BASE,DUM165609
[2026-04-08 16:34:34] DEBUG    | ib_insync.client       | <<< 6,2,AccountOrGroup,DUM165609,USD,DUM165609
[2026-04-08 16:34:34] DEBUG    | ib_insync.client       | <<< 6,2,AccountReady,true,,DUM165609
[2026-04-08 16:34:34] DEBUG    | ib_insync.client       | <<< 6,2,AccountType,CORPORATION,,DUM165609
[2026-04-08 16:34:34] DEBUG    | ib_insync.client       | <<< 6,2,AccruedCash,121.43,BASE,DUM165609
[2026-04-08 16:34:34] DEBUG    | ib_insync.client       | <<< 6,2,AccruedCash,121.43,USD,DUM165609
[2026-04-08 16:34:34] DEBUG    | ib_insync.client       | <<< 6,2,AccruedCash-P,0.00,USD,DUM165609
[2026-04-08 16:34:34] DEBUG    | ib_insync.client       | <<< 6,2,AccruedCash-S,121.43,USD,DUM165609
[2026-04-08 16:34:34] DEBUG    | ib_insync.client       | <<< 6,2,AccruedDividend,0.00,USD,DUM165609
[2026-04-08 16:34:34] DEBUG    | ib_insync.client       | <<< 6,2,AccruedDividend-P,0.00,USD,DUM165609
[2026-04-08 16:34:34] DEBUG    | ib_insync.client       | <<< 6,2,AccruedDividend-S,0.00,USD,DUM165609
[2026-04-08 16:34:34] DEBUG    | ib_insync.client       | <<< 6,2,AvailableFunds,236245.74,USD,DUM165609
[2026-04-08 16:34:34] DEBUG    | ib_insync.client       | <<< 6,2,AvailableFunds-P,0.00,USD,DUM165609
[2026-04-08 16:34:34] DEBUG    | ib_insync.client       | <<< 6,2,AvailableFunds-S,236245.74,USD,DUM165609
[2026-04-08 16:34:34] DEBUG    | ib_insync.client       | <<< 6,2,Billable,0.00,USD,DUM165609
[2026-04-08 16:34:34] DEBUG    | ib_insync.client       | <<< 6,2,Billable-P,0.00,USD,DUM165609
[2026-04-08 16:34:34] DEBUG    | ib_insync.client       | <<< 6,2,Billable-S,0.00,USD,DUM165609
[2026-04-08 16:34:34] DEBUG    | ib_insync.client       | <<< 6,2,BuyingPower,1574971.62,USD,DUM165609
[2026-04-08 16:34:34] DEBUG    | ib_insync.client       | <<< 6,2,CashBalance,245348.54,BASE,DUM165609
[2026-04-08 16:34:34] DEBUG    | ib_insync.client       | <<< 6,2,CashBalance,245348.54,USD,DUM165609
[2026-04-08 16:34:34] DEBUG    | ib_insync.client       | <<< 6,2,ColumnPrio-P,5,,DUM165609
[2026-04-08 16:34:34] DEBUG    | ib_insync.client       | <<< 6,2,ColumnPrio-S,1,,DUM165609
[2026-04-08 16:34:34] DEBUG    | ib_insync.client       | <<< 6,2,CorporateBondValue,0.00,BASE,DUM165609
[2026-04-08 16:34:34] DEBUG    | ib_insync.client       | <<< 6,2,CorporateBondValue,0.00,USD,DUM165609
[2026-04-08 16:34:34] DEBUG    | ib_insync.client       | <<< 6,2,Cryptocurrency,0.00,BASE,DUM165609
[2026-04-08 16:34:34] DEBUG    | ib_insync.client       | <<< 6,2,Cryptocurrency,0.00,USD,DUM165609
[2026-04-08 16:34:34] DEBUG    | ib_insync.client       | <<< 6,2,Currency,BASE,BASE,DUM165609
[2026-04-08 16:34:34] DEBUG    | ib_insync.client       | <<< 6,2,Currency,USD,USD,DUM165609
[2026-04-08 16:34:34] DEBUG    | ib_insync.client       | <<< 6,2,Cushion,0.96952,,DUM165609
[2026-04-08 16:34:34] DEBUG    | ib_insync.client       | <<< 6,2,EquityWithLoanValue,245469.96,USD,DUM165609
[2026-04-08 16:34:34] DEBUG    | ib_insync.client       | <<< 6,2,EquityWithLoanValue-P,0.00,USD,DUM165609
[2026-04-08 16:34:34] DEBUG    | ib_insync.client       | <<< 6,2,EquityWithLoanValue-S,245469.96,USD,DUM165609
[2026-04-08 16:34:34] DEBUG    | ib_insync.client       | <<< 6,2,ExcessLiquidity,237988.11,USD,DUM165609
[2026-04-08 16:34:34] DEBUG    | ib_insync.client       | <<< 6,2,ExcessLiquidity-P,0.00,USD,DUM165609
[2026-04-08 16:34:34] DEBUG    | ib_insync.client       | <<< 6,2,ExcessLiquidity-S,237988.11,USD,DUM165609
[2026-04-08 16:34:34] DEBUG    | ib_insync.client       | <<< 6,2,ExchangeRate,1.00,BASE,DUM165609
[2026-04-08 16:34:34] DEBUG    | ib_insync.client       | <<< 6,2,ExchangeRate,1.00,USD,DUM165609
[2026-04-08 16:34:34] DEBUG    | ib_insync.client       | <<< 6,2,FullAvailableFunds,236245.74,USD,DUM165609
[2026-04-08 16:34:34] DEBUG    | ib_insync.client       | <<< 6,2,FullAvailableFunds-P,0.00,USD,DUM165609
[2026-04-08 16:34:34] DEBUG    | ib_insync.client       | <<< 6,2,FullAvailableFunds-S,236245.74,USD,DUM165609
[2026-04-08 16:34:34] DEBUG    | ib_insync.client       | <<< 6,2,FullExcessLiquidity,237988.11,USD,DUM165609
[2026-04-08 16:34:34] DEBUG    | ib_insync.client       | <<< 6,2,FullExcessLiquidity-P,0.00,USD,DUM165609
[2026-04-08 16:34:34] DEBUG    | ib_insync.client       | <<< 6,2,FullExcessLiquidity-S,237988.11,USD,DUM165609
[2026-04-08 16:34:34] DEBUG    | ib_insync.client       | <<< 6,2,FullInitMarginReq,9224.21,USD,DUM165609
[2026-04-08 16:34:34] DEBUG    | ib_insync.client       | <<< 6,2,FullInitMarginReq-P,0.00,USD,DUM165609
[2026-04-08 16:34:34] DEBUG    | ib_insync.client       | <<< 6,2,FullInitMarginReq-S,9224.21,USD,DUM165609
[2026-04-08 16:34:34] DEBUG    | ib_insync.client       | <<< 6,2,FullMaintMarginReq,7481.86,USD,DUM165609
[2026-04-08 16:34:34] DEBUG    | ib_insync.client       | <<< 6,2,FullMaintMarginReq-P,0.00,USD,DUM165609
[2026-04-08 16:34:34] DEBUG    | ib_insync.client       | <<< 6,2,FullMaintMarginReq-S,7481.86,USD,DUM165609
[2026-04-08 16:34:34] DEBUG    | ib_insync.client       | <<< 6,2,FundValue,0.00,BASE,DUM165609
[2026-04-08 16:34:34] DEBUG    | ib_insync.client       | <<< 6,2,FundValue,0.00,USD,DUM165609
[2026-04-08 16:34:34] DEBUG    | ib_insync.client       | <<< 6,2,FutureOptionValue,0.00,BASE,DUM165609
[2026-04-08 16:34:34] DEBUG    | ib_insync.client       | <<< 6,2,FutureOptionValue,0.00,USD,DUM165609
[2026-04-08 16:34:34] DEBUG    | ib_insync.client       | <<< 6,2,FuturesPNL,2640.00,BASE,DUM165609
[2026-04-08 16:34:34] DEBUG    | ib_insync.client       | <<< 6,2,FuturesPNL,2640.00,USD,DUM165609
[2026-04-08 16:34:34] DEBUG    | ib_insync.client       | <<< 6,2,FxCashBalance,0.00,BASE,DUM165609
[2026-04-08 16:34:34] DEBUG    | ib_insync.client       | <<< 6,2,FxCashBalance,0.00,USD,DUM165609
[2026-04-08 16:34:34] DEBUG    | ib_insync.client       | <<< 6,2,GrossPositionValue,0.00,USD,DUM165609
[2026-04-08 16:34:34] DEBUG    | ib_insync.client       | <<< 6,2,GrossPositionValue-S,0.00,USD,DUM165609
[2026-04-08 16:34:34] DEBUG    | ib_insync.client       | <<< 6,2,Guarantee,0.00,USD,DUM165609
[2026-04-08 16:34:34] DEBUG    | ib_insync.client       | <<< 6,2,Guarantee-P,0.00,USD,DUM165609
[2026-04-08 16:34:34] DEBUG    | ib_insync.client       | <<< 6,2,Guarantee-S,0.00,USD,DUM165609
[2026-04-08 16:34:34] DEBUG    | ib_insync.client       | <<< 6,2,IncentiveCoupons,0.00,USD,DUM165609
[2026-04-08 16:34:34] DEBUG    | ib_insync.client       | <<< 6,2,IncentiveCoupons-P,0.00,USD,DUM165609
[2026-04-08 16:34:34] DEBUG    | ib_insync.client       | <<< 6,2,IncentiveCoupons-S,0.00,USD,DUM165609
[2026-04-08 16:34:34] DEBUG    | ib_insync.client       | <<< 6,2,IndianStockHaircut,0.00,USD,DUM165609
[2026-04-08 16:34:34] DEBUG    | ib_insync.client       | <<< 6,2,IndianStockHaircut-P,0.00,USD,DUM165609
[2026-04-08 16:34:34] DEBUG    | ib_insync.client       | <<< 6,2,IndianStockHaircut-S,0.00,USD,DUM165609
[2026-04-08 16:34:34] DEBUG    | ib_insync.client       | <<< 6,2,InitMarginReq,9224.21,USD,DUM165609
[2026-04-08 16:34:34] DEBUG    | ib_insync.client       | <<< 6,2,InitMarginReq-P,0.00,USD,DUM165609
[2026-04-08 16:34:34] DEBUG    | ib_insync.client       | <<< 6,2,InitMarginReq-S,9224.21,USD,DUM165609
[2026-04-08 16:34:34] DEBUG    | ib_insync.client       | <<< 6,2,IssuerOptionValue,0.00,BASE,DUM165609
[2026-04-08 16:34:34] DEBUG    | ib_insync.client       | <<< 6,2,IssuerOptionValue,0.00,USD,DUM165609
[2026-04-08 16:34:34] DEBUG    | ib_insync.client       | <<< 6,2,Leverage-S,0.00,,DUM165609
[2026-04-08 16:34:34] DEBUG    | ib_insync.client       | <<< 6,2,LookAheadAvailableFunds,239013.01,USD,DUM165609
[2026-04-08 16:34:34] DEBUG    | ib_insync.client       | <<< 6,2,LookAheadAvailableFunds-P,0.00,USD,DUM165609
[2026-04-08 16:34:34] DEBUG    | ib_insync.client       | <<< 6,2,LookAheadAvailableFunds-S,239013.01,USD,DUM165609
[2026-04-08 16:34:34] DEBUG    | ib_insync.client       | <<< 6,2,LookAheadExcessLiquidity,240232.67,USD,DUM165609
[2026-04-08 16:34:34] DEBUG    | ib_insync.client       | <<< 6,2,LookAheadExcessLiquidity-P,0.00,USD,DUM165609
[2026-04-08 16:34:34] DEBUG    | ib_insync.client       | <<< 6,2,LookAheadExcessLiquidity-S,240232.67,USD,DUM165609
[2026-04-08 16:34:34] DEBUG    | ib_insync.client       | <<< 6,2,LookAheadInitMarginReq,6456.95,USD,DUM165609
[2026-04-08 16:34:34] DEBUG    | ib_insync.client       | <<< 6,2,LookAheadInitMarginReq-P,0.00,USD,DUM165609
[2026-04-08 16:34:34] DEBUG    | ib_insync.client       | <<< 6,2,LookAheadInitMarginReq-S,6456.95,USD,DUM165609
[2026-04-08 16:34:34] DEBUG    | ib_insync.client       | <<< 6,2,LookAheadMaintMarginReq,5237.30,USD,DUM165609
[2026-04-08 16:34:34] DEBUG    | ib_insync.client       | <<< 6,2,LookAheadMaintMarginReq-P,0.00,USD,DUM165609
[2026-04-08 16:34:34] DEBUG    | ib_insync.client       | <<< 6,2,LookAheadMaintMarginReq-S,5237.30,USD,DUM165609
[2026-04-08 16:34:34] DEBUG    | ib_insync.client       | <<< 6,2,LookAheadNextChange,1775655000,,DUM165609
[2026-04-08 16:34:34] DEBUG    | ib_insync.client       | <<< 6,2,MaintMarginReq,7481.86,USD,DUM165609
[2026-04-08 16:34:34] DEBUG    | ib_insync.client       | <<< 6,2,MaintMarginReq-P,0.00,USD,DUM165609
[2026-04-08 16:34:34] DEBUG    | ib_insync.client       | <<< 6,2,MaintMarginReq-S,7481.86,USD,DUM165609
[2026-04-08 16:34:34] DEBUG    | ib_insync.client       | <<< 6,2,MoneyMarketFundValue,0.00,BASE,DUM165609
[2026-04-08 16:34:34] DEBUG    | ib_insync.client       | <<< 6,2,MoneyMarketFundValue,0.00,USD,DUM165609
[2026-04-08 16:34:34] DEBUG    | ib_insync.client       | <<< 6,2,MutualFundValue,0.00,BASE,DUM165609
[2026-04-08 16:34:34] DEBUG    | ib_insync.client       | <<< 6,2,MutualFundValue,0.00,USD,DUM165609
[2026-04-08 16:34:34] DEBUG    | ib_insync.client       | <<< 6,2,NLVAndMarginInReview,false,,DUM165609
[2026-04-08 16:34:34] DEBUG    | ib_insync.client       | <<< 6,2,NetDividend,0.00,BASE,DUM165609
[2026-04-08 16:34:34] DEBUG    | ib_insync.client       | <<< 6,2,NetDividend,0.00,USD,DUM165609
[2026-04-08 16:34:34] DEBUG    | ib_insync.client       | <<< 6,2,NetLiquidation,245469.97,USD,DUM165609
[2026-04-08 16:34:34] DEBUG    | ib_insync.client       | <<< 6,2,NetLiquidation-P,0.00,USD,DUM165609
[2026-04-08 16:34:34] DEBUG    | ib_insync.client       | <<< 6,2,NetLiquidation-S,245469.97,USD,DUM165609
[2026-04-08 16:34:34] DEBUG    | ib_insync.client       | <<< 6,2,NetLiquidationByCurrency,245469.97,BASE,DUM165609
[2026-04-08 16:34:34] DEBUG    | ib_insync.client       | <<< 6,2,NetLiquidationByCurrency,245469.97,USD,DUM165609
[2026-04-08 16:34:34] DEBUG    | ib_insync.client       | <<< 6,2,NetLiquidationUncertainty,0.01,USD,DUM165609
[2026-04-08 16:34:34] DEBUG    | ib_insync.client       | <<< 6,2,OptionMarketValue,0.00,BASE,DUM165609
[2026-04-08 16:34:34] DEBUG    | ib_insync.client       | <<< 6,2,OptionMarketValue,0.00,USD,DUM165609
[2026-04-08 16:34:34] DEBUG    | ib_insync.client       | <<< 6,2,PASharesValue,0.00,USD,DUM165609
[2026-04-08 16:34:34] DEBUG    | ib_insync.client       | <<< 6,2,PASharesValue-P,0.00,USD,DUM165609
[2026-04-08 16:34:34] DEBUG    | ib_insync.client       | <<< 6,2,PASharesValue-S,0.00,USD,DUM165609
[2026-04-08 16:34:34] DEBUG    | ib_insync.client       | <<< 6,2,PhysicalCertificateValue,0.00,USD,DUM165609
[2026-04-08 16:34:34] DEBUG    | ib_insync.client       | <<< 6,2,PhysicalCertificateValue-P,0.00,USD,DUM165609
[2026-04-08 16:34:34] DEBUG    | ib_insync.client       | <<< 6,2,PhysicalCertificateValue-S,0.00,USD,DUM165609
[2026-04-08 16:34:34] DEBUG    | ib_insync.client       | <<< 6,2,PostExpirationExcess,0.00,USD,DUM165609
[2026-04-08 16:34:34] DEBUG    | ib_insync.client       | <<< 6,2,PostExpirationExcess-P,0.00,USD,DUM165609
[2026-04-08 16:34:34] DEBUG    | ib_insync.client       | <<< 6,2,PostExpirationExcess-S,0.00,USD,DUM165609
[2026-04-08 16:34:34] DEBUG    | ib_insync.client       | <<< 6,2,PostExpirationMargin,0.00,USD,DUM165609
[2026-04-08 16:34:34] DEBUG    | ib_insync.client       | <<< 6,2,PostExpirationMargin-P,0.00,USD,DUM165609
[2026-04-08 16:34:34] DEBUG    | ib_insync.client       | <<< 6,2,PostExpirationMargin-S,0.00,USD,DUM165609
[2026-04-08 16:34:34] DEBUG    | ib_insync.client       | <<< 6,2,RealCurrency,BASE,BASE,DUM165609
[2026-04-08 16:34:34] DEBUG    | ib_insync.client       | <<< 6,2,RealCurrency,USD,USD,DUM165609
[2026-04-08 16:34:34] DEBUG    | ib_insync.client       | <<< 6,2,RealizedPnL,0.00,BASE,DUM165609
[2026-04-08 16:34:34] DEBUG    | ib_insync.client       | <<< 6,2,RealizedPnL,0.00,USD,DUM165609
[2026-04-08 16:34:34] DEBUG    | ib_insync.client       | <<< 6,2,SegmentTitle-P,Crypto at Paxos,,DUM165609
[2026-04-08 16:34:34] DEBUG    | ib_insync.client       | <<< 6,2,SegmentTitle-S,Securities,,DUM165609
[2026-04-08 16:34:34] DEBUG    | ib_insync.client       | <<< 6,2,SettledCashByDate,20260408:242708.54;20260409:245348.54000001,,DUM165609
[2026-04-08 16:34:34] DEBUG    | ib_insync.client       | <<< 6,2,SettledCashByDate-P,20260408:0,,DUM165609
[2026-04-08 16:34:34] DEBUG    | ib_insync.client       | <<< 6,2,SettledCashByDate-S,20260408:242708.54;20260409:245348.54000001,,DUM165609
[2026-04-08 16:34:34] DEBUG    | ib_insync.client       | <<< 6,2,StockMarketValue,0.00,BASE,DUM165609
[2026-04-08 16:34:34] DEBUG    | ib_insync.client       | <<< 6,2,StockMarketValue,0.00,USD,DUM165609
[2026-04-08 16:34:34] DEBUG    | ib_insync.client       | <<< 6,2,TBillValue,0.00,BASE,DUM165609
[2026-04-08 16:34:34] DEBUG    | ib_insync.client       | <<< 6,2,TBillValue,0.00,USD,DUM165609
[2026-04-08 16:34:34] DEBUG    | ib_insync.client       | <<< 6,2,TBondValue,0.00,BASE,DUM165609
[2026-04-08 16:34:34] DEBUG    | ib_insync.client       | <<< 6,2,TBondValue,0.00,USD,DUM165609
[2026-04-08 16:34:34] DEBUG    | ib_insync.client       | <<< 6,2,TotalCashBalance,245348.54,BASE,DUM165609
[2026-04-08 16:34:34] DEBUG    | ib_insync.client       | <<< 6,2,TotalCashBalance,245348.54,USD,DUM165609
[2026-04-08 16:34:34] DEBUG    | ib_insync.client       | <<< 6,2,TotalCashValue,245348.54,USD,DUM165609
[2026-04-08 16:34:34] DEBUG    | ib_insync.client       | <<< 6,2,TotalCashValue-P,0.00,USD,DUM165609
[2026-04-08 16:34:34] DEBUG    | ib_insync.client       | <<< 6,2,TotalCashValue-S,245348.54,USD,DUM165609
[2026-04-08 16:34:34] DEBUG    | ib_insync.client       | <<< 6,2,TotalDebitCardPendingCharges,0.00,USD,DUM165609
[2026-04-08 16:34:34] DEBUG    | ib_insync.client       | <<< 6,2,TotalDebitCardPendingCharges-P,0.00,USD,DUM165609
[2026-04-08 16:34:34] DEBUG    | ib_insync.client       | <<< 6,2,TotalDebitCardPendingCharges-S,0.00,USD,DUM165609
[2026-04-08 16:34:34] DEBUG    | ib_insync.client       | <<< 6,2,TradingType-S,STKNOPT,,DUM165609
[2026-04-08 16:34:34] DEBUG    | ib_insync.client       | <<< 6,2,UnrealizedPnL,2806.89,BASE,DUM165609
[2026-04-08 16:34:34] DEBUG    | ib_insync.client       | <<< 6,2,UnrealizedPnL,2806.89,USD,DUM165609
[2026-04-08 16:34:34] DEBUG    | ib_insync.client       | <<< 6,2,WarrantValue,0.00,BASE,DUM165609
[2026-04-08 16:34:34] DEBUG    | ib_insync.client       | <<< 6,2,WarrantValue,0.00,USD,DUM165609
[2026-04-08 16:34:34] DEBUG    | ib_insync.client       | <<< 7,8,770561194,MES,FUT,20260618,0,0,5,CME,USD,MESM6,MES,3,6832.75,102491.25,33228.12,2806.89,0.0,DUM165609
[2026-04-08 16:34:34] INFO     | ib_insync.wrapper      | updatePortfolio: PortfolioItem(contract=Future(conId=770561194, symbol='MES', lastTradeDateOrContractMonth='20260618', right='0', multiplier='5', primaryExchange='CME', currency='USD', localSymbol='MESM6', tradingClass='MES'), position=3.0, marketPrice=6832.75, marketValue=102491.25, averageCost=33228.12, unrealizedPNL=2806.89, realizedPNL=0.0, account='DUM165609')
[2026-04-08 16:34:34] DEBUG    | ib_insync.client       | <<< 8,1,16:33
[2026-04-08 16:34:34] DEBUG    | ib_insync.client       | <<< 8,1,16:33
[2026-04-08 16:34:34] DEBUG    | ib_insync.client       | <<< 54,1,DUM165609
[2026-04-08 16:34:34] DEBUG    | ib_insync.client       | <<< 73,1,1,DUM165609,,AccountCode,DUM165609,
[2026-04-08 16:34:34] DEBUG    | ib_insync.client       | <<< 73,1,1,DUM165609,,AccountReady,true,
[2026-04-08 16:34:34] DEBUG    | ib_insync.client       | <<< 73,1,1,DUM165609,,AccountType,CORPORATION,
[2026-04-08 16:34:34] DEBUG    | ib_insync.client       | <<< 73,1,1,DUM165609,,AccruedCash,121.43,USD
[2026-04-08 16:34:34] DEBUG    | ib_insync.client       | <<< 73,1,1,DUM165609,,AccruedCash-P,0.00,USD
[2026-04-08 16:34:34] DEBUG    | ib_insync.client       | <<< 73,1,1,DUM165609,,AccruedCash-S,121.43,USD
[2026-04-08 16:34:34] DEBUG    | ib_insync.client       | <<< 73,1,1,DUM165609,,AccruedDividend,0.00,USD
[2026-04-08 16:34:34] DEBUG    | ib_insync.client       | <<< 73,1,1,DUM165609,,AccruedDividend-P,0.00,USD
[2026-04-08 16:34:34] DEBUG    | ib_insync.client       | <<< 73,1,1,DUM165609,,AccruedDividend-S,0.00,USD
[2026-04-08 16:34:34] DEBUG    | ib_insync.client       | <<< 73,1,1,DUM165609,,AvailableFunds,236245.74,USD
[2026-04-08 16:34:34] DEBUG    | ib_insync.client       | <<< 73,1,1,DUM165609,,AvailableFunds-P,0.00,USD
[2026-04-08 16:34:34] DEBUG    | ib_insync.client       | <<< 73,1,1,DUM165609,,AvailableFunds-S,236245.74,USD
[2026-04-08 16:34:34] DEBUG    | ib_insync.client       | <<< 73,1,1,DUM165609,,Billable,0.00,USD
[2026-04-08 16:34:34] DEBUG    | ib_insync.client       | <<< 73,1,1,DUM165609,,Billable-P,0.00,USD
[2026-04-08 16:34:34] DEBUG    | ib_insync.client       | <<< 73,1,1,DUM165609,,Billable-S,0.00,USD
[2026-04-08 16:34:34] DEBUG    | ib_insync.client       | <<< 73,1,1,DUM165609,,BuyingPower,1574971.62,USD
[2026-04-08 16:34:34] DEBUG    | ib_insync.client       | <<< 73,1,1,DUM165609,,ColumnPrio-P,5,
[2026-04-08 16:34:34] DEBUG    | ib_insync.client       | <<< 73,1,1,DUM165609,,ColumnPrio-S,1,
[2026-04-08 16:34:34] DEBUG    | ib_insync.client       | <<< 73,1,1,DUM165609,,Cushion,0.96952,
[2026-04-08 16:34:34] DEBUG    | ib_insync.client       | <<< 73,1,1,DUM165609,,EquityWithLoanValue,245469.96,USD
[2026-04-08 16:34:34] DEBUG    | ib_insync.client       | <<< 73,1,1,DUM165609,,EquityWithLoanValue-P,0.00,USD
[2026-04-08 16:34:34] DEBUG    | ib_insync.client       | <<< 73,1,1,DUM165609,,EquityWithLoanValue-S,245469.96,USD
[2026-04-08 16:34:34] DEBUG    | ib_insync.client       | <<< 73,1,1,DUM165609,,ExcessLiquidity,237988.11,USD
[2026-04-08 16:34:34] DEBUG    | ib_insync.client       | <<< 73,1,1,DUM165609,,ExcessLiquidity-P,0.00,USD
[2026-04-08 16:34:34] DEBUG    | ib_insync.client       | <<< 73,1,1,DUM165609,,ExcessLiquidity-S,237988.11,USD
[2026-04-08 16:34:34] DEBUG    | ib_insync.client       | <<< 73,1,1,DUM165609,,FullAvailableFunds,236245.74,USD
[2026-04-08 16:34:34] DEBUG    | ib_insync.client       | <<< 73,1,1,DUM165609,,FullAvailableFunds-P,0.00,USD
[2026-04-08 16:34:34] DEBUG    | ib_insync.client       | <<< 73,1,1,DUM165609,,FullAvailableFunds-S,236245.74,USD
[2026-04-08 16:34:34] DEBUG    | ib_insync.client       | <<< 73,1,1,DUM165609,,FullExcessLiquidity,237988.11,USD
[2026-04-08 16:34:34] DEBUG    | ib_insync.client       | <<< 73,1,1,DUM165609,,FullExcessLiquidity-P,0.00,USD
[2026-04-08 16:34:34] DEBUG    | ib_insync.client       | <<< 73,1,1,DUM165609,,FullExcessLiquidity-S,237988.11,USD
[2026-04-08 16:34:34] DEBUG    | ib_insync.client       | <<< 73,1,1,DUM165609,,FullInitMarginReq,9224.21,USD
[2026-04-08 16:34:34] DEBUG    | ib_insync.client       | <<< 73,1,1,DUM165609,,FullInitMarginReq-P,0.00,USD
[2026-04-08 16:34:34] DEBUG    | ib_insync.client       | <<< 73,1,1,DUM165609,,FullInitMarginReq-S,9224.21,USD
[2026-04-08 16:34:34] DEBUG    | ib_insync.client       | <<< 73,1,1,DUM165609,,FullMaintMarginReq,7481.86,USD
[2026-04-08 16:34:34] DEBUG    | ib_insync.client       | <<< 73,1,1,DUM165609,,FullMaintMarginReq-P,0.00,USD
[2026-04-08 16:34:34] DEBUG    | ib_insync.client       | <<< 73,1,1,DUM165609,,FullMaintMarginReq-S,7481.86,USD
[2026-04-08 16:34:34] DEBUG    | ib_insync.client       | <<< 73,1,1,DUM165609,,GrossPositionValue,0.00,USD
[2026-04-08 16:34:34] DEBUG    | ib_insync.client       | <<< 73,1,1,DUM165609,,GrossPositionValue-S,0.00,USD
[2026-04-08 16:34:34] DEBUG    | ib_insync.client       | <<< 73,1,1,DUM165609,,Guarantee,0.00,USD
[2026-04-08 16:34:34] DEBUG    | ib_insync.client       | <<< 73,1,1,DUM165609,,Guarantee-P,0.00,USD
[2026-04-08 16:34:34] DEBUG    | ib_insync.client       | <<< 73,1,1,DUM165609,,Guarantee-S,0.00,USD
[2026-04-08 16:34:34] DEBUG    | ib_insync.client       | <<< 73,1,1,DUM165609,,IncentiveCoupons,0.00,USD
[2026-04-08 16:34:34] DEBUG    | ib_insync.client       | <<< 73,1,1,DUM165609,,IncentiveCoupons-P,0.00,USD
[2026-04-08 16:34:34] DEBUG    | ib_insync.client       | <<< 73,1,1,DUM165609,,IncentiveCoupons-S,0.00,USD
[2026-04-08 16:34:34] DEBUG    | ib_insync.client       | <<< 73,1,1,DUM165609,,IndianStockHaircut,0.00,USD
[2026-04-08 16:34:34] DEBUG    | ib_insync.client       | <<< 73,1,1,DUM165609,,IndianStockHaircut-P,0.00,USD
[2026-04-08 16:34:34] DEBUG    | ib_insync.client       | <<< 73,1,1,DUM165609,,IndianStockHaircut-S,0.00,USD
[2026-04-08 16:34:34] DEBUG    | ib_insync.client       | <<< 73,1,1,DUM165609,,InitMarginReq,9224.21,USD
[2026-04-08 16:34:34] DEBUG    | ib_insync.client       | <<< 73,1,1,DUM165609,,InitMarginReq-P,0.00,USD
[2026-04-08 16:34:34] DEBUG    | ib_insync.client       | <<< 73,1,1,DUM165609,,InitMarginReq-S,9224.21,USD
[2026-04-08 16:34:34] DEBUG    | ib_insync.client       | <<< 73,1,1,DUM165609,,Leverage-S,0.00,
[2026-04-08 16:34:34] DEBUG    | ib_insync.client       | <<< 73,1,1,DUM165609,,LookAheadAvailableFunds,239013.01,USD
[2026-04-08 16:34:34] DEBUG    | ib_insync.client       | <<< 73,1,1,DUM165609,,LookAheadAvailableFunds-P,0.00,USD
[2026-04-08 16:34:34] DEBUG    | ib_insync.client       | <<< 73,1,1,DUM165609,,LookAheadAvailableFunds-S,239013.01,USD
[2026-04-08 16:34:34] DEBUG    | ib_insync.client       | <<< 73,1,1,DUM165609,,LookAheadExcessLiquidity,240232.67,USD
[2026-04-08 16:34:34] DEBUG    | ib_insync.client       | <<< 73,1,1,DUM165609,,LookAheadExcessLiquidity-P,0.00,USD
[2026-04-08 16:34:34] DEBUG    | ib_insync.client       | <<< 73,1,1,DUM165609,,LookAheadExcessLiquidity-S,240232.67,USD
[2026-04-08 16:34:34] DEBUG    | ib_insync.client       | <<< 73,1,1,DUM165609,,LookAheadInitMarginReq,6456.95,USD
[2026-04-08 16:34:34] DEBUG    | ib_insync.client       | <<< 73,1,1,DUM165609,,LookAheadInitMarginReq-P,0.00,USD
[2026-04-08 16:34:34] DEBUG    | ib_insync.client       | <<< 73,1,1,DUM165609,,LookAheadInitMarginReq-S,6456.95,USD
[2026-04-08 16:34:34] DEBUG    | ib_insync.client       | <<< 73,1,1,DUM165609,,LookAheadMaintMarginReq,5237.30,USD
[2026-04-08 16:34:34] DEBUG    | ib_insync.client       | <<< 73,1,1,DUM165609,,LookAheadMaintMarginReq-P,0.00,USD
[2026-04-08 16:34:34] DEBUG    | ib_insync.client       | <<< 73,1,1,DUM165609,,LookAheadMaintMarginReq-S,5237.30,USD
[2026-04-08 16:34:34] DEBUG    | ib_insync.client       | <<< 73,1,1,DUM165609,,LookAheadNextChange,1775655000,
[2026-04-08 16:34:34] DEBUG    | ib_insync.client       | <<< 73,1,1,DUM165609,,MaintMarginReq,7481.86,USD
[2026-04-08 16:34:34] DEBUG    | ib_insync.client       | <<< 73,1,1,DUM165609,,MaintMarginReq-P,0.00,USD
[2026-04-08 16:34:34] DEBUG    | ib_insync.client       | <<< 73,1,1,DUM165609,,MaintMarginReq-S,7481.86,USD
[2026-04-08 16:34:34] DEBUG    | ib_insync.client       | <<< 73,1,1,DUM165609,,NLVAndMarginInReview,false,
[2026-04-08 16:34:34] DEBUG    | ib_insync.client       | <<< 73,1,1,DUM165609,,NetLiquidation,245469.97,USD
[2026-04-08 16:34:34] DEBUG    | ib_insync.client       | <<< 73,1,1,DUM165609,,NetLiquidation-P,0.00,USD
[2026-04-08 16:34:34] DEBUG    | ib_insync.client       | <<< 73,1,1,DUM165609,,NetLiquidation-S,245469.97,USD
[2026-04-08 16:34:34] DEBUG    | ib_insync.client       | <<< 73,1,1,DUM165609,,NetLiquidationUncertainty,0.01,USD
[2026-04-08 16:34:34] DEBUG    | ib_insync.client       | <<< 73,1,1,DUM165609,,PASharesValue,0.00,USD
[2026-04-08 16:34:34] DEBUG    | ib_insync.client       | <<< 73,1,1,DUM165609,,PASharesValue-P,0.00,USD
[2026-04-08 16:34:34] DEBUG    | ib_insync.client       | <<< 73,1,1,DUM165609,,PASharesValue-S,0.00,USD
[2026-04-08 16:34:34] DEBUG    | ib_insync.client       | <<< 73,1,1,DUM165609,,PhysicalCertificateValue,0.00,USD
[2026-04-08 16:34:34] DEBUG    | ib_insync.client       | <<< 73,1,1,DUM165609,,PhysicalCertificateValue-P,0.00,USD
[2026-04-08 16:34:34] DEBUG    | ib_insync.client       | <<< 73,1,1,DUM165609,,PhysicalCertificateValue-S,0.00,USD
[2026-04-08 16:34:34] DEBUG    | ib_insync.client       | <<< 73,1,1,DUM165609,,PostExpirationExcess,0.00,USD
[2026-04-08 16:34:34] DEBUG    | ib_insync.client       | <<< 73,1,1,DUM165609,,PostExpirationExcess-P,0.00,USD
[2026-04-08 16:34:34] DEBUG    | ib_insync.client       | <<< 73,1,1,DUM165609,,PostExpirationExcess-S,0.00,USD
[2026-04-08 16:34:34] DEBUG    | ib_insync.client       | <<< 73,1,1,DUM165609,,PostExpirationMargin,0.00,USD
[2026-04-08 16:34:34] DEBUG    | ib_insync.client       | <<< 73,1,1,DUM165609,,PostExpirationMargin-P,0.00,USD
[2026-04-08 16:34:34] DEBUG    | ib_insync.client       | <<< 73,1,1,DUM165609,,PostExpirationMargin-S,0.00,USD
[2026-04-08 16:34:34] DEBUG    | ib_insync.client       | <<< 73,1,1,DUM165609,,SegmentTitle-P,Crypto at Paxos,
[2026-04-08 16:34:34] DEBUG    | ib_insync.client       | <<< 73,1,1,DUM165609,,SegmentTitle-S,Securities,
[2026-04-08 16:34:34] DEBUG    | ib_insync.client       | <<< 73,1,1,DUM165609,,SettledCashByDate,20260408:242708.54;20260409:245348.54000001,
[2026-04-08 16:34:34] DEBUG    | ib_insync.client       | <<< 73,1,1,DUM165609,,SettledCashByDate-P,20260408:0,
[2026-04-08 16:34:34] DEBUG    | ib_insync.client       | <<< 73,1,1,DUM165609,,SettledCashByDate-S,20260408:242708.54;20260409:245348.54000001,
[2026-04-08 16:34:34] DEBUG    | ib_insync.client       | <<< 73,1,1,DUM165609,,TotalCashValue,245348.54,USD
[2026-04-08 16:34:34] DEBUG    | ib_insync.client       | <<< 73,1,1,DUM165609,,TotalCashValue-P,0.00,USD
[2026-04-08 16:34:34] DEBUG    | ib_insync.client       | <<< 73,1,1,DUM165609,,TotalCashValue-S,245348.54,USD
[2026-04-08 16:34:34] DEBUG    | ib_insync.client       | <<< 73,1,1,DUM165609,,TotalDebitCardPendingCharges,0.00,USD
[2026-04-08 16:34:34] DEBUG    | ib_insync.client       | <<< 73,1,1,DUM165609,,TotalDebitCardPendingCharges-P,0.00,USD
[2026-04-08 16:34:34] DEBUG    | ib_insync.client       | <<< 73,1,1,DUM165609,,TotalDebitCardPendingCharges-S,0.00,USD
[2026-04-08 16:34:34] DEBUG    | ib_insync.client       | <<< 73,1,1,DUM165609,,TradingType-S,STKNOPT,
[2026-04-08 16:34:34] DEBUG    | ib_insync.client       | <<< 73,1,1,DUM165609,,Currency,USD,USD
[2026-04-08 16:34:34] DEBUG    | ib_insync.client       | <<< 73,1,1,DUM165609,,CashBalance,245348.54,USD
[2026-04-08 16:34:34] DEBUG    | ib_insync.client       | <<< 73,1,1,DUM165609,,TotalCashBalance,245348.54,USD
[2026-04-08 16:34:34] DEBUG    | ib_insync.client       | <<< 73,1,1,DUM165609,,AccruedCash,121.43,USD
[2026-04-08 16:34:34] DEBUG    | ib_insync.client       | <<< 73,1,1,DUM165609,,StockMarketValue,0.00,USD
[2026-04-08 16:34:34] DEBUG    | ib_insync.client       | <<< 73,1,1,DUM165609,,OptionMarketValue,0.00,USD
[2026-04-08 16:34:34] DEBUG    | ib_insync.client       | <<< 73,1,1,DUM165609,,FutureOptionValue,0.00,USD
[2026-04-08 16:34:34] DEBUG    | ib_insync.client       | <<< 73,1,1,DUM165609,,FuturesPNL,2640.00,USD
[2026-04-08 16:34:34] DEBUG    | ib_insync.client       | <<< 73,1,1,DUM165609,,NetLiquidationByCurrency,245469.97,USD
[2026-04-08 16:34:34] DEBUG    | ib_insync.client       | <<< 73,1,1,DUM165609,,UnrealizedPnL,2806.89,USD
[2026-04-08 16:34:34] DEBUG    | ib_insync.client       | <<< 73,1,1,DUM165609,,RealizedPnL,0.00,USD
[2026-04-08 16:34:34] DEBUG    | ib_insync.client       | <<< 73,1,1,DUM165609,,ExchangeRate,1.00,USD
[2026-04-08 16:34:34] DEBUG    | ib_insync.client       | <<< 73,1,1,DUM165609,,FundValue,0.00,USD
[2026-04-08 16:34:34] DEBUG    | ib_insync.client       | <<< 73,1,1,DUM165609,,NetDividend,0.00,USD
[2026-04-08 16:34:34] DEBUG    | ib_insync.client       | <<< 73,1,1,DUM165609,,MutualFundValue,0.00,USD
[2026-04-08 16:34:34] DEBUG    | ib_insync.client       | <<< 73,1,1,DUM165609,,MoneyMarketFundValue,0.00,USD
[2026-04-08 16:34:34] DEBUG    | ib_insync.client       | <<< 73,1,1,DUM165609,,CorporateBondValue,0.00,USD
[2026-04-08 16:34:34] DEBUG    | ib_insync.client       | <<< 73,1,1,DUM165609,,TBondValue,0.00,USD
[2026-04-08 16:34:34] DEBUG    | ib_insync.client       | <<< 73,1,1,DUM165609,,TBillValue,0.00,USD
[2026-04-08 16:34:34] DEBUG    | ib_insync.client       | <<< 73,1,1,DUM165609,,WarrantValue,0.00,USD
[2026-04-08 16:34:34] DEBUG    | ib_insync.client       | <<< 73,1,1,DUM165609,,FxCashBalance,0.00,USD
[2026-04-08 16:34:34] DEBUG    | ib_insync.client       | <<< 73,1,1,DUM165609,,AccountOrGroup,DUM165609,USD
[2026-04-08 16:34:34] DEBUG    | ib_insync.client       | <<< 73,1,1,DUM165609,,RealCurrency,USD,USD
[2026-04-08 16:34:34] DEBUG    | ib_insync.client       | <<< 73,1,1,DUM165609,,IssuerOptionValue,0.00,USD
[2026-04-08 16:34:34] DEBUG    | ib_insync.client       | <<< 73,1,1,DUM165609,,Cryptocurrency,0.00,USD
[2026-04-08 16:34:34] DEBUG    | ib_insync.client       | <<< 73,1,1,DUM165609,,Currency,BASE,BASE
[2026-04-08 16:34:34] DEBUG    | ib_insync.client       | <<< 73,1,1,DUM165609,,CashBalance,245348.54,BASE
[2026-04-08 16:34:34] DEBUG    | ib_insync.client       | <<< 73,1,1,DUM165609,,TotalCashBalance,245348.54,BASE
[2026-04-08 16:34:34] DEBUG    | ib_insync.client       | <<< 73,1,1,DUM165609,,AccruedCash,121.43,BASE
[2026-04-08 16:34:34] DEBUG    | ib_insync.client       | <<< 73,1,1,DUM165609,,StockMarketValue,0.00,BASE
[2026-04-08 16:34:34] DEBUG    | ib_insync.client       | <<< 73,1,1,DUM165609,,OptionMarketValue,0.00,BASE
[2026-04-08 16:34:34] DEBUG    | ib_insync.client       | <<< 73,1,1,DUM165609,,FutureOptionValue,0.00,BASE
[2026-04-08 16:34:34] DEBUG    | ib_insync.client       | <<< 73,1,1,DUM165609,,FuturesPNL,2640.00,BASE
[2026-04-08 16:34:34] DEBUG    | ib_insync.client       | <<< 73,1,1,DUM165609,,NetLiquidationByCurrency,245469.97,BASE
[2026-04-08 16:34:34] DEBUG    | ib_insync.client       | <<< 73,1,1,DUM165609,,UnrealizedPnL,2806.89,BASE
[2026-04-08 16:34:34] DEBUG    | ib_insync.client       | <<< 73,1,1,DUM165609,,RealizedPnL,0.00,BASE
[2026-04-08 16:34:34] DEBUG    | ib_insync.client       | <<< 73,1,1,DUM165609,,ExchangeRate,1.00,BASE
[2026-04-08 16:34:34] DEBUG    | ib_insync.client       | <<< 73,1,1,DUM165609,,FundValue,0.00,BASE
[2026-04-08 16:34:34] DEBUG    | ib_insync.client       | <<< 73,1,1,DUM165609,,NetDividend,0.00,BASE
[2026-04-08 16:34:34] DEBUG    | ib_insync.client       | <<< 73,1,1,DUM165609,,MutualFundValue,0.00,BASE
[2026-04-08 16:34:34] DEBUG    | ib_insync.client       | <<< 73,1,1,DUM165609,,MoneyMarketFundValue,0.00,BASE
[2026-04-08 16:34:34] DEBUG    | ib_insync.client       | <<< 73,1,1,DUM165609,,CorporateBondValue,0.00,BASE
[2026-04-08 16:34:34] DEBUG    | ib_insync.client       | <<< 73,1,1,DUM165609,,TBondValue,0.00,BASE
[2026-04-08 16:34:34] DEBUG    | ib_insync.client       | <<< 73,1,1,DUM165609,,TBillValue,0.00,BASE
[2026-04-08 16:34:34] DEBUG    | ib_insync.client       | <<< 73,1,1,DUM165609,,WarrantValue,0.00,BASE
[2026-04-08 16:34:34] DEBUG    | ib_insync.client       | <<< 73,1,1,DUM165609,,FxCashBalance,0.00,BASE
[2026-04-08 16:34:34] DEBUG    | ib_insync.client       | <<< 73,1,1,DUM165609,,AccountOrGroup,DUM165609,BASE
[2026-04-08 16:34:34] DEBUG    | ib_insync.client       | <<< 73,1,1,DUM165609,,RealCurrency,USD,BASE
[2026-04-08 16:34:34] DEBUG    | ib_insync.client       | <<< 73,1,1,DUM165609,,IssuerOptionValue,0.00,BASE
[2026-04-08 16:34:34] DEBUG    | ib_insync.client       | <<< 73,1,1,DUM165609,,Cryptocurrency,0.00,BASE
[2026-04-08 16:34:34] DEBUG    | ib_insync.client       | <<< 74,1,1
[2026-04-08 16:34:34] DEBUG    | ib_insync.client       | <<< 102
[2026-04-08 16:34:34] DEBUG    | ib_insync.client       | >>> 7,3,2,0,,,,,,
[2026-04-08 16:34:34] DEBUG    | ib_insync.client       | <<< 55,1,2
[2026-04-08 16:34:34] INFO     | ib_insync.ib           | Synchronization complete
[2026-04-08 16:34:34] INFO     | trading.broker         | Connected to IBKR
[2026-04-08 16:34:34] INFO     | trading.strategy.mgc_pullback | ==================================================
[2026-04-08 16:34:34] INFO     | trading.strategy.mgc_pullback | EXECUTING STRATEGY: mgc_pullback
[2026-04-08 16:34:34] INFO     | trading.strategy.mgc_pullback | ==================================================
[2026-04-08 16:34:34] INFO     | trading.strategy.mgc_pullback | [1] Qualifying contracts...
[2026-04-08 16:34:34] DEBUG    | ib_insync.client       | >>> 9,8,3,0,MGC,FUT,202604,0.0,,,COMEX,,USD,,,0,,,
[2026-04-08 16:34:35] DEBUG    | ib_insync.client       | <<< 10,3,MGC,FUT,20260428 13:30:00 US/Eastern,0,,COMEX,USD,MGCJ6,MGC,MGC,706903676,0.1,10,ACTIVETIM,AD,ADJUST,ALERT,ALGO,ALLOC,AVGCOST,BASKET,BENCHPX,COND,CONDORDER,DAY,DEACT,DEACTDIS,DEACTEOD,GAT,GTC,GTD,GTT,HID,ICE,IOC,LIT,LMT,LTH,MIT,MKT,MTL,NGCOMB,NONALGO,OCA,PEGBENCH,SCALE,SCALERST,SIZECHK,SNAPMID,SNAPMKT,SNAPREL,STP,STPLMT,TRAIL,TRAILLIT,TRAILLMT,TRAILMIT,WHATIF,COMEX,1,79702479,E-Micro Gold ,,202604,,,,US/Eastern,20260407:1800-20260408:1700;20260408:1800-20260409:1700;20260409:1800-20260410:1700;20260411:CLOSED;20260412:1800-20260413:1700;20260413:1800-20260414:1700,20260408:0930-20260408:1700;20260409:0930-20260409:1700;20260410:0930-20260410:1700;20260411:CLOSED;20260412:CLOSED;20260413:0930-20260413:1700;20260413:1800-20260414:1700,,,0,2147483647,MGC,IND,65,20260428,,1,1,1
[2026-04-08 16:34:35] DEBUG    | ib_insync.client       | <<< 52,1,3
[2026-04-08 16:34:35] INFO     | trading.broker         | Qualified contract: MGCJ6  conId=706903676
[2026-04-08 16:34:35] DEBUG    | ib_insync.client       | >>> 9,8,4,0,GC,FUT,202604,0.0,,,COMEX,,USD,,,0,,,
[2026-04-08 16:34:37] DEBUG    | ib_insync.client       | <<< 10,4,GC,FUT,20260428 13:30:00 US/Eastern,0,,COMEX,USD,GCJ6,GC,GC,706903673,0.1,100,ACTIVETIM,AD,ADJUST,ALERT,ALGO,ALLOC,AVGCOST,BASKET,BENCHPX,COND,CONDORDER,DAY,DEACT,DEACTDIS,DEACTEOD,GAT,GTC,GTD,GTT,HID,ICE,IOC,LIT,LMT,LTH,MIT,MKT,MTL,NGCOMB,NONALGO,OCA,PEGBENCH,SCALE,SCALERST,SIZECHK,SNAPMID,SNAPMKT,SNAPREL,STP,STPLMT,TRAIL,TRAILLIT,TRAILLMT,TRAILMIT,WHATIF,COMEX,QBALGO,1,17340718,Gold,,202604,,,,US/Eastern,20260407:1800-20260408:1700;20260408:1800-20260409:1700;20260409:1800-20260410:1700;20260411:CLOSED;20260412:1800-20260413:1700;20260413:1800-20260414:1700,20260408:0930-20260408:1700;20260409:0930-20260409:1700;20260410:0930-20260410:1700;20260411:CLOSED;20260412:CLOSED;20260413:0930-20260413:1700;20260413:1800-20260414:1700,,,0,2147483647,GC,IND,65,65,20260428,,1,1,1
[2026-04-08 16:34:37] DEBUG    | ib_insync.client       | <<< 52,1,4
[2026-04-08 16:34:37] INFO     | trading.broker         | Qualified contract: GCJ6  conId=706903673
[2026-04-08 16:34:37] INFO     | trading.strategy.mgc_pullback | [2] Fetching historical data...
[2026-04-08 16:34:37] DEBUG    | ib_insync.client       | >>> 9,8,5,0,GC,FUT,202604,0.0,,,COMEX,,USD,,,0,,,
[2026-04-08 16:34:37] DEBUG    | ib_insync.client       | <<< 10,5,GC,FUT,20260428 13:30:00 US/Eastern,0,,COMEX,USD,GCJ6,GC,GC,706903673,0.1,100,ACTIVETIM,AD,ADJUST,ALERT,ALGO,ALLOC,AVGCOST,BASKET,BENCHPX,COND,CONDORDER,DAY,DEACT,DEACTDIS,DEACTEOD,GAT,GTC,GTD,GTT,HID,ICE,IOC,LIT,LMT,LTH,MIT,MKT,MTL,NGCOMB,NONALGO,OCA,PEGBENCH,SCALE,SCALERST,SIZECHK,SNAPMID,SNAPMKT,SNAPREL,STP,STPLMT,TRAIL,TRAILLIT,TRAILLMT,TRAILMIT,WHATIF,COMEX,QBALGO,1,17340718,Gold,,202604,,,,US/Eastern,20260407:1800-20260408:1700;20260408:1800-20260409:1700;20260409:1800-20260410:1700;20260411:CLOSED;20260412:1800-20260413:1700;20260413:1800-20260414:1700,20260408:0930-20260408:1700;20260409:0930-20260409:1700;20260410:0930-20260410:1700;20260411:CLOSED;20260412:CLOSED;20260413:0930-20260413:1700;20260413:1800-20260414:1700,,,0,2147483647,GC,IND,65,65,20260428,,1,1,1
[2026-04-08 16:34:37] DEBUG    | ib_insync.client       | <<< 52,1,5
[2026-04-08 16:34:37] INFO     | trading.broker         | Qualified contract: GCJ6  conId=706903673
[2026-04-08 16:34:37] DEBUG    | ib_insync.client       | >>> 20,6,706903673,GC,FUT,20260428,0.0,,100,COMEX,,USD,GCJ6,GC,0,,1 day,20 Y,0,TRADES,2,0,
[2026-04-08 16:34:39] DEBUG    | ib_insync.client       | <<< 17,6,20060408 07:04:37 US/Eastern,20260408 07:04:37 US/Eastern,471,20240531,2553.00,2553.00,2553.00,2553.00,0,2553,0,20240603,2575.70,2575.70,2575.70,2575.70,0,2575.7,0,20240604,2552.80,2552.80,2552.80,2552.80,0,2552.8,0,20240605,2581.00,2581.00,2581.00,2581.00,0,2581,0,20240606,2597.10,2597.10,2597.10,2597.10,0,2597.1,0,20240607,2530.40,2530.40,2530.40,2530.40,0,2530.4,0,20240610,2531.80,2531.80,2531.80,2531.80,0,2531.8,0,20240611,2531.40,2531.40,2531.40,2531.40,0,2531.4,0,20240612,2557.40,2557.40,2557.40,2557.40,0,2557.4,0,20240613,2518.00,2518.00,2518.00,2518.00,0,2518,0,20240614,2549.10,2549.10,2549.10,2549.10,0,2549.1,0,20240617,2530.40,2530.40,2530.40,2530.40,0,2530.4,0,20240618,2548.20,2548.20,2548.20,2548.20,0,2548.2,0,20240619,2548.20,2548.20,2548.20,2548.20,0,2548.2,0,20240620,2571.00,2571.00,2571.00,2571.00,0,2571,0,20240621,2532.10,2532.10,2532.10,2532.10,0,2532.1,0,20240624,2546.30,2546.30,2546.30,2546.30,0,2546.3,0,20240625,2532.80,2532.80,2532.80,2532.80,0,2532.8,0,20240626,2514.90,2514.90,2514.90,2514.90,0,2514.9,0,20240627,2536.90,2536.90,2536.90,2536.90,0,2536.9,0,20240628,2540.30,2540.30,2540.30,2540.30,0,2540.3,0,20240701,2540.20,2540.20,2540.20,2540.20,0,2540.2,0,20240702,2534.50,2534.50,2534.50,2534.50,0,2534.5,0,20240703,2571.80,2571.80,2571.80,2571.80,0,2571.8,0,20240704,2571.80,2571.80,2571.80,2571.80,0,2571.8,0,20240705,2600.40,2600.40,2600.40,2600.40,0,2600.4,0,20240708,2566.60,2566.60,2566.60,2566.60,0,2566.6,0,20240709,2570.90,2570.90,2570.90,2570.90,0,2570.9,0,20240710,2582.20,2582.20,2582.20,2582.20,0,2582.2,0,20240711,2623.40,2623.40,2623.40,2623.40,0,2623.4,0,20240712,2621.00,2621.00,2621.00,2621.00,0,2621,0,20240715,2629.10,2629.10,2629.10,2629.10,0,2629.1,0,20240716,2669.20,2669.20,2669.20,2669.20,0,2669.2,0,20240717,2662.60,2662.60,2662.60,2662.60,0,2662.6,0,20240718,2659.30,2659.30,2659.30,2659.30,0,2659.3,0,20240719,2600.30,2600.30,2600.30,2600.30,0,2600.3,0,20240722,2593.70,2593.70,2593.70,2593.70,0,2593.7,0,20240723,2606.80,2606.80,2606.80,2606.80,0,2606.8,0,20240724,2615.00,2615.00,2615.00,2615.00,0,2615,0,20240725,2548.80,2548.80,2548.80,2548.80,0,2548.8,0,20240726,2577.20,2577.20,2577.20,2577.20,0,2577.2,0,20240729,2575.00,2575.00,2575.00,2575.00,0,2575,0,20240730,2602.20,2602.20,2602.20,2602.20,0,2602.2,0,20240731,2624.70,2624.70,2624.70,2624.70,0,2624.7,0,20240801,2628.60,2628.60,2628.60,2628.60,0,2628.6,0,20240802,2608.20,2608.20,2608.20,2608.20,0,2608.2,0,20240805,2575.10,2575.10,2575.10,2575.10,0,2575.1,0,20240806,2563.90,2563.90,2563.90,2563.90,0,2563.9,0,20240807,2565.30,2565.30,2565.30,2565.30,0,2565.3,0,20240808,2597.40,2597.40,2597.40,2597.40,0,2597.4,0,20240809,2608.40,2608.40,2608.40,2608.40,0,2608.4,0,20240812,2641.90,2641.90,2641.90,2641.90,0,2641.9,0,20240813,2644.40,2644.40,2644.40,2644.40,0,2644.4,0,20240814,2615.50,2615.50,2615.50,2615.50,0,2615.5,0,20240815,2630.60,2630.60,2630.60,2630.60,0,2630.6,0,20240816,2678.20,2678.20,2678.20,2678.20,0,2678.2,0,20240819,2682.10,2682.10,2682.10,2682.10,0,2682.1,0,20240820,2692.30,2692.30,2692.30,2692.30,0,2692.3,0,20240821,2688.20,2688.20,2688.20,2688.20,0,2688.2,0,20240822,2657.20,2657.20,2657.20,2657.20,0,2657.2,0,20240823,2686.50,2686.50,2686.50,2686.50,0,2686.5,0,20240826,2695.40,2695.40,2695.40,2695.40,0,2695.4,0,20240827,2692.80,2692.80,2692.80,2692.80,0,2692.8,0,20240828,2677.80,2677.80,2677.80,2677.80,0,2677.8,0,20240829,2699.60,2699.60,2699.60,2699.60,0,2699.6,0,20240830,2666.60,2666.60,2666.60,2666.60,0,2666.6,0,20240902,2666.60,2666.60,2666.60,2666.60,0,2666.6,0,20240903,2661.50,2661.50,2661.50,2661.50,0,2661.5,0,20240904,2662.10,2662.10,2662.10,2662.10,0,2662.1,0,20240905,2678.20,2678.20,2678.20,2678.20,0,2678.2,0,20240906,2656.00,2656.00,2656.00,2656.00,0,2656,0,20240909,2662.70,2662.70,2662.70,2662.70,0,2662.7,0,20240910,2672.40,2672.40,2672.40,2672.40,0,2672.4,0,20240911,2672.10,2672.10,2672.10,2672.10,0,2672.1,0,20240912,2711.80,2711.80,2711.80,2711.80,0,2711.8,0,20240913,2740.90,2740.90,2740.90,2740.90,0,2740.9,0,20240916,2737.30,2737.30,2737.30,2737.30,0,2737.3,0,20240917,2721.50,2721.50,2721.50,2721.50,0,2721.5,0,20240918,2728.50,2728.50,2728.50,2728.50,0,2728.5,0,20240919,2744.20,2744.20,2744.20,2744.20,0,2744.2,0,20240920,2777.40,2777.40,2777.40,2777.40,0,2777.4,0,20240923,2783.70,2783.70,2783.70,2783.70,0,2783.7,0,20240924,2805.00,2810.10,2805.00,2810.10,1,2805,1,20240925,2818.00,2818.00,2818.00,2818.00,0,2818,0,20240926,2829.90,2829.90,2829.90,2829.90,0,2829.9,0,20240927,2801.60,2801.60,2801.60,2801.60,0,2801.6,0,20240930,2784.90,2794.70,2784.90,2794.70,1,2784.9,1,20241001,2822.00,2827.00,2822.00,2827.00,1,2822,1,20241002,2807.90,2807.90,2807.90,2807.90,0,2807.9,0,20241003,2817.70,2817.70,2817.70,2817.70,0,2817.7,0,20241004,2799.90,2813.70,2799.90,2813.70,1,2799.9,1,20241007,2814.80,2814.80,2814.80,2814.80,0,2814.8,0,20241008,2780.00,2782.60,2780.00,2782.60,1,2780,1,20241009,2774.20,2774.20,2774.20,2774.20,0,2774.2,0,20241010,2792.10,2792.10,2789.20,2789.20,2,2792,2,20241011,2825.80,2825.80,2825.80,2825.80,0,2825.8,0,20241014,2816.20,2816.20,2816.20,2816.20,0,2816.2,0,20241015,2825.00,2829.00,2825.00,2829.00,1,2825,1,20241016,2842.20,2842.20,2842.20,2842.20,0,2842.2,0,20241017,2846.40,2858.70,2845.70,2858.70,3,2846.37,3,20241018,2885.60,2885.60,2882.90,2882.90,1,2885.6,1,20241021,2893.70,2893.70,2893.70,2893.70,0,2893.7,0,20241022,2915.80,2915.80,2915.80,2915.80,0,2915.8,0,20241023,2886.40,2886.40,2886.40,2886.40,0,2886.4,0,20241024,2905.70,2905.70,2905.70,2905.70,0,2905.7,0,20241025,2911.30,2911.30,2911.30,2911.30,0,2911.3,0,20241028,2914.90,2914.90,2914.90,2914.90,0,2914.9,0,20241029,2939.80,2939.80,2939.80,2939.80,0,2939.8,0,20241030,2963.00,2963.00,2963.00,2963.00,0,2963,0,20241031,2911.70,2911.70,2911.70,2911.70,0,2911.7,0,20241101,2910.60,2910.60,2910.60,2910.60,0,2910.6,0,20241104,2908.50,2908.50,2908.50,2908.50,0,2908.5,0,20241105,2915.00,2915.00,2915.00,2915.00,0,2915,0,20241106,2880.00,2880.00,2840.30,2840.30,2,2866.9,2,20241107,2820.90,2870.20,2820.90,2870.20,2,2844.45,2,20241108,2858.70,2859.00,2858.70,2859.00,1,2858.7,1,20241111,2791.80,2791.80,2779.90,2779.90,1,2791.8,1,20241112,2768.30,2768.30,2768.30,2768.30,0,2768.3,0,20241113,2745.90,2745.90,2745.90,2745.90,0,2745.9,0,20241114,2705.60,2731.50,2705.60,2731.50,10,2705.6,8,20241115,2728.70,2728.70,2728.70,2728.70,0,2728.7,0,20241118,2775.50,2775.50,2775.50,2775.50,0,2775.5,0,20241119,2791.70,2791.70,2791.70,2791.70,0,2791.7,0,20241120,2800.00,2814.50,2800.00,2814.50,1,2800,1,20241121,2825.10,2839.10,2825.10,2839.10,1,2825.1,1,20241122,2880.20,2880.20,2880.20,2880.20,0,2880.2,0,20241125,2782.30,2782.30,2782.30,2782.30,0,2782.3,0,20241126,2786.00,2786.00,2786.00,2786.00,0,2786,0,20241127,2802.70,2802.70,2802.70,2802.70,0,2802.7,0,20241128,2802.70,2802.70,2802.70,2802.70,0,2802.7,0,20241129,2819.30,2819.30,2819.30,2819.30,0,2819.3,0,20241202,2797.20,2797.20,2797.20,2797.20,0,2797.2,0,20241203,2805.70,2805.70,2805.70,2805.70,0,2805.7,0,20241204,2812.80,2812.80,2812.80,2812.80,0,2812.8,0,20241205,2783.90,2783.90,2783.90,2783.90,0,2783.9,0,20241206,2794.90,2794.90,2794.90,2794.90,0,2794.9,0,20241209,2825.50,2825.50,2825.50,2825.50,0,2825.5,0,20241210,2858.00,2858.00,2858.00,2858.00,0,2858,0,20241211,2893.60,2893.60,2893.60,2893.60,0,2893.6,0,20241212,2850.20,2850.20,2850.20,2850.20,0,2850.2,0,20241213,2817.70,2817.70,2817.70,2817.70,0,2817.7,0,20241216,2812.30,2812.30,2812.30,2812.30,0,2812.3,0,20241217,2805.30,2805.30,2805.30,2805.30,0,2805.3,0,20241218,2805.00,2805.00,2799.30,2799.30,1,2805,1,20241219,2757.60,2757.60,2757.60,2757.60,0,2757.6,0,20241220,2793.60,2793.60,2793.60,2793.60,0,2793.6,0,20241223,2778.20,2778.20,2778.20,2778.20,0,2778.2,0,20241224,2788.10,2788.10,2788.10,2788.10,0,2788.1,0,20241226,2809.10,2809.10,2809.10,2809.10,0,2809.1,0,20241227,2789.60,2789.60,2789.60,2789.60,0,2789.6,0,20241230,2780.40,2780.40,2780.40,2780.40,0,2780.4,0,20241231,2809.70,2809.70,2809.70,2809.70,0,2809.7,0,20250102,2824.30,2832.50,2824.30,2832.50,1,2824.3,1,20250103,2835.10,2835.10,2813.60,2813.60,1,2835.1,1,20250106,2795.00,2804.90,2795.00,2804.90,1,2795,1,20250107,2824.10,2824.10,2824.10,2824.10,0,2824.1,0,20250108,2833.30,2833.30,2833.30,2833.30,0,2833.3,0,20250109,2840.10,2851.70,2840.10,2851.70,2,2840.1,2,20250110,2876.70,2876.70,2876.70,2876.70,0,2876.7,0,20250113,2837.10,2837.10,2837.10,2837.10,0,2837.1,0,20250114,2843.80,2843.80,2843.80,2843.80,0,2843.8,0,20250115,2879.60,2879.60,2879.60,2879.60,0,2879.6,0,20250116,2914.80,2914.80,2914.80,2914.80,0,2914.8,0,20250117,2913.20,2913.20,2913.20,2913.20,0,2913.2,0,20250120,2913.20,2913.20,2913.20,2913.20,0,2913.2,0,20250121,2925.20,2925.20,2925.20,2925.20,0,2925.2,0,20250122,2937.70,2937.70,2937.70,2937.70,0,2937.7,0,20250123,2932.20,2932.20,2932.20,2932.20,0,2932.2,0,20250124,2948.00,2948.00,2948.00,2948.00,0,2948,0,20250127,2908.50,2908.50,2908.50,2908.50,0,2908.5,0,20250128,2942.40,2942.40,2942.40,2942.40,0,2942.4,0,20250129,2936.10,2936.10,2936.10,2936.10,0,2936.1,0,20250130,2987.50,2987.50,2987.50,2987.50,0,2987.5,0,20250131,2991.00,2996.00,2975.60,2975.60,2,2993.5,2,20250203,2961.00,2995.00,2958.90,2995.00,3,2964.93,3,20250204,3015.70,3015.70,3015.70,3015.70,0,3015.7,0,20250205,3034.10,3034.10,3034.10,3034.10,0,3034.1,0,20250206,3024.00,3024.00,3000.00,3021.40,3,3016,3,20250207,3029.80,3045.10,3026.70,3036.90,14,3031.7,14,20250210,3086.30,3086.30,3086.30,3086.30,0,3086.3,0,20250211,3082.40,3087.90,3082.40,3087.90,1,3082.4,1,20250212,3084.50,3084.50,3084.50,3084.50,0,3084.5,0,20250213,3099.20,3099.20,3099.20,3099.20,0,3099.2,0,20250214,3051.40,3051.40,3051.40,3051.40,0,3051.4,0,20250217,3045.30,3051.40,3045.30,3051.40,1,3045.3,1,20250218,3094.20,3099.80,3094.00,3099.80,2,3094.1,2,20250219,3082.80,3082.80,3082.80,3082.80,0,3082.8,0,20250220,3118.10,3118.10,3103.30,3103.30,1,3118.1,1,20250221,3099.60,3099.60,3099.60,3099.60,0,3099.6,0,20250224,3111.50,3111.50,3111.50,3111.50,0,3111.5,0,20250225,3068.00,3068.00,3066.50,3066.50,1,3068,1,20250226,3077.40,3078.90,3077.40,3078.90,4,3077.4,3,20250227,3043.90,3043.90,3043.90,3043.90,0,3043.9,0,20250228,3013.40,3013.40,2995.00,2995.00,3,3011.33,3,20250303,3030.00,3049.20,3030.00,3049.20,12,3038.2,9,20250304,3085.40,3085.40,3068.30,3068.30,1,3085.4,1,20250305,3072.90,3074.70,3072.20,3073.20,16,3073.11,15,20250306,3074.00,3074.00,3074.00,3074.00,0,3074,0,20250307,3060.20,3060.20,3060.20,3060.20,0,3060.2,0,20250310,3043.50,3043.50,3043.50,3043.50,0,3043.5,0,20250311,3066.00,3066.00,3066.00,3066.00,0,3066,0,20250312,3090.90,3090.90,3090.90,3090.90,0,3090.9,0,20250313,3103.50,3136.40,3103.50,3136.40,1,3103.5,1,20250314,3140.90,3145.60,3140.90,3145.60,2,3140.95,2,20250317,3141.00,3152.10,3141.00,3150.70,7,3149.57,7,20250318,3187.40,3188.70,3178.20,3188.70,6,3184.6,5,20250319,3189.60,3189.60,3189.60,3189.60,0,3189.6,0,20250320,3191.00,3191.00,3191.00,3191.00,0,3191,0,20250321,3150.00,3164.50,3150.00,3164.30,4,3160.88,2,20250324,3159.00,3159.00,3159.00,3159.00,0,3159,0,20250325,3166.50,3170.40,3166.50,3170.40,9,3167.28,6,20250326,3167.00,3167.00,3167.00,3167.00,0,3167,0,20250327,3204.60,3206.20,3204.60,3206.20,1,3204.6,1,20250328,3229.00,3230.40,3229.00,3230.40,1,3229,1,20250331,3238.80,3267.50,3238.80,3267.50,4,3248.05,4,20250401,3262.70,3263.00,3262.20,3263.00,3,3262.53,3,20250402,3300.30,3300.30,3285.00,3285.00,1,3300.3,1,20250403,3304.10,3304.10,3231.70,3239.00,12,3256.88,10,20250404,3174.70,3174.70,3148.00,3148.00,6,3159.05,5,20250407,3150.60,3156.80,3085.90,3085.90,3,3146.93,3,20250408,3144.20,3144.60,3105.20,3105.20,7,3129.8,5,20250409,3194.20,3207.90,3194.20,3200.40,6,3199.48,4,20250410,3300.90,3300.90,3300.90,3300.90,0,3300.9,0,20250411,3356.00,3373.90,3339.70,3373.90,3,3352.8,3,20250414,3364.40,3364.40,3340.00,3352.80,3,3351.2,3,20250415,3367.60,3367.60,3367.60,3367.60,0,3367.6,0,20250416,3416.20,3478.00,3416.20,3478.00,3,3432.33,3,20250417,3468.00,3470.10,3436.50,3459.40,11,3465.32,11,20250421,3518.80,3567.30,3518.70,3558.20,45,3554.13,39,20250422,3575.30,3626.90,3519.20,3553.30,41,3579.2,37,20250423,3485.30,3485.30,3405.00,3425.90,31,3418.45,31,20250424,3495.10,3495.80,3471.50,3482.50,5,3485.82,4,20250425,3435.60,3435.60,3417.70,3430.60,19,3429.81,15,20250428,3424.20,3485.80,3424.20,3480.70,5,3469.66,5,20250429,3466.00,3466.00,3466.00,3466.00,0,3466,0,20250430,3449.30,3449.30,3449.20,3449.20,4,3449.25,2,20250501,3376.30,3378.10,3347.00,3350.40,37,3367.38,35,20250502,3367.50,3398.00,3367.40,3372.50,19,3384.12,19,20250505,3408.30,3458.80,3392.40,3454.60,17,3435.08,16,20250506,3464.40,3557.60,3464.40,3557.60,6,3482.58,5,20250507,3525.20,3534.40,3501.10,3527.60,18,3525.23,14,20250508,3545.10,3551.70,3439.60,3439.60,31,3504.11,28,20250509,3447.40,3481.30,3447.40,3477.80,13,3476.76,10,20250512,3372.00,3375.90,3345.00,3360.60,26,3363.04,19,20250513,3388.80,3394.10,3382.00,3382.00,7,3388.03,7,20250514,3321.20,3321.80,3310.00,3320.20,11,3318.47,10,20250515,3300.00,3373.30,3300.00,3357.30,14,3347.66,13,20250516,3343.90,3343.90,3300.00,3316.80,25,3322.58,19,20250519,3343.00,3381.00,3343.00,3365.60,10,3363.46,10,20250520,3355.00,3418.70,3348.00,3415.70,17,3389.35,15,20250521,3449.00,3453.50,3445.70,3447.40,8,3448.88,8,20250522,3454.90,3475.70,3425.00,3428.90,65,3432.89,43,20250523,3429.10,3502.20,3429.10,3501.50,16,3466.77,16,20250527,3471.00,3484.90,3427.50,3436.80,61,3464.7,56,20250528,3439.00,3452.60,3428.60,3429.40,10,3440.89,10,20250529,3448.00,3448.30,3448.00,3448.30,5,3448.02,5,20250530,3440.20,3441.80,3419.60,3419.60,4,3430.43,4,20250602,3484.00,3507.00,3482.80,3503.50,14,3489,11,20250603,3492.00,3492.00,3478.10,3485.20,9,3485.11,9,20250604,3485.10,3506.70,3477.50,3506.70,11,3487.13,10,20250605,3510.50,3510.50,3470.00,3482.00,24,3489.56,24,20250606,3485.40,3498.00,3453.60,3453.60,13,3481.12,11,20250609,3461.90,3461.90,3461.50,3461.50,4,3461.78,4,20250610,3473.90,3473.90,3450.00,3450.30,6,3454.18,6,20250611,3457.00,3457.00,3450.00,3450.00,4,3451.9,4,20250612,3491.00,3522.00,3466.40,3507.90,13,3504.98,10,20250613,3559.30,3560.20,3559.30,3559.60,4,3559.65,4,20250616,3575.80,3575.80,3523.80,3523.80,8,3539.33,5,20250617,3508.50,3515.10,3505.50,3515.10,6,3507.55,5,20250618,3499.00,3520.80,3491.70,3515.10,19,3509.35,17,20250620,3499.50,3500.70,3473.60,3492.60,13,3489.23,13,20250623,3490.40,3501.20,3490.40,3501.20,1,3490.4,1,20250624,3467.40,3470.70,3440.20,3440.20,12,3460.55,8,20250625,3451.20,3456.00,3449.00,3449.70,12,3453.38,11,20250626,3454.00,3455.30,3452.60,3454.30,8,3453.61,7,20250627,3396.10,3400.00,3385.00,3392.70,9,3392.31,8,20250630,3377.10,3415.00,3377.00,3412.90,16,3400.12,15,20250701,3448.00,3465.90,3445.00,3455.50,46,3457.53,37,20250702,3461.00,3468.90,3454.30,3466.00,63,3463.17,44,20250703,3478.00,3478.00,3441.40,3450.30,57,3450.21,37,20250707,3450.80,3459.10,3425.30,3450.30,74,3448.72,45,20250708,3456.00,3456.00,3423.90,3424.50,51,3425.67,33,20250709,3419.20,3427.80,3399.00,3427.50,56,3425.34,37,20250710,3438.70,3438.70,3428.30,3432.10,11,3431.46,10,20250711,3440.00,3487.40,3440.00,3470.30,90,3466.87,45,20250714,3487.00,3494.00,3457.80,3466.80,64,3470.91,52,20250715,3477.60,3477.60,3437.30,3444.40,188,3457.37,136,20250716,3452.10,3489.50,3433.70,3466.10,76,3456.74,60,20250717,3427.20,3452.90,3422.80,3452.60,42,3443.1,38,20250718,3452.00,3471.50,3452.00,3465.50,26,3466.57,26,20250721,3465.50,3523.50,3465.50,3515.40,62,3502.48,44,20250722,3524.00,3558.00,3506.90,3555.20,66,3531.53,44,20250723,3554.00,3554.10,3504.10,3507.30,209,3533.24,138,20250724,3506.00,3506.00,3464.60,3483.90,148,3479.04,104,20250725,3459.70,3460.80,3434.30,3443.80,133,3446.74,88,20250728,3445.80,3449.80,3410.40,3418.00,232,3430.86,165,20250729,3415.60,3437.30,3415.60,3432.40,192,3428.48,156,20250730,3434.60,3438.60,3372.40,3403.70,181,3405.12,157,20250731,3389.70,3413.40,3387.10,3400.00,48,3397.46,48,20250801,3397.80,3458.50,3388.30,3449.90,44,3428.42,40,20250804,3457.70,3482.80,3456.90,3476.90,67,3473.32,61,20250805,3483.30,3487.70,3453.80,3485.70,45,3481,45,20250806,3484.50,3488.20,3463.20,3484.30,46,3480.62,43,20250807,3484.10,3518.10,3484.10,3503.30,57,3501.16,54,20250808,3559.30,3560.00,3504.00,3539.30,153,3527.89,109,20250811,3516.00,3516.10,3453.30,3457.50,290,3466.42,210,20250812,3458.50,3458.50,3433.80,3451.50,202,3449.42,176,20250813,3454.40,3469.60,3447.50,3460.80,136,3458.45,119,20250814,3470.60,3470.60,3428.00,3435.20,222,3445.15,163,20250815,3433.90,3442.60,3432.10,3434.00,78,3437.18,70,20250818,3429.30,3450.40,3420.00,3429.40,83,3436.19,73,20250819,3433.80,3439.60,3409.10,3409.30,128,3416.27,112,20250820,3409.50,3442.90,3404.00,3439.50,45,3419.85,40,20250821,3435.60,3441.20,3421.30,3433.00,53,3433.91,43,20250822,3429.70,3473.10,3415.20,3469.60,151,3453.06,102,20250825,3467.00,3472.60,3457.20,3469.00,43,3466.2,42,20250826,3455.60,3491.00,3450.00,3485.20,145,3472.92,112,20250827,3494.00,3504.00,3476.70,3501.90,62,3488.25,55,20250828,3502.50,3530.50,3497.50,3526.80,128,3513.94,86,20250829,3527.80,3573.00,3518.60,3569.60,83,3546.6,70,20250902,3563.60,3653.20,3560.70,3646.10,148,3612.9,131,20250903,3651.00,3694.20,3651.00,3689.90,97,3677.18,70,20250904,3672.00,3672.00,3631.30,3661.30,218,3652.7,137,20250905,3664.00,3709.30,3661.70,3707.50,159,3693.83,141,20250908,3687.30,3738.10,3678.40,3731.20,347,3722.46,261,20250909,3726.00,3765.40,3718.80,3735.90,148,3743.38,137,20250910,3716.80,3748.80,3710.40,3735.80,65,3733.77,58,20250911,3735.80,3740.00,3705.50,3726.80,167,3722.11,155,20250912,3726.40,3746.70,3723.60,3740.30,211,3739.78,181,20250915,3736.10,3777.80,3717.10,3773.10,195,3744.54,152,20250916,3770.10,3793.70,3768.40,3779.50,171,3780.34,132,20250917,3786.60,3795.90,3735.00,3772.50,317,3763.45,249,20250918,3750.50,3760.60,3720.90,3732.60,114,3740.98,106,20250919,3730.70,3773.20,3722.70,3760.50,122,3751.76,91,20250922,3776.00,3838.00,3776.00,3830.50,243,3813.72,180,20250923,3833.50,3878.00,3830.00,3872.30,287,3857.7,233,20250924,3853.00,3867.50,3807.90,3824.70,194,3840.89,165,20250925,3825.40,3847.70,3810.00,3828.80,239,3831.53,184,20250926,3839.90,3870.70,3823.00,3866.90,168,3845.9,147,20250929,3847.00,3920.50,3847.00,3914.60,208,3901.45,185,20250930,3917.10,3958.40,3880.50,3932.10,707,3926.8,390,20251001,3945.80,3982.30,3941.90,3956.90,391,3963.22,298,20251002,3952.00,3981.00,3903.00,3926.50,407,3932.98,286,20251003,3940.40,3973.90,3922.00,3967.60,260,3959.18,192,20251006,3970.00,4053.20,3970.00,4037.10,308,4019.94,227,20251007,4046.20,4075.50,4028.20,4066.60,316,4057.76,225,20251008,4075.00,4143.60,4069.80,4133.70,557,4122.66,462,20251009,4118.00,4140.00,4024.80,4034.00,496,4086.12,435,20251010,4057.50,4099.80,4023.00,4062.00,693,4068.92,635,20251013,4081.70,4198.90,4081.70,4196.40,429,4159.63,347,20251014,4196.40,4253.90,4169.80,4226.60,519,4214.9,451,20251015,4241.00,4297.70,4232.10,4265.50,736,4273.69,633,20251016,4290.40,4410.00,4280.50,4369.70,893,4338.2,790,20251017,4420.10,4455.00,4261.40,4276.80,1234,4381.15,959,20251020,4331.30,4460.00,4298.50,4425.40,670,4375.79,507,20251021,4436.70,4457.00,4156.10,4171.40,853,4298.23,765,20251022,4203.00,4232.50,4090.10,4128.00,632,4159.78,527,20251023,4174.90,4234.90,4155.90,4209.10,378,4201.32,301,20251024,4197.00,4220.70,4124.90,4201.30,320,4183.93,302,20251027,4159.70,4180.00,4049.00,4081.30,506,4114.31,410,20251028,4063.40,4093.00,3965.20,4043.70,411,4021.4,335,20251029,4007.90,4103.10,4007.90,4062.60,417,4068.7,345,20251030,4000.00,4103.30,3993.20,4079.00,302,4055.57,279,20251031,4103.00,4112.60,4045.60,4059.00,494,4079.03,347,20251103,4071.00,4104.70,4035.70,4077.20,261,4083.66,235,20251104,4069.40,4073.90,4000.00,4022.50,452,4031.32,425,20251105,4008.00,4061.40,4003.00,4055.70,336,4045.38,290,20251106,4041.60,4091.00,4036.90,4053.60,362,4061.73,288,20251107,4070.00,4097.00,4055.50,4072.80,152,4072.3,146,20251110,4080.00,4187.70,4080.00,4186.50,430,4150.02,357,20251111,4187.70,4218.30,4167.90,4180.90,513,4195.63,334,20251112,4205.20,4281.00,4173.80,4279.20,651,4230.8,429,20251113,4267.80,4313.80,4219.00,4261.70,514,4272.69,309,20251114,4248.90,4280.80,4100.00,4159.00,824,4194.06,571,20251117,4146.40,4170.00,4072.20,4139.50,631,4134.74,438,20251118,4120.00,4147.20,4066.20,4131.20,852,4110.83,562,20251119,4133.50,4199.00,4121.20,4148.30,944,4160.06,746,20251120,4144.30,4172.00,4095.00,4125.30,728,4136.93,566,20251121,4139.40,4165.00,4084.00,4144.90,1045,4121.76,861,20251124,4132.70,4201.20,4102.60,4159.60,563,4139.24,518,20251125,4197.50,4221.80,4173.20,4206.50,1587,4199.47,1261,20251126,4195.90,4238.00,4194.90,4231.80,1559,4223.79,1132,20251128,4228.20,4291.40,4204.20,4284.80,2456,4238.97,1809,20251201,4289.40,4330.00,4271.40,4305.70,2807,4301.96,2181,20251202,4294.20,4296.70,4225.00,4251.50,3074,4263.78,2001,20251203,4269.60,4303.50,4257.20,4263.20,2165,4277.04,1641,20251204,4265.60,4281.20,4234.40,4273.40,1530,4260.23,1221,20251205,4269.00,4320.90,4253.70,4273.80,1674,4283.84,1362,20251208,4260.70,4277.70,4235.00,4248.60,1318,4257.26,1116,20251209,4249.80,4282.20,4229.10,4267.40,1653,4259.58,1276,20251210,4267.10,4298.50,4239.10,4255.60,2052,4265.46,1387,20251211,4291.40,4348.20,4262.40,4344.40,3519,4306.8,2406,20251212,4337.90,4419.00,4317.40,4360.00,3465,4370.53,2394,20251215,4360.70,4415.00,4348.80,4367.00,2600,4384.1,1804,20251216,4367.00,4399.00,4329.70,4363.90,2347,4370.23,1903,20251217,4366.80,4414.40,4366.10,4405.50,2295,4394.4,1811,20251218,4400.50,4440.40,4369.60,4395.90,2556,4401.31,1885,20251219,4397.60,4419.90,4368.30,4418.80,1786,4399.93,1348,20251222,4401.40,4516.40,4400.20,4501.60,4525,4482.69,2829,20251223,4512.40,4563.20,4489.70,4538.10,5023,4534.8,3547,20251224,4550.00,4587.00,4506.90,4535.10,2746,4551,2091,20251226,4548.60,4616.50,4548.60,4585.70,5113,4584.63,3228,20251229,4601.90,4609.80,4348.60,4375.70,7547,4475.59,5702,20251230,4382.10,4452.00,4372.30,4418.90,2972,4415.92,2402,20251231,4388.40,4416.30,4317.60,4373.90,3816,4369.44,2996,20260102,4377.40,4446.70,4352.30,4361.90,2953,4406.53,2238,20260105,4395.90,4500.00,4387.80,4484.10,4680,4468.16,3364,20260106,4493.20,4541.00,4471.90,4529.10,4077,4512.65,2846,20260107,4540.70,4545.00,4465.80,4495.30,4192,4497.08,3095,20260108,4503.70,4521.50,4447.80,4493.90,3968,4478.53,3153,20260109,4519.80,4560.20,4496.60,4534.70,3576,4531.1,2726,20260112,4561.70,4674.60,4558.70,4649.20,7296,4636.91,5657,20260113,4639.00,4678.00,4611.00,4633.50,6271,4639.96,5059,20260114,4632.30,4685.00,4632.00,4670.10,7857,4665.94,5848,20260115,4670.70,4671.40,4618.00,4657.70,8713,4642.85,6304,20260116,4657.70,4658.80,4573.30,4629.40,10012,4628.47,7012,20260120,4661.00,4806.00,4659.50,4800.80,20405,4752.58,14735,20260121,4804.90,4925.10,4793.30,4873.10,28781,4874.98,20258,20260122,4871.00,4980.10,4807.90,4949.40,29392,4890.16,19185,20260123,4977.80,5028.30,4937.70,5017.00,30608,4994.88,21675,20260126,5042.80,5145.20,5022.90,5122.30,83726,5104.05,53274,20260127,5043.90,5229.80,5043.90,5120.60,91940,5125.9,59178,20260128,5218.60,5452.80,5193.60,5340.20,335433,5308.43,244435,20260129,5449.90,5626.80,5126.00,5354.80,535273,5453.48,389653,20260130,5410.00,5480.20,4700.40,4745.10,471965,5063.64,347329,20260202,4816.00,4905.60,4423.20,4652.60,360736,4700.51,278042,20260203,4691.00,5018.10,4690.20,4935.00,244229,4923.61,185601,20260204,4966.10,5113.90,4867.70,4950.80,227117,5009.67,168796,20260205,4986.60,5045.00,4779.60,4889.50,220040,4890.03,168030,20260206,4800.00,4995.60,4670.00,4979.80,162332,4877.87,122381,20260209,5003.60,5111.10,4988.60,5079.40,113012,5053.36,85188,20260210,5084.30,5102.70,5011.00,5031.00,97289,5056.95,73185,20260211,5048.00,5144.50,5036.30,5098.50,116736,5092.54,85306,20260212,5107.30,5122.80,4900.00,4948.40,147097,5017.32,109043,20260213,4950.00,5069.10,4907.10,5046.30,112783,5008.52,84368,20260217,5050.00,5074.40,4854.20,4905.90,156491,4944.22,115073,20260218,4898.50,5031.90,4868.50,5009.50,89152,4977.6,64870,20260219,4993.70,5042.80,4971.50,4997.40,80714,5013.01,59273,20260220,5015.00,5131.00,4999.30,5080.90,122265,5060.54,89502,20260223,5128.80,5257.30,5120.40,5225.60,129801,5194.74,96088,20260224,5247.50,5269.40,5109.50,5176.30,133586,5178.29,97377,20260225,5160.00,5237.30,5135.90,5226.20,102208,5202.93,75253,20260226,5175.30,5221.90,5144.80,5194.20,118374,5192.79,89293,20260227,5201.90,5299.00,5182.90,5247.90,136922,5234.26,100031,20260302,5360.00,5434.10,5272.90,5311.60,210669,5365.14,157496,20260303,5335.70,5394.20,5005.00,5123.70,244893,5183.42,184459,20260304,5110.00,5218.30,5092.80,5134.70,126108,5169.17,95127,20260305,5155.70,5204.30,5058.90,5078.70,132000,5128.75,98317,20260306,5099.70,5185.00,5071.00,5158.70,122732,5129.68,93148,20260309,5186.70,5210.40,5021.20,5103.70,143108,5104.82,108666,20260310,5152.40,5248.70,5127.10,5242.10,133668,5201.88,98283,20260311,5194.00,5230.90,5155.90,5179.10,99576,5192.64,75064,20260312,5185.40,5197.80,5058.20,5125.80,119006,5148.38,88714,20260313,5084.00,5132.40,5014.10,5061.70,136317,5080.18,99283,20260316,5010.00,5044.50,4970.10,5002.20,140663,5008.99,104310,20260317,5012.20,5049.40,4977.00,5008.20,97680,5015.48,72153,20260318,5010.60,5022.00,4809.30,4896.20,173157,4916.97,126932,20260319,4828.00,4868.70,4505.00,4605.70,256126,4660.11,192578,20260320,4653.90,4738.20,4478.40,4574.90,191786,4624.05,143871,20260323,4450.00,4537.10,4100.00,4407.30,336923,4355.47,257584,20260324,4414.80,4485.60,4306.30,4402.00,170808,4395.87,132601,20260325,4473.50,4601.00,4458.20,4552.30,182101,4552.24,133335,20260326,4508.90,4541.60,4348.20,4376.30,166626,4437.09,128484,20260327,4371.80,4552.10,4369.10,4492.50,21186,4442.74,15226,20260330,4482.80,4579.10,4413.40,4526.00,3547,4517.34,2623,20260331,4510.00,4684.10,4508.60,4647.60,867,4609,442,20260401,4668.40,4789.10,4668.00,4783.20,516,4734.7,280,20260402,4764.90,4784.40,4558.90,4651.50,380,4647.67,262,20260406,4656.10,4689.60,4605.00,4656.80,88,4675.65,75,20260407,4624.90,4676.30,4608.00,4657.10,154,4651.33,90,20260408,4760.00,4851.00,4760.00,4787.40,222,4810.36,150
[2026-04-08 16:34:39] INFO     | trading.broker         | Fetched 471 historical bars for GCJ6
[2026-04-08 16:34:39] INFO     | trading.strategy.mgc_pullback | [3] Computing indicators...
[2026-04-08 16:34:39] INFO     | trading.strategy.mgc_pullback | Last bar  date=2026-04-08  close=4787.40  SMA200=4202.83  SMA37=4909.65  RSI2=89.40
[2026-04-08 16:34:39] INFO     | trading.strategy.mgc_pullback | Current position: 0
[2026-04-08 16:34:39] INFO     | trading.strategy.mgc_pullback | [4] Generating signal...
[2026-04-08 16:34:39] INFO     | trading.strategy.mgc_pullback | States  uptrend=True  pullback=False  exit_up=False  pos=0
[2026-04-08 16:34:39] INFO     | trading.strategy.mgc_pullback | Signal: NONE  reason=No actionable signal
[2026-04-08 16:34:39] INFO     | trading.strategy.mgc_pullback | No order required
[2026-04-08 16:34:39] INFO     | trading.strategy.mgc_pullback | EXECUTION COMPLETE for mgc_pullback
[2026-04-08 16:34:39] INFO     | ib_insync.ib           | Disconnecting from 127.0.0.1:4002, 360 B sent in 12 messages, 43.0 kB received in 316 messages, session time 5.60 s.
[2026-04-08 16:34:39] INFO     | ib_insync.client       | Disconnecting
[2026-04-08 16:34:39] INFO     | trading.broker         | Disconnected from IBKR
[2026-04-08 16:34:39] INFO     | trading.db             | Database connection closed
[2026-04-08 16:34:39] INFO     | trading.main           | ALL STRATEGIES COMPLETE
[2026-04-09 14:59:22] DEBUG    | asyncio                | Using selector: KqueueSelector
[2026-04-09 14:59:22] INFO     | trading.main           | ============================================================
[2026-04-09 14:59:22] INFO     | trading.main           |   TRADING FRAMEWORK – STARTING
[2026-04-09 14:59:22] INFO     | trading.main           | ============================================================
[2026-04-09 14:59:22] INFO     | trading.db             | Database ready at /Users/rishabhmaniyar/Downloads/trading_framework/data/trading.db
[2026-04-09 14:59:22] INFO     | trading.broker         | Connecting to IBKR 127.0.0.1:4002 (attempt 1/3)
[2026-04-09 14:59:22] INFO     | ib_insync.client       | Connecting to 127.0.0.1:4002 with clientId 27...
[2026-04-09 14:59:22] INFO     | ib_insync.client       | Connected
[2026-04-09 14:59:22] DEBUG    | ib_insync.client       | <<< 176,20260409 14:59:22 India Standard Time
[2026-04-09 14:59:22] DEBUG    | ib_insync.client       | >>> 71,2,27,
[2026-04-09 14:59:22] INFO     | ib_insync.client       | Logged on to server version 176
[2026-04-09 14:59:22] DEBUG    | ib_insync.client       | <<< 15,1,DUM165609
[2026-04-09 14:59:22] DEBUG    | ib_insync.client       | <<< 9,1,1
[2026-04-09 14:59:22] INFO     | ib_insync.client       | API connection ready
[2026-04-09 14:59:22] DEBUG    | ib_insync.client       | >>> 61,1
[2026-04-09 14:59:22] DEBUG    | ib_insync.client       | >>> 5,1
[2026-04-09 14:59:22] DEBUG    | ib_insync.client       | >>> 99,0
[2026-04-09 14:59:22] DEBUG    | ib_insync.client       | >>> 6,2,1,DUM165609
[2026-04-09 14:59:22] DEBUG    | ib_insync.client       | >>> 76,1,1,DUM165609,,0
[2026-04-09 14:59:22] DEBUG    | ib_insync.client       | <<< 4,2,-1,2110,Connectivity between Trader Workstation and server is broken. It will be restored automatically.,
[2026-04-09 14:59:22] INFO     | ib_insync.wrapper      | Warning 2110, reqId -1: Connectivity between Trader Workstation and server is broken. It will be restored automatically.
[2026-04-09 14:59:22] DEBUG    | ib_insync.client       | <<< 4,2,-1,2103,Market data farm connection is broken:usfarm,
[2026-04-09 14:59:22] INFO     | ib_insync.wrapper      | Warning 2103, reqId -1: Market data farm connection is broken:usfarm
[2026-04-09 14:59:22] DEBUG    | ib_insync.client       | <<< 4,2,-1,2105,HMDS data farm connection is broken:ushmds,
[2026-04-09 14:59:22] INFO     | ib_insync.wrapper      | Warning 2105, reqId -1: HMDS data farm connection is broken:ushmds
[2026-04-09 14:59:22] DEBUG    | ib_insync.client       | <<< 4,2,-1,2157,Sec-def data farm connection is broken:secdefil,
[2026-04-09 14:59:22] INFO     | ib_insync.wrapper      | Warning 2157, reqId -1: Sec-def data farm connection is broken:secdefil
[2026-04-09 14:59:23] DEBUG    | ib_insync.client       | <<< 6,2,AccountCode,DUM165609,,DUM165609
[2026-04-09 14:59:23] DEBUG    | ib_insync.client       | <<< 6,2,AccountOrGroup,DUM165609,BASE,DUM165609
[2026-04-09 14:59:23] DEBUG    | ib_insync.client       | <<< 6,2,AccountOrGroup,DUM165609,USD,DUM165609
[2026-04-09 14:59:23] DEBUG    | ib_insync.client       | <<< 6,2,AccountReady,true,,DUM165609
[2026-04-09 14:59:23] DEBUG    | ib_insync.client       | <<< 6,2,AccountType,CORPORATION,,DUM165609
[2026-04-09 14:59:23] DEBUG    | ib_insync.client       | <<< 6,2,AccruedCash,121.43,BASE,DUM165609
[2026-04-09 14:59:23] DEBUG    | ib_insync.client       | <<< 6,2,AccruedCash,121.43,USD,DUM165609
[2026-04-09 14:59:23] DEBUG    | ib_insync.client       | <<< 6,2,AccruedCash-P,0.00,USD,DUM165609
[2026-04-09 14:59:23] DEBUG    | ib_insync.client       | <<< 6,2,AccruedCash-S,121.43,USD,DUM165609
[2026-04-09 14:59:23] DEBUG    | ib_insync.client       | <<< 6,2,AccruedDividend,0.00,USD,DUM165609
[2026-04-09 14:59:23] DEBUG    | ib_insync.client       | <<< 6,2,AccruedDividend-P,0.00,USD,DUM165609
[2026-04-09 14:59:23] DEBUG    | ib_insync.client       | <<< 6,2,AccruedDividend-S,0.00,USD,DUM165609
[2026-04-09 14:59:23] DEBUG    | ib_insync.client       | <<< 6,2,AvailableFunds,238714.12,USD,DUM165609
[2026-04-09 14:59:23] DEBUG    | ib_insync.client       | <<< 6,2,AvailableFunds-P,0.00,USD,DUM165609
[2026-04-09 14:59:23] DEBUG    | ib_insync.client       | <<< 6,2,AvailableFunds-S,238714.12,USD,DUM165609
[2026-04-09 14:59:23] DEBUG    | ib_insync.client       | <<< 6,2,Billable,0.00,USD,DUM165609
[2026-04-09 14:59:23] DEBUG    | ib_insync.client       | <<< 6,2,Billable-P,0.00,USD,DUM165609
[2026-04-09 14:59:23] DEBUG    | ib_insync.client       | <<< 6,2,Billable-S,0.00,USD,DUM165609
[2026-04-09 14:59:23] DEBUG    | ib_insync.client       | <<< 6,2,BuyingPower,1591427.44,USD,DUM165609
[2026-04-09 14:59:23] DEBUG    | ib_insync.client       | <<< 6,2,CashBalance,245033.54,BASE,DUM165609
[2026-04-09 14:59:23] DEBUG    | ib_insync.client       | <<< 6,2,CashBalance,245033.54,USD,DUM165609
[2026-04-09 14:59:23] DEBUG    | ib_insync.client       | <<< 6,2,ColumnPrio-P,5,,DUM165609
[2026-04-09 14:59:23] DEBUG    | ib_insync.client       | <<< 6,2,ColumnPrio-S,1,,DUM165609
[2026-04-09 14:59:23] DEBUG    | ib_insync.client       | <<< 6,2,CorporateBondValue,0.00,BASE,DUM165609
[2026-04-09 14:59:23] DEBUG    | ib_insync.client       | <<< 6,2,CorporateBondValue,0.00,USD,DUM165609
[2026-04-09 14:59:23] DEBUG    | ib_insync.client       | <<< 6,2,Cryptocurrency,0.00,BASE,DUM165609
[2026-04-09 14:59:23] DEBUG    | ib_insync.client       | <<< 6,2,Cryptocurrency,0.00,USD,DUM165609
[2026-04-09 14:59:23] DEBUG    | ib_insync.client       | <<< 6,2,Currency,BASE,BASE,DUM165609
[2026-04-09 14:59:23] DEBUG    | ib_insync.client       | <<< 6,2,Currency,USD,USD,DUM165609
[2026-04-09 14:59:23] DEBUG    | ib_insync.client       | <<< 6,2,Cushion,0.978702,,DUM165609
[2026-04-09 14:59:23] DEBUG    | ib_insync.client       | <<< 6,2,EquityWithLoanValue,245151.22,USD,DUM165609
[2026-04-09 14:59:23] DEBUG    | ib_insync.client       | <<< 6,2,EquityWithLoanValue-P,0.00,USD,DUM165609
[2026-04-09 14:59:23] DEBUG    | ib_insync.client       | <<< 6,2,EquityWithLoanValue-S,245151.22,USD,DUM165609
[2026-04-09 14:59:23] DEBUG    | ib_insync.client       | <<< 6,2,ExcessLiquidity,239933.76,USD,DUM165609
[2026-04-09 14:59:23] DEBUG    | ib_insync.client       | <<< 6,2,ExcessLiquidity-P,0.00,USD,DUM165609
[2026-04-09 14:59:23] DEBUG    | ib_insync.client       | <<< 6,2,ExcessLiquidity-S,239933.76,USD,DUM165609
[2026-04-09 14:59:23] DEBUG    | ib_insync.client       | <<< 6,2,ExchangeRate,1.00,BASE,DUM165609
[2026-04-09 14:59:23] DEBUG    | ib_insync.client       | <<< 6,2,ExchangeRate,1.00,USD,DUM165609
[2026-04-09 14:59:23] DEBUG    | ib_insync.client       | <<< 6,2,FullAvailableFunds,235955.36,USD,DUM165609
[2026-04-09 14:59:23] DEBUG    | ib_insync.client       | <<< 6,2,FullAvailableFunds-P,0.00,USD,DUM165609
[2026-04-09 14:59:23] DEBUG    | ib_insync.client       | <<< 6,2,FullAvailableFunds-S,235955.36,USD,DUM165609
[2026-04-09 14:59:23] DEBUG    | ib_insync.client       | <<< 6,2,FullExcessLiquidity,237696.10,USD,DUM165609
[2026-04-09 14:59:23] DEBUG    | ib_insync.client       | <<< 6,2,FullExcessLiquidity-P,0.00,USD,DUM165609
[2026-04-09 14:59:23] DEBUG    | ib_insync.client       | <<< 6,2,FullExcessLiquidity-S,237696.10,USD,DUM165609
[2026-04-09 14:59:23] DEBUG    | ib_insync.client       | <<< 6,2,FullInitMarginReq,9195.86,USD,DUM165609
[2026-04-09 14:59:23] DEBUG    | ib_insync.client       | <<< 6,2,FullInitMarginReq-P,0.00,USD,DUM165609
[2026-04-09 14:59:23] DEBUG    | ib_insync.client       | <<< 6,2,FullInitMarginReq-S,9195.86,USD,DUM165609
[2026-04-09 14:59:23] DEBUG    | ib_insync.client       | <<< 6,2,FullMaintMarginReq,7458.87,USD,DUM165609
[2026-04-09 14:59:23] DEBUG    | ib_insync.client       | <<< 6,2,FullMaintMarginReq-P,0.00,USD,DUM165609
[2026-04-09 14:59:23] DEBUG    | ib_insync.client       | <<< 6,2,FullMaintMarginReq-S,7458.87,USD,DUM165609
[2026-04-09 14:59:23] DEBUG    | ib_insync.client       | <<< 6,2,FundValue,0.00,BASE,DUM165609
[2026-04-09 14:59:23] DEBUG    | ib_insync.client       | <<< 6,2,FundValue,0.00,USD,DUM165609
[2026-04-09 14:59:23] DEBUG    | ib_insync.client       | <<< 6,2,FutureOptionValue,0.00,BASE,DUM165609
[2026-04-09 14:59:23] DEBUG    | ib_insync.client       | <<< 6,2,FutureOptionValue,0.00,USD,DUM165609
[2026-04-09 14:59:23] DEBUG    | ib_insync.client       | <<< 6,2,FuturesPNL,2325.00,BASE,DUM165609
[2026-04-09 14:59:23] DEBUG    | ib_insync.client       | <<< 6,2,FuturesPNL,2325.00,USD,DUM165609
[2026-04-09 14:59:23] DEBUG    | ib_insync.client       | <<< 6,2,FxCashBalance,0.00,BASE,DUM165609
[2026-04-09 14:59:23] DEBUG    | ib_insync.client       | <<< 6,2,FxCashBalance,0.00,USD,DUM165609
[2026-04-09 14:59:23] DEBUG    | ib_insync.client       | <<< 6,2,GrossPositionValue,0.00,USD,DUM165609
[2026-04-09 14:59:23] DEBUG    | ib_insync.client       | <<< 6,2,GrossPositionValue-S,0.00,USD,DUM165609
[2026-04-09 14:59:23] DEBUG    | ib_insync.client       | <<< 6,2,Guarantee,0.00,USD,DUM165609
[2026-04-09 14:59:23] DEBUG    | ib_insync.client       | <<< 6,2,Guarantee-P,0.00,USD,DUM165609
[2026-04-09 14:59:23] DEBUG    | ib_insync.client       | <<< 6,2,Guarantee-S,0.00,USD,DUM165609
[2026-04-09 14:59:23] DEBUG    | ib_insync.client       | <<< 6,2,IncentiveCoupons,0.00,USD,DUM165609
[2026-04-09 14:59:23] DEBUG    | ib_insync.client       | <<< 6,2,IncentiveCoupons-P,0.00,USD,DUM165609
[2026-04-09 14:59:23] DEBUG    | ib_insync.client       | <<< 6,2,IncentiveCoupons-S,0.00,USD,DUM165609
[2026-04-09 14:59:23] DEBUG    | ib_insync.client       | <<< 6,2,IndianStockHaircut,0.00,USD,DUM165609
[2026-04-09 14:59:23] DEBUG    | ib_insync.client       | <<< 6,2,IndianStockHaircut-P,0.00,USD,DUM165609
[2026-04-09 14:59:23] DEBUG    | ib_insync.client       | <<< 6,2,IndianStockHaircut-S,0.00,USD,DUM165609
[2026-04-09 14:59:23] DEBUG    | ib_insync.client       | <<< 6,2,InitMarginReq,6437.10,USD,DUM165609
[2026-04-09 14:59:23] DEBUG    | ib_insync.client       | <<< 6,2,InitMarginReq-P,0.00,USD,DUM165609
[2026-04-09 14:59:23] DEBUG    | ib_insync.client       | <<< 6,2,InitMarginReq-S,6437.10,USD,DUM165609
[2026-04-09 14:59:23] DEBUG    | ib_insync.client       | <<< 6,2,IssuerOptionValue,0.00,BASE,DUM165609
[2026-04-09 14:59:23] DEBUG    | ib_insync.client       | <<< 6,2,IssuerOptionValue,0.00,USD,DUM165609
[2026-04-09 14:59:23] DEBUG    | ib_insync.client       | <<< 6,2,Leverage-S,0.00,,DUM165609
[2026-04-09 14:59:23] DEBUG    | ib_insync.client       | <<< 6,2,LookAheadAvailableFunds,235955.36,USD,DUM165609
[2026-04-09 14:59:23] DEBUG    | ib_insync.client       | <<< 6,2,LookAheadAvailableFunds-P,0.00,USD,DUM165609
[2026-04-09 14:59:23] DEBUG    | ib_insync.client       | <<< 6,2,LookAheadAvailableFunds-S,235955.36,USD,DUM165609
[2026-04-09 14:59:23] DEBUG    | ib_insync.client       | <<< 6,2,LookAheadExcessLiquidity,237696.10,USD,DUM165609
[2026-04-09 14:59:23] DEBUG    | ib_insync.client       | <<< 6,2,LookAheadExcessLiquidity-P,0.00,USD,DUM165609
[2026-04-09 14:59:23] DEBUG    | ib_insync.client       | <<< 6,2,LookAheadExcessLiquidity-S,237696.10,USD,DUM165609
[2026-04-09 14:59:23] DEBUG    | ib_insync.client       | <<< 6,2,LookAheadInitMarginReq,9195.86,USD,DUM165609
[2026-04-09 14:59:23] DEBUG    | ib_insync.client       | <<< 6,2,LookAheadInitMarginReq-P,0.00,USD,DUM165609
[2026-04-09 14:59:23] DEBUG    | ib_insync.client       | <<< 6,2,LookAheadInitMarginReq-S,9195.86,USD,DUM165609
[2026-04-09 14:59:23] DEBUG    | ib_insync.client       | <<< 6,2,LookAheadMaintMarginReq,7458.87,USD,DUM165609
[2026-04-09 14:59:23] DEBUG    | ib_insync.client       | <<< 6,2,LookAheadMaintMarginReq-P,0.00,USD,DUM165609
[2026-04-09 14:59:23] DEBUG    | ib_insync.client       | <<< 6,2,LookAheadMaintMarginReq-S,7458.87,USD,DUM165609
[2026-04-09 14:59:23] DEBUG    | ib_insync.client       | <<< 6,2,LookAheadNextChange,1775678400,,DUM165609
[2026-04-09 14:59:23] DEBUG    | ib_insync.client       | <<< 6,2,MaintMarginReq,5221.21,USD,DUM165609
[2026-04-09 14:59:23] DEBUG    | ib_insync.client       | <<< 6,2,MaintMarginReq-P,0.00,USD,DUM165609
[2026-04-09 14:59:23] DEBUG    | ib_insync.client       | <<< 6,2,MaintMarginReq-S,5221.21,USD,DUM165609
[2026-04-09 14:59:23] DEBUG    | ib_insync.client       | <<< 6,2,MoneyMarketFundValue,0.00,BASE,DUM165609
[2026-04-09 14:59:23] DEBUG    | ib_insync.client       | <<< 6,2,MoneyMarketFundValue,0.00,USD,DUM165609
[2026-04-09 14:59:23] DEBUG    | ib_insync.client       | <<< 6,2,MutualFundValue,0.00,BASE,DUM165609
[2026-04-09 14:59:23] DEBUG    | ib_insync.client       | <<< 6,2,MutualFundValue,0.00,USD,DUM165609
[2026-04-09 14:59:23] DEBUG    | ib_insync.client       | <<< 6,2,NLVAndMarginInReview,false,,DUM165609
[2026-04-09 14:59:23] DEBUG    | ib_insync.client       | <<< 6,2,NetDividend,0.00,BASE,DUM165609
[2026-04-09 14:59:23] DEBUG    | ib_insync.client       | <<< 6,2,NetDividend,0.00,USD,DUM165609
[2026-04-09 14:59:23] DEBUG    | ib_insync.client       | <<< 6,2,NetLiquidation,245154.97,USD,DUM165609
[2026-04-09 14:59:23] DEBUG    | ib_insync.client       | <<< 6,2,NetLiquidation-P,0.00,USD,DUM165609
[2026-04-09 14:59:23] DEBUG    | ib_insync.client       | <<< 6,2,NetLiquidation-S,245154.97,USD,DUM165609
[2026-04-09 14:59:23] DEBUG    | ib_insync.client       | <<< 6,2,NetLiquidationByCurrency,245154.97,BASE,DUM165609
[2026-04-09 14:59:23] DEBUG    | ib_insync.client       | <<< 6,2,NetLiquidationByCurrency,245154.97,USD,DUM165609
[2026-04-09 14:59:23] DEBUG    | ib_insync.client       | <<< 6,2,NetLiquidationUncertainty,3.75,USD,DUM165609
[2026-04-09 14:59:23] DEBUG    | ib_insync.client       | <<< 6,2,OptionMarketValue,0.00,BASE,DUM165609
[2026-04-09 14:59:23] DEBUG    | ib_insync.client       | <<< 6,2,OptionMarketValue,0.00,USD,DUM165609
[2026-04-09 14:59:23] DEBUG    | ib_insync.client       | <<< 6,2,PASharesValue,0.00,USD,DUM165609
[2026-04-09 14:59:23] DEBUG    | ib_insync.client       | <<< 6,2,PASharesValue-P,0.00,USD,DUM165609
[2026-04-09 14:59:23] DEBUG    | ib_insync.client       | <<< 6,2,PASharesValue-S,0.00,USD,DUM165609
[2026-04-09 14:59:23] DEBUG    | ib_insync.client       | <<< 6,2,PhysicalCertificateValue,0.00,USD,DUM165609
[2026-04-09 14:59:23] DEBUG    | ib_insync.client       | <<< 6,2,PhysicalCertificateValue-P,0.00,USD,DUM165609
[2026-04-09 14:59:23] DEBUG    | ib_insync.client       | <<< 6,2,PhysicalCertificateValue-S,0.00,USD,DUM165609
[2026-04-09 14:59:23] DEBUG    | ib_insync.client       | <<< 6,2,PostExpirationExcess,0.00,USD,DUM165609
[2026-04-09 14:59:23] DEBUG    | ib_insync.client       | <<< 6,2,PostExpirationExcess-P,0.00,USD,DUM165609
[2026-04-09 14:59:23] DEBUG    | ib_insync.client       | <<< 6,2,PostExpirationExcess-S,0.00,USD,DUM165609
[2026-04-09 14:59:23] DEBUG    | ib_insync.client       | <<< 6,2,PostExpirationMargin,0.00,USD,DUM165609
[2026-04-09 14:59:23] DEBUG    | ib_insync.client       | <<< 6,2,PostExpirationMargin-P,0.00,USD,DUM165609
[2026-04-09 14:59:23] DEBUG    | ib_insync.client       | <<< 6,2,PostExpirationMargin-S,0.00,USD,DUM165609
[2026-04-09 14:59:23] DEBUG    | ib_insync.client       | <<< 6,2,RealCurrency,BASE,BASE,DUM165609
[2026-04-09 14:59:23] DEBUG    | ib_insync.client       | <<< 6,2,RealCurrency,USD,USD,DUM165609
[2026-04-09 14:59:23] DEBUG    | ib_insync.client       | <<< 6,2,RealizedPnL,0.00,BASE,DUM165609
[2026-04-09 14:59:23] DEBUG    | ib_insync.client       | <<< 6,2,RealizedPnL,0.00,USD,DUM165609
[2026-04-09 14:59:23] DEBUG    | ib_insync.client       | <<< 6,2,SegmentTitle-P,Crypto at Paxos,,DUM165609
[2026-04-09 14:59:23] DEBUG    | ib_insync.client       | <<< 6,2,SegmentTitle-S,Securities,,DUM165609
[2026-04-09 14:59:23] DEBUG    | ib_insync.client       | <<< 6,2,SettledCashByDate,20260408:242708.54;20260409:245033.53999999,,DUM165609
[2026-04-09 14:59:23] DEBUG    | ib_insync.client       | <<< 6,2,SettledCashByDate-P,20260408:0,,DUM165609
[2026-04-09 14:59:23] DEBUG    | ib_insync.client       | <<< 6,2,SettledCashByDate-S,20260408:242708.54;20260409:245033.53999999,,DUM165609
[2026-04-09 14:59:23] DEBUG    | ib_insync.client       | <<< 6,2,StockMarketValue,0.00,BASE,DUM165609
[2026-04-09 14:59:23] DEBUG    | ib_insync.client       | <<< 6,2,StockMarketValue,0.00,USD,DUM165609
[2026-04-09 14:59:23] DEBUG    | ib_insync.client       | <<< 6,2,TBillValue,0.00,BASE,DUM165609
[2026-04-09 14:59:23] DEBUG    | ib_insync.client       | <<< 6,2,TBillValue,0.00,USD,DUM165609
[2026-04-09 14:59:23] DEBUG    | ib_insync.client       | <<< 6,2,TBondValue,0.00,BASE,DUM165609
[2026-04-09 14:59:23] DEBUG    | ib_insync.client       | <<< 6,2,TBondValue,0.00,USD,DUM165609
[2026-04-09 14:59:23] DEBUG    | ib_insync.client       | <<< 6,2,TotalCashBalance,245033.54,BASE,DUM165609
[2026-04-09 14:59:23] DEBUG    | ib_insync.client       | <<< 6,2,TotalCashBalance,245033.54,USD,DUM165609
[2026-04-09 14:59:23] DEBUG    | ib_insync.client       | <<< 6,2,TotalCashValue,245033.54,USD,DUM165609
[2026-04-09 14:59:23] DEBUG    | ib_insync.client       | <<< 6,2,TotalCashValue-P,0.00,USD,DUM165609
[2026-04-09 14:59:23] DEBUG    | ib_insync.client       | <<< 6,2,TotalCashValue-S,245033.54,USD,DUM165609
[2026-04-09 14:59:23] DEBUG    | ib_insync.client       | <<< 6,2,TotalDebitCardPendingCharges,0.00,USD,DUM165609
[2026-04-09 14:59:23] DEBUG    | ib_insync.client       | <<< 6,2,TotalDebitCardPendingCharges-P,0.00,USD,DUM165609
[2026-04-09 14:59:23] DEBUG    | ib_insync.client       | <<< 6,2,TotalDebitCardPendingCharges-S,0.00,USD,DUM165609
[2026-04-09 14:59:23] DEBUG    | ib_insync.client       | <<< 6,2,TradingType-S,STKNOPT,,DUM165609
[2026-04-09 14:59:23] DEBUG    | ib_insync.client       | <<< 6,2,UnrealizedPnL,2491.89,BASE,DUM165609
[2026-04-09 14:59:23] DEBUG    | ib_insync.client       | <<< 6,2,UnrealizedPnL,2491.89,USD,DUM165609
[2026-04-09 14:59:23] DEBUG    | ib_insync.client       | <<< 6,2,WarrantValue,0.00,BASE,DUM165609
[2026-04-09 14:59:23] DEBUG    | ib_insync.client       | <<< 6,2,WarrantValue,0.00,USD,DUM165609
[2026-04-09 14:59:23] DEBUG    | ib_insync.client       | <<< 7,8,770561194,MES,FUT,20260618,0,0,5,CME,USD,MESM6,MES,3,6811.75,102176.25,33228.12,2491.89,0.0,DUM165609
[2026-04-09 14:59:23] INFO     | ib_insync.wrapper      | updatePortfolio: PortfolioItem(contract=Future(conId=770561194, symbol='MES', lastTradeDateOrContractMonth='20260618', right='0', multiplier='5', primaryExchange='CME', currency='USD', localSymbol='MESM6', tradingClass='MES'), position=3.0, marketPrice=6811.75, marketValue=102176.25, averageCost=33228.12, unrealizedPNL=2491.89, realizedPNL=0.0, account='DUM165609')
[2026-04-09 14:59:23] DEBUG    | ib_insync.client       | <<< 8,1,21:47
[2026-04-09 14:59:23] DEBUG    | ib_insync.client       | <<< 8,1,21:47
[2026-04-09 14:59:23] DEBUG    | ib_insync.client       | <<< 54,1,DUM165609
[2026-04-09 14:59:37] ERROR    | ib_insync.ib           | positions request timed out
[2026-04-09 14:59:37] ERROR    | ib_insync.ib           | open orders request timed out
[2026-04-09 14:59:37] ERROR    | ib_insync.ib           | completed orders request timed out
[2026-04-09 14:59:37] ERROR    | ib_insync.ib           | account updates for DUM165609 request timed out
[2026-04-09 14:59:37] DEBUG    | ib_insync.client       | >>> 7,3,2,0,,,,,,
[2026-04-09 14:59:52] ERROR    | ib_insync.client       | Peer closed connection.
[2026-04-09 14:59:52] WARNING  | trading.broker         | Connection attempt 1 failed: Socket disconnect
[2026-04-09 14:59:57] INFO     | trading.broker         | Connecting to IBKR 127.0.0.1:4002 (attempt 2/3)
[2026-04-09 14:59:57] INFO     | ib_insync.client       | Connecting to 127.0.0.1:4002 with clientId 27...
[2026-04-09 14:59:57] INFO     | ib_insync.client       | Disconnecting
[2026-04-09 14:59:57] ERROR    | ib_insync.client       | API connection failed: ConnectionRefusedError(61, "Connect call failed ('127.0.0.1', 4002)")
[2026-04-09 14:59:57] ERROR    | ib_insync.client       | Make sure API port on TWS/IBG is open
[2026-04-09 14:59:57] WARNING  | trading.broker         | Connection attempt 2 failed: [Errno 61] Connect call failed ('127.0.0.1', 4002)
[2026-04-09 15:00:02] INFO     | trading.broker         | Connecting to IBKR 127.0.0.1:4002 (attempt 3/3)
[2026-04-09 15:00:02] INFO     | ib_insync.client       | Connecting to 127.0.0.1:4002 with clientId 27...
[2026-04-09 15:00:02] INFO     | ib_insync.client       | Disconnecting
[2026-04-09 15:00:02] ERROR    | ib_insync.client       | API connection failed: ConnectionRefusedError(61, "Connect call failed ('127.0.0.1', 4002)")
[2026-04-09 15:00:02] ERROR    | ib_insync.client       | Make sure API port on TWS/IBG is open
[2026-04-09 15:00:02] WARNING  | trading.broker         | Connection attempt 3 failed: [Errno 61] Connect call failed ('127.0.0.1', 4002)
[2026-04-09 15:00:02] CRITICAL | trading.main           | Could not connect to IBKR — aborting
[2026-04-09 15:00:02] INFO     | trading.broker         | Disconnected from IBKR
[2026-04-09 15:00:02] INFO     | trading.db             | Database connection closed
[2026-04-09 15:00:50] DEBUG    | asyncio                | Using selector: KqueueSelector
[2026-04-09 15:00:50] INFO     | trading.main           | ============================================================
[2026-04-09 15:00:50] INFO     | trading.main           |   TRADING FRAMEWORK – STARTING
[2026-04-09 15:00:50] INFO     | trading.main           | ============================================================
[2026-04-09 15:00:50] INFO     | trading.db             | Database ready at /Users/rishabhmaniyar/Downloads/trading_framework/data/trading.db
[2026-04-09 15:00:50] INFO     | trading.broker         | Connecting to IBKR 127.0.0.1:4002 (attempt 1/3)
[2026-04-09 15:00:50] INFO     | ib_insync.client       | Connecting to 127.0.0.1:4002 with clientId 27...
[2026-04-09 15:00:50] INFO     | ib_insync.client       | Connected
[2026-04-09 15:00:50] DEBUG    | ib_insync.client       | <<< 176,20260409 15:00:50 India Standard Time
[2026-04-09 15:00:50] DEBUG    | ib_insync.client       | >>> 71,2,27,
[2026-04-09 15:00:50] INFO     | ib_insync.client       | Logged on to server version 176
[2026-04-09 15:00:50] DEBUG    | ib_insync.client       | <<< 15,1,DUM165609
[2026-04-09 15:00:50] DEBUG    | ib_insync.client       | <<< 9,1,1
[2026-04-09 15:00:50] INFO     | ib_insync.client       | API connection ready
[2026-04-09 15:00:50] DEBUG    | ib_insync.client       | >>> 61,1
[2026-04-09 15:00:50] DEBUG    | ib_insync.client       | >>> 5,1
[2026-04-09 15:00:50] DEBUG    | ib_insync.client       | >>> 99,0
[2026-04-09 15:00:50] DEBUG    | ib_insync.client       | >>> 6,2,1,DUM165609
[2026-04-09 15:00:50] DEBUG    | ib_insync.client       | >>> 76,1,1,DUM165609,,0
[2026-04-09 15:00:50] DEBUG    | ib_insync.client       | <<< 4,2,-1,2104,Market data farm connection is OK:usfarm,
[2026-04-09 15:00:50] INFO     | ib_insync.wrapper      | Warning 2104, reqId -1: Market data farm connection is OK:usfarm
[2026-04-09 15:00:50] DEBUG    | ib_insync.client       | <<< 4,2,-1,2106,HMDS data farm connection is OK:ushmds,
[2026-04-09 15:00:50] INFO     | ib_insync.wrapper      | Warning 2106, reqId -1: HMDS data farm connection is OK:ushmds
[2026-04-09 15:00:50] DEBUG    | ib_insync.client       | <<< 4,2,-1,2158,Sec-def data farm connection is OK:secdefil,
[2026-04-09 15:00:50] INFO     | ib_insync.wrapper      | Warning 2158, reqId -1: Sec-def data farm connection is OK:secdefil
[2026-04-09 15:00:50] DEBUG    | ib_insync.client       | <<< 61,3,DUM165609,770561194,MES,FUT,20260618,0.0,,5,,USD,MESM6,MES,3,33228.12
[2026-04-09 15:00:50] INFO     | ib_insync.wrapper      | position: Position(account='DUM165609', contract=Future(conId=770561194, symbol='MES', lastTradeDateOrContractMonth='20260618', multiplier='5', currency='USD', localSymbol='MESM6', tradingClass='MES'), position=3.0, avgCost=33228.12)
[2026-04-09 15:00:50] DEBUG    | ib_insync.client       | <<< 62,1
[2026-04-09 15:00:50] DEBUG    | ib_insync.client       | <<< 53,1
[2026-04-09 15:00:50] DEBUG    | ib_insync.client       | <<< 6,2,AccountCode,DUM165609,,DUM165609
[2026-04-09 15:00:50] DEBUG    | ib_insync.client       | <<< 6,2,AccountOrGroup,DUM165609,BASE,DUM165609
[2026-04-09 15:00:50] DEBUG    | ib_insync.client       | <<< 6,2,AccountOrGroup,DUM165609,USD,DUM165609
[2026-04-09 15:00:50] DEBUG    | ib_insync.client       | <<< 6,2,AccountReady,true,,DUM165609
[2026-04-09 15:00:50] DEBUG    | ib_insync.client       | <<< 6,2,AccountType,CORPORATION,,DUM165609
[2026-04-09 15:00:50] DEBUG    | ib_insync.client       | <<< 6,2,AccruedCash,141.71,BASE,DUM165609
[2026-04-09 15:00:50] DEBUG    | ib_insync.client       | <<< 6,2,AccruedCash,141.71,USD,DUM165609
[2026-04-09 15:00:50] DEBUG    | ib_insync.client       | <<< 6,2,AccruedCash-P,0.00,USD,DUM165609
[2026-04-09 15:00:50] DEBUG    | ib_insync.client       | <<< 6,2,AccruedCash-S,141.71,USD,DUM165609
[2026-04-09 15:00:50] DEBUG    | ib_insync.client       | <<< 6,2,AccruedDividend,0.00,USD,DUM165609
[2026-04-09 15:00:50] DEBUG    | ib_insync.client       | <<< 6,2,AccruedDividend-P,0.00,USD,DUM165609
[2026-04-09 15:00:50] DEBUG    | ib_insync.client       | <<< 6,2,AccruedDividend-S,0.00,USD,DUM165609
[2026-04-09 15:00:50] DEBUG    | ib_insync.client       | <<< 6,2,AvailableFunds,235844.25,USD,DUM165609
[2026-04-09 15:00:50] DEBUG    | ib_insync.client       | <<< 6,2,AvailableFunds-P,0.00,USD,DUM165609
[2026-04-09 15:00:50] DEBUG    | ib_insync.client       | <<< 6,2,AvailableFunds-S,235844.25,USD,DUM165609
[2026-04-09 15:00:50] DEBUG    | ib_insync.client       | <<< 6,2,Billable,0.00,USD,DUM165609
[2026-04-09 15:00:50] DEBUG    | ib_insync.client       | <<< 6,2,Billable-P,0.00,USD,DUM165609
[2026-04-09 15:00:50] DEBUG    | ib_insync.client       | <<< 6,2,Billable-S,0.00,USD,DUM165609
[2026-04-09 15:00:50] DEBUG    | ib_insync.client       | <<< 6,2,BuyingPower,1572295.03,USD,DUM165609
[2026-04-09 15:00:50] DEBUG    | ib_insync.client       | <<< 6,2,CashBalance,244884.9902,BASE,DUM165609
[2026-04-09 15:00:50] DEBUG    | ib_insync.client       | <<< 6,2,CashBalance,244884.9902,USD,DUM165609
[2026-04-09 15:00:50] DEBUG    | ib_insync.client       | <<< 6,2,ColumnPrio-P,5,,DUM165609
[2026-04-09 15:00:50] DEBUG    | ib_insync.client       | <<< 6,2,ColumnPrio-S,1,,DUM165609
[2026-04-09 15:00:50] DEBUG    | ib_insync.client       | <<< 6,2,CorporateBondValue,0.00,BASE,DUM165609
[2026-04-09 15:00:50] DEBUG    | ib_insync.client       | <<< 6,2,CorporateBondValue,0.00,USD,DUM165609
[2026-04-09 15:00:50] DEBUG    | ib_insync.client       | <<< 6,2,Cryptocurrency,0.00,BASE,DUM165609
[2026-04-09 15:00:50] DEBUG    | ib_insync.client       | <<< 6,2,Cryptocurrency,0.00,USD,DUM165609
[2026-04-09 15:00:50] DEBUG    | ib_insync.client       | <<< 6,2,Currency,BASE,BASE,DUM165609
[2026-04-09 15:00:50] DEBUG    | ib_insync.client       | <<< 6,2,Currency,USD,USD,DUM165609
[2026-04-09 15:00:50] DEBUG    | ib_insync.client       | <<< 6,2,Cushion,0.970412,,DUM165609
[2026-04-09 15:00:50] DEBUG    | ib_insync.client       | <<< 6,2,EquityWithLoanValue,245026.70,USD,DUM165609
[2026-04-09 15:00:50] DEBUG    | ib_insync.client       | <<< 6,2,EquityWithLoanValue-P,0.00,USD,DUM165609
[2026-04-09 15:00:50] DEBUG    | ib_insync.client       | <<< 6,2,EquityWithLoanValue-S,245026.70,USD,DUM165609
[2026-04-09 15:00:50] DEBUG    | ib_insync.client       | <<< 6,2,ExcessLiquidity,237776.81,USD,DUM165609
[2026-04-09 15:00:50] DEBUG    | ib_insync.client       | <<< 6,2,ExcessLiquidity-P,0.00,USD,DUM165609
[2026-04-09 15:00:50] DEBUG    | ib_insync.client       | <<< 6,2,ExcessLiquidity-S,237776.81,USD,DUM165609
[2026-04-09 15:00:50] DEBUG    | ib_insync.client       | <<< 6,2,ExchangeRate,1.00,BASE,DUM165609
[2026-04-09 15:00:50] DEBUG    | ib_insync.client       | <<< 6,2,ExchangeRate,1.00,USD,DUM165609
[2026-04-09 15:00:50] DEBUG    | ib_insync.client       | <<< 6,2,FullAvailableFunds,235844.25,USD,DUM165609
[2026-04-09 15:00:50] DEBUG    | ib_insync.client       | <<< 6,2,FullAvailableFunds-P,0.00,USD,DUM165609
[2026-04-09 15:00:50] DEBUG    | ib_insync.client       | <<< 6,2,FullAvailableFunds-S,235844.25,USD,DUM165609
[2026-04-09 15:00:50] DEBUG    | ib_insync.client       | <<< 6,2,FullExcessLiquidity,237776.81,USD,DUM165609
[2026-04-09 15:00:50] DEBUG    | ib_insync.client       | <<< 6,2,FullExcessLiquidity-P,0.00,USD,DUM165609
[2026-04-09 15:00:50] DEBUG    | ib_insync.client       | <<< 6,2,FullExcessLiquidity-S,237776.81,USD,DUM165609
[2026-04-09 15:00:50] DEBUG    | ib_insync.client       | <<< 6,2,FullInitMarginReq,9182.45,USD,DUM165609
[2026-04-09 15:00:50] DEBUG    | ib_insync.client       | <<< 6,2,FullInitMarginReq-P,0.00,USD,DUM165609
[2026-04-09 15:00:50] DEBUG    | ib_insync.client       | <<< 6,2,FullInitMarginReq-S,9182.45,USD,DUM165609
[2026-04-09 15:00:50] DEBUG    | ib_insync.client       | <<< 6,2,FullMaintMarginReq,7249.89,USD,DUM165609
[2026-04-09 15:00:50] DEBUG    | ib_insync.client       | <<< 6,2,FullMaintMarginReq-P,0.00,USD,DUM165609
[2026-04-09 15:00:50] DEBUG    | ib_insync.client       | <<< 6,2,FullMaintMarginReq-S,7249.89,USD,DUM165609
[2026-04-09 15:00:50] DEBUG    | ib_insync.client       | <<< 6,2,FundValue,0.00,BASE,DUM165609
[2026-04-09 15:00:50] DEBUG    | ib_insync.client       | <<< 6,2,FundValue,0.00,USD,DUM165609
[2026-04-09 15:00:50] DEBUG    | ib_insync.client       | <<< 6,2,FutureOptionValue,0.00,BASE,DUM165609
[2026-04-09 15:00:50] DEBUG    | ib_insync.client       | <<< 6,2,FutureOptionValue,0.00,USD,DUM165609
[2026-04-09 15:00:50] DEBUG    | ib_insync.client       | <<< 6,2,FuturesPNL,-328.55,BASE,DUM165609
[2026-04-09 15:00:50] DEBUG    | ib_insync.client       | <<< 6,2,FuturesPNL,-328.55,USD,DUM165609
[2026-04-09 15:00:50] DEBUG    | ib_insync.client       | <<< 6,2,FxCashBalance,0.00,BASE,DUM165609
[2026-04-09 15:00:50] DEBUG    | ib_insync.client       | <<< 6,2,FxCashBalance,0.00,USD,DUM165609
[2026-04-09 15:00:50] DEBUG    | ib_insync.client       | <<< 6,2,GrossPositionValue,0.00,USD,DUM165609
[2026-04-09 15:00:50] DEBUG    | ib_insync.client       | <<< 6,2,GrossPositionValue-S,0.00,USD,DUM165609
[2026-04-09 15:00:50] DEBUG    | ib_insync.client       | <<< 6,2,Guarantee,0.00,USD,DUM165609
[2026-04-09 15:00:50] DEBUG    | ib_insync.client       | <<< 6,2,Guarantee-P,0.00,USD,DUM165609
[2026-04-09 15:00:50] DEBUG    | ib_insync.client       | <<< 6,2,Guarantee-S,0.00,USD,DUM165609
[2026-04-09 15:00:50] DEBUG    | ib_insync.client       | <<< 6,2,IncentiveCoupons,0.00,USD,DUM165609
[2026-04-09 15:00:50] DEBUG    | ib_insync.client       | <<< 6,2,IncentiveCoupons-P,0.00,USD,DUM165609
[2026-04-09 15:00:50] DEBUG    | ib_insync.client       | <<< 6,2,IncentiveCoupons-S,0.00,USD,DUM165609
[2026-04-09 15:00:50] DEBUG    | ib_insync.client       | <<< 6,2,IndianStockHaircut,0.00,USD,DUM165609
[2026-04-09 15:00:50] DEBUG    | ib_insync.client       | <<< 6,2,IndianStockHaircut-P,0.00,USD,DUM165609
[2026-04-09 15:00:50] DEBUG    | ib_insync.client       | <<< 6,2,IndianStockHaircut-S,0.00,USD,DUM165609
[2026-04-09 15:00:50] DEBUG    | ib_insync.client       | <<< 6,2,InitMarginReq,9182.45,USD,DUM165609
[2026-04-09 15:00:50] DEBUG    | ib_insync.client       | <<< 6,2,InitMarginReq-P,0.00,USD,DUM165609
[2026-04-09 15:00:50] DEBUG    | ib_insync.client       | <<< 6,2,InitMarginReq-S,9182.45,USD,DUM165609
[2026-04-09 15:00:50] DEBUG    | ib_insync.client       | <<< 6,2,IssuerOptionValue,0.00,BASE,DUM165609
[2026-04-09 15:00:50] DEBUG    | ib_insync.client       | <<< 6,2,IssuerOptionValue,0.00,USD,DUM165609
[2026-04-09 15:00:50] DEBUG    | ib_insync.client       | <<< 6,2,Leverage-S,0.00,,DUM165609
[2026-04-09 15:00:50] DEBUG    | ib_insync.client       | <<< 6,2,LookAheadAvailableFunds,238598.99,USD,DUM165609
[2026-04-09 15:00:50] DEBUG    | ib_insync.client       | <<< 6,2,LookAheadAvailableFunds-P,0.00,USD,DUM165609
[2026-04-09 15:00:50] DEBUG    | ib_insync.client       | <<< 6,2,LookAheadAvailableFunds-S,238598.99,USD,DUM165609
[2026-04-09 15:00:50] DEBUG    | ib_insync.client       | <<< 6,2,LookAheadExcessLiquidity,239951.78,USD,DUM165609
[2026-04-09 15:00:50] DEBUG    | ib_insync.client       | <<< 6,2,LookAheadExcessLiquidity-P,0.00,USD,DUM165609
[2026-04-09 15:00:50] DEBUG    | ib_insync.client       | <<< 6,2,LookAheadExcessLiquidity-S,239951.78,USD,DUM165609
[2026-04-09 15:00:50] DEBUG    | ib_insync.client       | <<< 6,2,LookAheadInitMarginReq,6427.71,USD,DUM165609
[2026-04-09 15:00:50] DEBUG    | ib_insync.client       | <<< 6,2,LookAheadInitMarginReq-P,0.00,USD,DUM165609
[2026-04-09 15:00:50] DEBUG    | ib_insync.client       | <<< 6,2,LookAheadInitMarginReq-S,6427.71,USD,DUM165609
[2026-04-09 15:00:50] DEBUG    | ib_insync.client       | <<< 6,2,LookAheadMaintMarginReq,5074.92,USD,DUM165609
[2026-04-09 15:00:50] DEBUG    | ib_insync.client       | <<< 6,2,LookAheadMaintMarginReq-P,0.00,USD,DUM165609
[2026-04-09 15:00:50] DEBUG    | ib_insync.client       | <<< 6,2,LookAheadMaintMarginReq-S,5074.92,USD,DUM165609
[2026-04-09 15:00:50] DEBUG    | ib_insync.client       | <<< 6,2,LookAheadNextChange,1775741400,,DUM165609
[2026-04-09 15:00:50] DEBUG    | ib_insync.client       | <<< 6,2,MaintMarginReq,7249.89,USD,DUM165609
[2026-04-09 15:00:50] DEBUG    | ib_insync.client       | <<< 6,2,MaintMarginReq-P,0.00,USD,DUM165609
[2026-04-09 15:00:50] DEBUG    | ib_insync.client       | <<< 6,2,MaintMarginReq-S,7249.89,USD,DUM165609
[2026-04-09 15:00:50] DEBUG    | ib_insync.client       | <<< 6,2,MoneyMarketFundValue,0.00,BASE,DUM165609
[2026-04-09 15:00:50] DEBUG    | ib_insync.client       | <<< 6,2,MoneyMarketFundValue,0.00,USD,DUM165609
[2026-04-09 15:00:50] DEBUG    | ib_insync.client       | <<< 6,2,MutualFundValue,0.00,BASE,DUM165609
[2026-04-09 15:00:50] DEBUG    | ib_insync.client       | <<< 6,2,MutualFundValue,0.00,USD,DUM165609
[2026-04-09 15:00:50] DEBUG    | ib_insync.client       | <<< 6,2,NLVAndMarginInReview,false,,DUM165609
[2026-04-09 15:00:50] DEBUG    | ib_insync.client       | <<< 6,2,NetDividend,0.00,BASE,DUM165609
[2026-04-09 15:00:50] DEBUG    | ib_insync.client       | <<< 6,2,NetDividend,0.00,USD,DUM165609
[2026-04-09 15:00:50] DEBUG    | ib_insync.client       | <<< 6,2,NetLiquidation,245026.70,USD,DUM165609
[2026-04-09 15:00:50] DEBUG    | ib_insync.client       | <<< 6,2,NetLiquidation-P,0.00,USD,DUM165609
[2026-04-09 15:00:50] DEBUG    | ib_insync.client       | <<< 6,2,NetLiquidation-S,245026.70,USD,DUM165609
[2026-04-09 15:00:50] DEBUG    | ib_insync.client       | <<< 6,2,NetLiquidationByCurrency,245026.7002,BASE,DUM165609
[2026-04-09 15:00:50] DEBUG    | ib_insync.client       | <<< 6,2,NetLiquidationByCurrency,245026.7002,USD,DUM165609
[2026-04-09 15:00:50] DEBUG    | ib_insync.client       | <<< 6,2,NetLiquidationUncertainty,0.00,USD,DUM165609
[2026-04-09 15:00:50] DEBUG    | ib_insync.client       | <<< 6,2,OptionMarketValue,0.00,BASE,DUM165609
[2026-04-09 15:00:50] DEBUG    | ib_insync.client       | <<< 6,2,OptionMarketValue,0.00,USD,DUM165609
[2026-04-09 15:00:50] DEBUG    | ib_insync.client       | <<< 6,2,PASharesValue,0.00,USD,DUM165609
[2026-04-09 15:00:50] DEBUG    | ib_insync.client       | <<< 6,2,PASharesValue-P,0.00,USD,DUM165609
[2026-04-09 15:00:50] DEBUG    | ib_insync.client       | <<< 6,2,PASharesValue-S,0.00,USD,DUM165609
[2026-04-09 15:00:50] DEBUG    | ib_insync.client       | <<< 6,2,PhysicalCertificateValue,0.00,USD,DUM165609
[2026-04-09 15:00:50] DEBUG    | ib_insync.client       | <<< 6,2,PhysicalCertificateValue-P,0.00,USD,DUM165609
[2026-04-09 15:00:50] DEBUG    | ib_insync.client       | <<< 6,2,PhysicalCertificateValue-S,0.00,USD,DUM165609
[2026-04-09 15:00:50] DEBUG    | ib_insync.client       | <<< 6,2,PostExpirationExcess,0.00,USD,DUM165609
[2026-04-09 15:00:50] DEBUG    | ib_insync.client       | <<< 6,2,PostExpirationExcess-P,0.00,USD,DUM165609
[2026-04-09 15:00:50] DEBUG    | ib_insync.client       | <<< 6,2,PostExpirationExcess-S,0.00,USD,DUM165609
[2026-04-09 15:00:50] DEBUG    | ib_insync.client       | <<< 6,2,PostExpirationMargin,0.00,USD,DUM165609
[2026-04-09 15:00:50] DEBUG    | ib_insync.client       | <<< 6,2,PostExpirationMargin-P,0.00,USD,DUM165609
[2026-04-09 15:00:50] DEBUG    | ib_insync.client       | <<< 6,2,PostExpirationMargin-S,0.00,USD,DUM165609
[2026-04-09 15:00:50] DEBUG    | ib_insync.client       | <<< 6,2,RealCurrency,BASE,BASE,DUM165609
[2026-04-09 15:00:50] DEBUG    | ib_insync.client       | <<< 6,2,RealCurrency,USD,USD,DUM165609
[2026-04-09 15:00:50] DEBUG    | ib_insync.client       | <<< 6,2,RealizedPnL,0.00,BASE,DUM165609
[2026-04-09 15:00:50] DEBUG    | ib_insync.client       | <<< 6,2,RealizedPnL,0.00,USD,DUM165609
[2026-04-09 15:00:50] DEBUG    | ib_insync.client       | <<< 6,2,SegmentTitle-P,Crypto at Paxos,,DUM165609
[2026-04-09 15:00:50] DEBUG    | ib_insync.client       | <<< 6,2,SegmentTitle-S,Securities,,DUM165609
[2026-04-09 15:00:50] DEBUG    | ib_insync.client       | <<< 6,2,SettledCashByDate,20260409:245213.54;20260410:244884.99019531,,DUM165609
[2026-04-09 15:00:50] DEBUG    | ib_insync.client       | <<< 6,2,SettledCashByDate-P,20260409:0,,DUM165609
[2026-04-09 15:00:50] DEBUG    | ib_insync.client       | <<< 6,2,SettledCashByDate-S,20260409:245213.54;20260410:244884.99019531,,DUM165609
[2026-04-09 15:00:50] DEBUG    | ib_insync.client       | <<< 6,2,StockMarketValue,0.00,BASE,DUM165609
[2026-04-09 15:00:50] DEBUG    | ib_insync.client       | <<< 6,2,StockMarketValue,0.00,USD,DUM165609
[2026-04-09 15:00:50] DEBUG    | ib_insync.client       | <<< 6,2,TBillValue,0.00,BASE,DUM165609
[2026-04-09 15:00:50] DEBUG    | ib_insync.client       | <<< 6,2,TBillValue,0.00,USD,DUM165609
[2026-04-09 15:00:50] DEBUG    | ib_insync.client       | <<< 6,2,TBondValue,0.00,BASE,DUM165609
[2026-04-09 15:00:50] DEBUG    | ib_insync.client       | <<< 6,2,TBondValue,0.00,USD,DUM165609
[2026-04-09 15:00:50] DEBUG    | ib_insync.client       | <<< 6,2,TotalCashBalance,244884.9902,BASE,DUM165609
[2026-04-09 15:00:50] DEBUG    | ib_insync.client       | <<< 6,2,TotalCashBalance,244884.9902,USD,DUM165609
[2026-04-09 15:00:50] DEBUG    | ib_insync.client       | <<< 6,2,TotalCashValue,244884.99,USD,DUM165609
[2026-04-09 15:00:50] DEBUG    | ib_insync.client       | <<< 6,2,TotalCashValue-P,0.00,USD,DUM165609
[2026-04-09 15:00:50] DEBUG    | ib_insync.client       | <<< 6,2,TotalCashValue-S,244884.99,USD,DUM165609
[2026-04-09 15:00:50] DEBUG    | ib_insync.client       | <<< 6,2,TotalDebitCardPendingCharges,0.00,USD,DUM165609
[2026-04-09 15:00:50] DEBUG    | ib_insync.client       | <<< 6,2,TotalDebitCardPendingCharges-P,0.00,USD,DUM165609
[2026-04-09 15:00:50] DEBUG    | ib_insync.client       | <<< 6,2,TotalDebitCardPendingCharges-S,0.00,USD,DUM165609
[2026-04-09 15:00:50] DEBUG    | ib_insync.client       | <<< 6,2,TradingType-S,STKNOPT,,DUM165609
[2026-04-09 15:00:50] DEBUG    | ib_insync.client       | <<< 6,2,UnrealizedPnL,2343.34,BASE,DUM165609
[2026-04-09 15:00:50] DEBUG    | ib_insync.client       | <<< 6,2,UnrealizedPnL,2343.34,USD,DUM165609
[2026-04-09 15:00:50] DEBUG    | ib_insync.client       | <<< 6,2,WarrantValue,0.00,BASE,DUM165609
[2026-04-09 15:00:50] DEBUG    | ib_insync.client       | <<< 6,2,WarrantValue,0.00,USD,DUM165609
[2026-04-09 15:00:50] DEBUG    | ib_insync.client       | <<< 7,8,770561194,MES,FUT,20260618,0,0,5,CME,USD,MESM6,MES,3,6801.8466797,102027.7,33228.12,2343.34,0.0,DUM165609
[2026-04-09 15:00:50] INFO     | ib_insync.wrapper      | updatePortfolio: PortfolioItem(contract=Future(conId=770561194, symbol='MES', lastTradeDateOrContractMonth='20260618', right='0', multiplier='5', primaryExchange='CME', currency='USD', localSymbol='MESM6', tradingClass='MES'), position=3.0, marketPrice=6801.8466797, marketValue=102027.7, averageCost=33228.12, unrealizedPNL=2343.34, realizedPNL=0.0, account='DUM165609')
[2026-04-09 15:00:50] DEBUG    | ib_insync.client       | <<< 8,1,15:00
[2026-04-09 15:00:50] DEBUG    | ib_insync.client       | <<< 8,1,15:00
[2026-04-09 15:00:50] DEBUG    | ib_insync.client       | <<< 54,1,DUM165609
[2026-04-09 15:00:50] DEBUG    | ib_insync.client       | <<< 73,1,1,DUM165609,,AccountCode,DUM165609,
[2026-04-09 15:00:50] DEBUG    | ib_insync.client       | <<< 73,1,1,DUM165609,,AccountReady,true,
[2026-04-09 15:00:50] DEBUG    | ib_insync.client       | <<< 73,1,1,DUM165609,,AccountType,CORPORATION,
[2026-04-09 15:00:50] DEBUG    | ib_insync.client       | <<< 73,1,1,DUM165609,,AccruedCash,141.71,USD
[2026-04-09 15:00:50] DEBUG    | ib_insync.client       | <<< 73,1,1,DUM165609,,AccruedCash-P,0.00,USD
[2026-04-09 15:00:50] DEBUG    | ib_insync.client       | <<< 73,1,1,DUM165609,,AccruedCash-S,141.71,USD
[2026-04-09 15:00:50] DEBUG    | ib_insync.client       | <<< 73,1,1,DUM165609,,AccruedDividend,0.00,USD
[2026-04-09 15:00:50] DEBUG    | ib_insync.client       | <<< 73,1,1,DUM165609,,AccruedDividend-P,0.00,USD
[2026-04-09 15:00:50] DEBUG    | ib_insync.client       | <<< 73,1,1,DUM165609,,AccruedDividend-S,0.00,USD
[2026-04-09 15:00:50] DEBUG    | ib_insync.client       | <<< 73,1,1,DUM165609,,AvailableFunds,235844.25,USD
[2026-04-09 15:00:50] DEBUG    | ib_insync.client       | <<< 73,1,1,DUM165609,,AvailableFunds-P,0.00,USD
[2026-04-09 15:00:50] DEBUG    | ib_insync.client       | <<< 73,1,1,DUM165609,,AvailableFunds-S,235844.25,USD
[2026-04-09 15:00:50] DEBUG    | ib_insync.client       | <<< 73,1,1,DUM165609,,Billable,0.00,USD
[2026-04-09 15:00:50] DEBUG    | ib_insync.client       | <<< 73,1,1,DUM165609,,Billable-P,0.00,USD
[2026-04-09 15:00:50] DEBUG    | ib_insync.client       | <<< 73,1,1,DUM165609,,Billable-S,0.00,USD
[2026-04-09 15:00:50] DEBUG    | ib_insync.client       | <<< 73,1,1,DUM165609,,BuyingPower,1572295.03,USD
[2026-04-09 15:00:50] DEBUG    | ib_insync.client       | <<< 73,1,1,DUM165609,,ColumnPrio-P,5,
[2026-04-09 15:00:50] DEBUG    | ib_insync.client       | <<< 73,1,1,DUM165609,,ColumnPrio-S,1,
[2026-04-09 15:00:50] DEBUG    | ib_insync.client       | <<< 73,1,1,DUM165609,,Cushion,0.970412,
[2026-04-09 15:00:50] DEBUG    | ib_insync.client       | <<< 73,1,1,DUM165609,,EquityWithLoanValue,245026.70,USD
[2026-04-09 15:00:50] DEBUG    | ib_insync.client       | <<< 73,1,1,DUM165609,,EquityWithLoanValue-P,0.00,USD
[2026-04-09 15:00:50] DEBUG    | ib_insync.client       | <<< 73,1,1,DUM165609,,EquityWithLoanValue-S,245026.70,USD
[2026-04-09 15:00:50] DEBUG    | ib_insync.client       | <<< 73,1,1,DUM165609,,ExcessLiquidity,237776.81,USD
[2026-04-09 15:00:50] DEBUG    | ib_insync.client       | <<< 73,1,1,DUM165609,,ExcessLiquidity-P,0.00,USD
[2026-04-09 15:00:50] DEBUG    | ib_insync.client       | <<< 73,1,1,DUM165609,,ExcessLiquidity-S,237776.81,USD
[2026-04-09 15:00:50] DEBUG    | ib_insync.client       | <<< 73,1,1,DUM165609,,FullAvailableFunds,235844.25,USD
[2026-04-09 15:00:50] DEBUG    | ib_insync.client       | <<< 73,1,1,DUM165609,,FullAvailableFunds-P,0.00,USD
[2026-04-09 15:00:50] DEBUG    | ib_insync.client       | <<< 73,1,1,DUM165609,,FullAvailableFunds-S,235844.25,USD
[2026-04-09 15:00:50] DEBUG    | ib_insync.client       | <<< 73,1,1,DUM165609,,FullExcessLiquidity,237776.81,USD
[2026-04-09 15:00:50] DEBUG    | ib_insync.client       | <<< 73,1,1,DUM165609,,FullExcessLiquidity-P,0.00,USD
[2026-04-09 15:00:50] DEBUG    | ib_insync.client       | <<< 73,1,1,DUM165609,,FullExcessLiquidity-S,237776.81,USD
[2026-04-09 15:00:50] DEBUG    | ib_insync.client       | <<< 73,1,1,DUM165609,,FullInitMarginReq,9182.45,USD
[2026-04-09 15:00:50] DEBUG    | ib_insync.client       | <<< 73,1,1,DUM165609,,FullInitMarginReq-P,0.00,USD
[2026-04-09 15:00:50] DEBUG    | ib_insync.client       | <<< 73,1,1,DUM165609,,FullInitMarginReq-S,9182.45,USD
[2026-04-09 15:00:50] DEBUG    | ib_insync.client       | <<< 73,1,1,DUM165609,,FullMaintMarginReq,7249.89,USD
[2026-04-09 15:00:50] DEBUG    | ib_insync.client       | <<< 73,1,1,DUM165609,,FullMaintMarginReq-P,0.00,USD
[2026-04-09 15:00:50] DEBUG    | ib_insync.client       | <<< 73,1,1,DUM165609,,FullMaintMarginReq-S,7249.89,USD
[2026-04-09 15:00:50] DEBUG    | ib_insync.client       | <<< 73,1,1,DUM165609,,GrossPositionValue,0.00,USD
[2026-04-09 15:00:50] DEBUG    | ib_insync.client       | <<< 73,1,1,DUM165609,,GrossPositionValue-S,0.00,USD
[2026-04-09 15:00:50] DEBUG    | ib_insync.client       | <<< 73,1,1,DUM165609,,Guarantee,0.00,USD
[2026-04-09 15:00:50] DEBUG    | ib_insync.client       | <<< 73,1,1,DUM165609,,Guarantee-P,0.00,USD
[2026-04-09 15:00:50] DEBUG    | ib_insync.client       | <<< 73,1,1,DUM165609,,Guarantee-S,0.00,USD
[2026-04-09 15:00:50] DEBUG    | ib_insync.client       | <<< 73,1,1,DUM165609,,IncentiveCoupons,0.00,USD
[2026-04-09 15:00:50] DEBUG    | ib_insync.client       | <<< 73,1,1,DUM165609,,IncentiveCoupons-P,0.00,USD
[2026-04-09 15:00:50] DEBUG    | ib_insync.client       | <<< 73,1,1,DUM165609,,IncentiveCoupons-S,0.00,USD
[2026-04-09 15:00:50] DEBUG    | ib_insync.client       | <<< 73,1,1,DUM165609,,IndianStockHaircut,0.00,USD
[2026-04-09 15:00:50] DEBUG    | ib_insync.client       | <<< 73,1,1,DUM165609,,IndianStockHaircut-P,0.00,USD
[2026-04-09 15:00:50] DEBUG    | ib_insync.client       | <<< 73,1,1,DUM165609,,IndianStockHaircut-S,0.00,USD
[2026-04-09 15:00:50] DEBUG    | ib_insync.client       | <<< 73,1,1,DUM165609,,InitMarginReq,9182.45,USD
[2026-04-09 15:00:50] DEBUG    | ib_insync.client       | <<< 73,1,1,DUM165609,,InitMarginReq-P,0.00,USD
[2026-04-09 15:00:50] DEBUG    | ib_insync.client       | <<< 73,1,1,DUM165609,,InitMarginReq-S,9182.45,USD
[2026-04-09 15:00:50] DEBUG    | ib_insync.client       | <<< 73,1,1,DUM165609,,Leverage-S,0.00,
[2026-04-09 15:00:50] DEBUG    | ib_insync.client       | <<< 73,1,1,DUM165609,,LookAheadAvailableFunds,238598.99,USD
[2026-04-09 15:00:50] DEBUG    | ib_insync.client       | <<< 73,1,1,DUM165609,,LookAheadAvailableFunds-P,0.00,USD
[2026-04-09 15:00:50] DEBUG    | ib_insync.client       | <<< 73,1,1,DUM165609,,LookAheadAvailableFunds-S,238598.99,USD
[2026-04-09 15:00:50] DEBUG    | ib_insync.client       | <<< 73,1,1,DUM165609,,LookAheadExcessLiquidity,239951.78,USD
[2026-04-09 15:00:50] DEBUG    | ib_insync.client       | <<< 73,1,1,DUM165609,,LookAheadExcessLiquidity-P,0.00,USD
[2026-04-09 15:00:50] DEBUG    | ib_insync.client       | <<< 73,1,1,DUM165609,,LookAheadExcessLiquidity-S,239951.78,USD
[2026-04-09 15:00:50] DEBUG    | ib_insync.client       | <<< 73,1,1,DUM165609,,LookAheadInitMarginReq,6427.71,USD
[2026-04-09 15:00:50] DEBUG    | ib_insync.client       | <<< 73,1,1,DUM165609,,LookAheadInitMarginReq-P,0.00,USD
[2026-04-09 15:00:50] DEBUG    | ib_insync.client       | <<< 73,1,1,DUM165609,,LookAheadInitMarginReq-S,6427.71,USD
[2026-04-09 15:00:50] DEBUG    | ib_insync.client       | <<< 73,1,1,DUM165609,,LookAheadMaintMarginReq,5074.92,USD
[2026-04-09 15:00:50] DEBUG    | ib_insync.client       | <<< 73,1,1,DUM165609,,LookAheadMaintMarginReq-P,0.00,USD
[2026-04-09 15:00:50] DEBUG    | ib_insync.client       | <<< 73,1,1,DUM165609,,LookAheadMaintMarginReq-S,5074.92,USD
[2026-04-09 15:00:50] DEBUG    | ib_insync.client       | <<< 73,1,1,DUM165609,,LookAheadNextChange,1775741400,
[2026-04-09 15:00:50] DEBUG    | ib_insync.client       | <<< 73,1,1,DUM165609,,MaintMarginReq,7249.89,USD
[2026-04-09 15:00:50] DEBUG    | ib_insync.client       | <<< 73,1,1,DUM165609,,MaintMarginReq-P,0.00,USD
[2026-04-09 15:00:50] DEBUG    | ib_insync.client       | <<< 73,1,1,DUM165609,,MaintMarginReq-S,7249.89,USD
[2026-04-09 15:00:50] DEBUG    | ib_insync.client       | <<< 73,1,1,DUM165609,,NLVAndMarginInReview,false,
[2026-04-09 15:00:50] DEBUG    | ib_insync.client       | <<< 73,1,1,DUM165609,,NetLiquidation,245026.70,USD
[2026-04-09 15:00:50] DEBUG    | ib_insync.client       | <<< 73,1,1,DUM165609,,NetLiquidation-P,0.00,USD
[2026-04-09 15:00:50] DEBUG    | ib_insync.client       | <<< 73,1,1,DUM165609,,NetLiquidation-S,245026.70,USD
[2026-04-09 15:00:50] DEBUG    | ib_insync.client       | <<< 73,1,1,DUM165609,,NetLiquidationUncertainty,0.00,USD
[2026-04-09 15:00:50] DEBUG    | ib_insync.client       | <<< 73,1,1,DUM165609,,PASharesValue,0.00,USD
[2026-04-09 15:00:50] DEBUG    | ib_insync.client       | <<< 73,1,1,DUM165609,,PASharesValue-P,0.00,USD
[2026-04-09 15:00:50] DEBUG    | ib_insync.client       | <<< 73,1,1,DUM165609,,PASharesValue-S,0.00,USD
[2026-04-09 15:00:50] DEBUG    | ib_insync.client       | <<< 73,1,1,DUM165609,,PhysicalCertificateValue,0.00,USD
[2026-04-09 15:00:50] DEBUG    | ib_insync.client       | <<< 73,1,1,DUM165609,,PhysicalCertificateValue-P,0.00,USD
[2026-04-09 15:00:50] DEBUG    | ib_insync.client       | <<< 73,1,1,DUM165609,,PhysicalCertificateValue-S,0.00,USD
[2026-04-09 15:00:50] DEBUG    | ib_insync.client       | <<< 73,1,1,DUM165609,,PostExpirationExcess,0.00,USD
[2026-04-09 15:00:50] DEBUG    | ib_insync.client       | <<< 73,1,1,DUM165609,,PostExpirationExcess-P,0.00,USD
[2026-04-09 15:00:50] DEBUG    | ib_insync.client       | <<< 73,1,1,DUM165609,,PostExpirationExcess-S,0.00,USD
[2026-04-09 15:00:50] DEBUG    | ib_insync.client       | <<< 73,1,1,DUM165609,,PostExpirationMargin,0.00,USD
[2026-04-09 15:00:50] DEBUG    | ib_insync.client       | <<< 73,1,1,DUM165609,,PostExpirationMargin-P,0.00,USD
[2026-04-09 15:00:50] DEBUG    | ib_insync.client       | <<< 73,1,1,DUM165609,,PostExpirationMargin-S,0.00,USD
[2026-04-09 15:00:50] DEBUG    | ib_insync.client       | <<< 73,1,1,DUM165609,,SegmentTitle-P,Crypto at Paxos,
[2026-04-09 15:00:50] DEBUG    | ib_insync.client       | <<< 73,1,1,DUM165609,,SegmentTitle-S,Securities,
[2026-04-09 15:00:50] DEBUG    | ib_insync.client       | <<< 73,1,1,DUM165609,,SettledCashByDate,20260409:245213.54;20260410:244884.99019531,
[2026-04-09 15:00:50] DEBUG    | ib_insync.client       | <<< 73,1,1,DUM165609,,SettledCashByDate-P,20260409:0,
[2026-04-09 15:00:50] DEBUG    | ib_insync.client       | <<< 73,1,1,DUM165609,,SettledCashByDate-S,20260409:245213.54;20260410:244884.99019531,
[2026-04-09 15:00:50] DEBUG    | ib_insync.client       | <<< 73,1,1,DUM165609,,TotalCashValue,244884.99,USD
[2026-04-09 15:00:50] DEBUG    | ib_insync.client       | <<< 73,1,1,DUM165609,,TotalCashValue-P,0.00,USD
[2026-04-09 15:00:50] DEBUG    | ib_insync.client       | <<< 73,1,1,DUM165609,,TotalCashValue-S,244884.99,USD
[2026-04-09 15:00:50] DEBUG    | ib_insync.client       | <<< 73,1,1,DUM165609,,TotalDebitCardPendingCharges,0.00,USD
[2026-04-09 15:00:50] DEBUG    | ib_insync.client       | <<< 73,1,1,DUM165609,,TotalDebitCardPendingCharges-P,0.00,USD
[2026-04-09 15:00:50] DEBUG    | ib_insync.client       | <<< 73,1,1,DUM165609,,TotalDebitCardPendingCharges-S,0.00,USD
[2026-04-09 15:00:50] DEBUG    | ib_insync.client       | <<< 73,1,1,DUM165609,,TradingType-S,STKNOPT,
[2026-04-09 15:00:50] DEBUG    | ib_insync.client       | <<< 73,1,1,DUM165609,,Currency,USD,USD
[2026-04-09 15:00:50] DEBUG    | ib_insync.client       | <<< 73,1,1,DUM165609,,CashBalance,244884.9902,USD
[2026-04-09 15:00:50] DEBUG    | ib_insync.client       | <<< 73,1,1,DUM165609,,TotalCashBalance,244884.9902,USD
[2026-04-09 15:00:50] DEBUG    | ib_insync.client       | <<< 73,1,1,DUM165609,,AccruedCash,141.71,USD
[2026-04-09 15:00:50] DEBUG    | ib_insync.client       | <<< 73,1,1,DUM165609,,StockMarketValue,0.00,USD
[2026-04-09 15:00:50] DEBUG    | ib_insync.client       | <<< 73,1,1,DUM165609,,OptionMarketValue,0.00,USD
[2026-04-09 15:00:50] DEBUG    | ib_insync.client       | <<< 73,1,1,DUM165609,,FutureOptionValue,0.00,USD
[2026-04-09 15:00:50] DEBUG    | ib_insync.client       | <<< 73,1,1,DUM165609,,FuturesPNL,-328.55,USD
[2026-04-09 15:00:50] DEBUG    | ib_insync.client       | <<< 73,1,1,DUM165609,,NetLiquidationByCurrency,245026.7002,USD
[2026-04-09 15:00:50] DEBUG    | ib_insync.client       | <<< 73,1,1,DUM165609,,UnrealizedPnL,2343.34,USD
[2026-04-09 15:00:50] DEBUG    | ib_insync.client       | <<< 73,1,1,DUM165609,,RealizedPnL,0.00,USD
[2026-04-09 15:00:50] DEBUG    | ib_insync.client       | <<< 73,1,1,DUM165609,,ExchangeRate,1.00,USD
[2026-04-09 15:00:50] DEBUG    | ib_insync.client       | <<< 73,1,1,DUM165609,,FundValue,0.00,USD
[2026-04-09 15:00:50] DEBUG    | ib_insync.client       | <<< 73,1,1,DUM165609,,NetDividend,0.00,USD
[2026-04-09 15:00:50] DEBUG    | ib_insync.client       | <<< 73,1,1,DUM165609,,MutualFundValue,0.00,USD
[2026-04-09 15:00:50] DEBUG    | ib_insync.client       | <<< 73,1,1,DUM165609,,MoneyMarketFundValue,0.00,USD
[2026-04-09 15:00:50] DEBUG    | ib_insync.client       | <<< 73,1,1,DUM165609,,CorporateBondValue,0.00,USD
[2026-04-09 15:00:50] DEBUG    | ib_insync.client       | <<< 73,1,1,DUM165609,,TBondValue,0.00,USD
[2026-04-09 15:00:50] DEBUG    | ib_insync.client       | <<< 73,1,1,DUM165609,,TBillValue,0.00,USD
[2026-04-09 15:00:50] DEBUG    | ib_insync.client       | <<< 73,1,1,DUM165609,,WarrantValue,0.00,USD
[2026-04-09 15:00:50] DEBUG    | ib_insync.client       | <<< 73,1,1,DUM165609,,FxCashBalance,0.00,USD
[2026-04-09 15:00:50] DEBUG    | ib_insync.client       | <<< 73,1,1,DUM165609,,AccountOrGroup,DUM165609,USD
[2026-04-09 15:00:50] DEBUG    | ib_insync.client       | <<< 73,1,1,DUM165609,,RealCurrency,USD,USD
[2026-04-09 15:00:50] DEBUG    | ib_insync.client       | <<< 73,1,1,DUM165609,,IssuerOptionValue,0.00,USD
[2026-04-09 15:00:50] DEBUG    | ib_insync.client       | <<< 73,1,1,DUM165609,,Cryptocurrency,0.00,USD
[2026-04-09 15:00:50] DEBUG    | ib_insync.client       | <<< 73,1,1,DUM165609,,Currency,BASE,BASE
[2026-04-09 15:00:50] DEBUG    | ib_insync.client       | <<< 73,1,1,DUM165609,,CashBalance,244884.9902,BASE
[2026-04-09 15:00:50] DEBUG    | ib_insync.client       | <<< 73,1,1,DUM165609,,TotalCashBalance,244884.9902,BASE
[2026-04-09 15:00:50] DEBUG    | ib_insync.client       | <<< 73,1,1,DUM165609,,AccruedCash,141.71,BASE
[2026-04-09 15:00:50] DEBUG    | ib_insync.client       | <<< 73,1,1,DUM165609,,StockMarketValue,0.00,BASE
[2026-04-09 15:00:50] DEBUG    | ib_insync.client       | <<< 73,1,1,DUM165609,,OptionMarketValue,0.00,BASE
[2026-04-09 15:00:50] DEBUG    | ib_insync.client       | <<< 73,1,1,DUM165609,,FutureOptionValue,0.00,BASE
[2026-04-09 15:00:50] DEBUG    | ib_insync.client       | <<< 73,1,1,DUM165609,,FuturesPNL,-328.55,BASE
[2026-04-09 15:00:50] DEBUG    | ib_insync.client       | <<< 73,1,1,DUM165609,,NetLiquidationByCurrency,245026.7002,BASE
[2026-04-09 15:00:50] DEBUG    | ib_insync.client       | <<< 73,1,1,DUM165609,,UnrealizedPnL,2343.34,BASE
[2026-04-09 15:00:50] DEBUG    | ib_insync.client       | <<< 73,1,1,DUM165609,,RealizedPnL,0.00,BASE
[2026-04-09 15:00:50] DEBUG    | ib_insync.client       | <<< 73,1,1,DUM165609,,ExchangeRate,1.00,BASE
[2026-04-09 15:00:50] DEBUG    | ib_insync.client       | <<< 73,1,1,DUM165609,,FundValue,0.00,BASE
[2026-04-09 15:00:50] DEBUG    | ib_insync.client       | <<< 73,1,1,DUM165609,,NetDividend,0.00,BASE
[2026-04-09 15:00:50] DEBUG    | ib_insync.client       | <<< 73,1,1,DUM165609,,MutualFundValue,0.00,BASE
[2026-04-09 15:00:50] DEBUG    | ib_insync.client       | <<< 73,1,1,DUM165609,,MoneyMarketFundValue,0.00,BASE
[2026-04-09 15:00:50] DEBUG    | ib_insync.client       | <<< 73,1,1,DUM165609,,CorporateBondValue,0.00,BASE
[2026-04-09 15:00:50] DEBUG    | ib_insync.client       | <<< 73,1,1,DUM165609,,TBondValue,0.00,BASE
[2026-04-09 15:00:50] DEBUG    | ib_insync.client       | <<< 73,1,1,DUM165609,,TBillValue,0.00,BASE
[2026-04-09 15:00:50] DEBUG    | ib_insync.client       | <<< 73,1,1,DUM165609,,WarrantValue,0.00,BASE
[2026-04-09 15:00:50] DEBUG    | ib_insync.client       | <<< 73,1,1,DUM165609,,FxCashBalance,0.00,BASE
[2026-04-09 15:00:50] DEBUG    | ib_insync.client       | <<< 73,1,1,DUM165609,,AccountOrGroup,DUM165609,BASE
[2026-04-09 15:00:50] DEBUG    | ib_insync.client       | <<< 73,1,1,DUM165609,,RealCurrency,USD,BASE
[2026-04-09 15:00:50] DEBUG    | ib_insync.client       | <<< 73,1,1,DUM165609,,IssuerOptionValue,0.00,BASE
[2026-04-09 15:00:50] DEBUG    | ib_insync.client       | <<< 73,1,1,DUM165609,,Cryptocurrency,0.00,BASE
[2026-04-09 15:00:50] DEBUG    | ib_insync.client       | <<< 74,1,1
[2026-04-09 15:00:50] DEBUG    | ib_insync.client       | <<< 102
[2026-04-09 15:00:50] DEBUG    | ib_insync.client       | >>> 7,3,2,0,,,,,,
[2026-04-09 15:00:50] DEBUG    | ib_insync.client       | <<< 55,1,2
[2026-04-09 15:00:50] INFO     | ib_insync.ib           | Synchronization complete
[2026-04-09 15:00:50] INFO     | trading.broker         | Connected to IBKR
[2026-04-09 15:00:50] INFO     | trading.main           | [DRY RUN] Strategy: mgc_pullback
[2026-04-09 15:00:50] DEBUG    | ib_insync.client       | >>> 9,8,3,0,GC,FUT,202604,0.0,,,COMEX,,USD,,,0,,,
[2026-04-09 15:00:51] DEBUG    | ib_insync.client       | <<< 10,3,GC,FUT,20260428 13:30:00 US/Eastern,0,,COMEX,USD,GCJ6,GC,GC,706903673,0.1,100,ACTIVETIM,AD,ADJUST,ALERT,ALGO,ALLOC,AVGCOST,BASKET,BENCHPX,COND,CONDORDER,DAY,DEACT,DEACTDIS,DEACTEOD,GAT,GTC,GTD,GTT,HID,ICE,IOC,LIT,LMT,LTH,MIT,MKT,MTL,NGCOMB,NONALGO,OCA,PEGBENCH,SCALE,SCALERST,SIZECHK,SNAPMID,SNAPMKT,SNAPREL,STP,STPLMT,TRAIL,TRAILLIT,TRAILLMT,TRAILMIT,WHATIF,COMEX,QBALGO,1,17340718,Gold,,202604,,,,US/Eastern,20260408:1800-20260409:1700;20260409:1800-20260410:1700;20260411:CLOSED;20260412:1800-20260413:1700;20260413:1800-20260414:1700;20260414:1800-20260415:1700,20260409:0930-20260409:1700;20260410:0930-20260410:1700;20260411:CLOSED;20260412:CLOSED;20260413:0930-20260413:1700;20260414:0930-20260414:1700;20260414:1800-20260415:1700,,,0,2147483647,GC,IND,65,65,20260428,,1,1,1
[2026-04-09 15:00:51] DEBUG    | ib_insync.client       | <<< 52,1,3
[2026-04-09 15:00:51] INFO     | trading.broker         | Qualified contract: GCJ6  conId=706903673
[2026-04-09 15:00:51] DEBUG    | ib_insync.client       | >>> 20,4,706903673,GC,FUT,20260428,0.0,,100,COMEX,,USD,GCJ6,GC,0,,1 day,20 Y,0,TRADES,2,0,
[2026-04-09 15:00:53] DEBUG    | ib_insync.client       | <<< 17,4,20060409 05:30:52 US/Eastern,20260409 05:30:52 US/Eastern,472,20240531,2553.00,2553.00,2553.00,2553.00,0,2553,0,20240603,2575.70,2575.70,2575.70,2575.70,0,2575.7,0,20240604,2552.80,2552.80,2552.80,2552.80,0,2552.8,0,20240605,2581.00,2581.00,2581.00,2581.00,0,2581,0,20240606,2597.10,2597.10,2597.10,2597.10,0,2597.1,0,20240607,2530.40,2530.40,2530.40,2530.40,0,2530.4,0,20240610,2531.80,2531.80,2531.80,2531.80,0,2531.8,0,20240611,2531.40,2531.40,2531.40,2531.40,0,2531.4,0,20240612,2557.40,2557.40,2557.40,2557.40,0,2557.4,0,20240613,2518.00,2518.00,2518.00,2518.00,0,2518,0,20240614,2549.10,2549.10,2549.10,2549.10,0,2549.1,0,20240617,2530.40,2530.40,2530.40,2530.40,0,2530.4,0,20240618,2548.20,2548.20,2548.20,2548.20,0,2548.2,0,20240619,2548.20,2548.20,2548.20,2548.20,0,2548.2,0,20240620,2571.00,2571.00,2571.00,2571.00,0,2571,0,20240621,2532.10,2532.10,2532.10,2532.10,0,2532.1,0,20240624,2546.30,2546.30,2546.30,2546.30,0,2546.3,0,20240625,2532.80,2532.80,2532.80,2532.80,0,2532.8,0,20240626,2514.90,2514.90,2514.90,2514.90,0,2514.9,0,20240627,2536.90,2536.90,2536.90,2536.90,0,2536.9,0,20240628,2540.30,2540.30,2540.30,2540.30,0,2540.3,0,20240701,2540.20,2540.20,2540.20,2540.20,0,2540.2,0,20240702,2534.50,2534.50,2534.50,2534.50,0,2534.5,0,20240703,2571.80,2571.80,2571.80,2571.80,0,2571.8,0,20240704,2571.80,2571.80,2571.80,2571.80,0,2571.8,0,20240705,2600.40,2600.40,2600.40,2600.40,0,2600.4,0,20240708,2566.60,2566.60,2566.60,2566.60,0,2566.6,0,20240709,2570.90,2570.90,2570.90,2570.90,0,2570.9,0,20240710,2582.20,2582.20,2582.20,2582.20,0,2582.2,0,20240711,2623.40,2623.40,2623.40,2623.40,0,2623.4,0,20240712,2621.00,2621.00,2621.00,2621.00,0,2621,0,20240715,2629.10,2629.10,2629.10,2629.10,0,2629.1,0,20240716,2669.20,2669.20,2669.20,2669.20,0,2669.2,0,20240717,2662.60,2662.60,2662.60,2662.60,0,2662.6,0,20240718,2659.30,2659.30,2659.30,2659.30,0,2659.3,0,20240719,2600.30,2600.30,2600.30,2600.30,0,2600.3,0,20240722,2593.70,2593.70,2593.70,2593.70,0,2593.7,0,20240723,2606.80,2606.80,2606.80,2606.80,0,2606.8,0,20240724,2615.00,2615.00,2615.00,2615.00,0,2615,0,20240725,2548.80,2548.80,2548.80,2548.80,0,2548.8,0,20240726,2577.20,2577.20,2577.20,2577.20,0,2577.2,0,20240729,2575.00,2575.00,2575.00,2575.00,0,2575,0,20240730,2602.20,2602.20,2602.20,2602.20,0,2602.2,0,20240731,2624.70,2624.70,2624.70,2624.70,0,2624.7,0,20240801,2628.60,2628.60,2628.60,2628.60,0,2628.6,0,20240802,2608.20,2608.20,2608.20,2608.20,0,2608.2,0,20240805,2575.10,2575.10,2575.10,2575.10,0,2575.1,0,20240806,2563.90,2563.90,2563.90,2563.90,0,2563.9,0,20240807,2565.30,2565.30,2565.30,2565.30,0,2565.3,0,20240808,2597.40,2597.40,2597.40,2597.40,0,2597.4,0,20240809,2608.40,2608.40,2608.40,2608.40,0,2608.4,0,20240812,2641.90,2641.90,2641.90,2641.90,0,2641.9,0,20240813,2644.40,2644.40,2644.40,2644.40,0,2644.4,0,20240814,2615.50,2615.50,2615.50,2615.50,0,2615.5,0,20240815,2630.60,2630.60,2630.60,2630.60,0,2630.6,0,20240816,2678.20,2678.20,2678.20,2678.20,0,2678.2,0,20240819,2682.10,2682.10,2682.10,2682.10,0,2682.1,0,20240820,2692.30,2692.30,2692.30,2692.30,0,2692.3,0,20240821,2688.20,2688.20,2688.20,2688.20,0,2688.2,0,20240822,2657.20,2657.20,2657.20,2657.20,0,2657.2,0,20240823,2686.50,2686.50,2686.50,2686.50,0,2686.5,0,20240826,2695.40,2695.40,2695.40,2695.40,0,2695.4,0,20240827,2692.80,2692.80,2692.80,2692.80,0,2692.8,0,20240828,2677.80,2677.80,2677.80,2677.80,0,2677.8,0,20240829,2699.60,2699.60,2699.60,2699.60,0,2699.6,0,20240830,2666.60,2666.60,2666.60,2666.60,0,2666.6,0,20240902,2666.60,2666.60,2666.60,2666.60,0,2666.6,0,20240903,2661.50,2661.50,2661.50,2661.50,0,2661.5,0,20240904,2662.10,2662.10,2662.10,2662.10,0,2662.1,0,20240905,2678.20,2678.20,2678.20,2678.20,0,2678.2,0,20240906,2656.00,2656.00,2656.00,2656.00,0,2656,0,20240909,2662.70,2662.70,2662.70,2662.70,0,2662.7,0,20240910,2672.40,2672.40,2672.40,2672.40,0,2672.4,0,20240911,2672.10,2672.10,2672.10,2672.10,0,2672.1,0,20240912,2711.80,2711.80,2711.80,2711.80,0,2711.8,0,20240913,2740.90,2740.90,2740.90,2740.90,0,2740.9,0,20240916,2737.30,2737.30,2737.30,2737.30,0,2737.3,0,20240917,2721.50,2721.50,2721.50,2721.50,0,2721.5,0,20240918,2728.50,2728.50,2728.50,2728.50,0,2728.5,0,20240919,2744.20,2744.20,2744.20,2744.20,0,2744.2,0,20240920,2777.40,2777.40,2777.40,2777.40,0,2777.4,0,20240923,2783.70,2783.70,2783.70,2783.70,0,2783.7,0,20240924,2805.00,2810.10,2805.00,2810.10,1,2805,1,20240925,2818.00,2818.00,2818.00,2818.00,0,2818,0,20240926,2829.90,2829.90,2829.90,2829.90,0,2829.9,0,20240927,2801.60,2801.60,2801.60,2801.60,0,2801.6,0,20240930,2784.90,2794.70,2784.90,2794.70,1,2784.9,1,20241001,2822.00,2827.00,2822.00,2827.00,1,2822,1,20241002,2807.90,2807.90,2807.90,2807.90,0,2807.9,0,20241003,2817.70,2817.70,2817.70,2817.70,0,2817.7,0,20241004,2799.90,2813.70,2799.90,2813.70,1,2799.9,1,20241007,2814.80,2814.80,2814.80,2814.80,0,2814.8,0,20241008,2780.00,2782.60,2780.00,2782.60,1,2780,1,20241009,2774.20,2774.20,2774.20,2774.20,0,2774.2,0,20241010,2792.10,2792.10,2789.20,2789.20,2,2792,2,20241011,2825.80,2825.80,2825.80,2825.80,0,2825.8,0,20241014,2816.20,2816.20,2816.20,2816.20,0,2816.2,0,20241015,2825.00,2829.00,2825.00,2829.00,1,2825,1,20241016,2842.20,2842.20,2842.20,2842.20,0,2842.2,0,20241017,2846.40,2858.70,2845.70,2858.70,3,2846.37,3,20241018,2885.60,2885.60,2882.90,2882.90,1,2885.6,1,20241021,2893.70,2893.70,2893.70,2893.70,0,2893.7,0,20241022,2915.80,2915.80,2915.80,2915.80,0,2915.8,0,20241023,2886.40,2886.40,2886.40,2886.40,0,2886.4,0,20241024,2905.70,2905.70,2905.70,2905.70,0,2905.7,0,20241025,2911.30,2911.30,2911.30,2911.30,0,2911.3,0,20241028,2914.90,2914.90,2914.90,2914.90,0,2914.9,0,20241029,2939.80,2939.80,2939.80,2939.80,0,2939.8,0,20241030,2963.00,2963.00,2963.00,2963.00,0,2963,0,20241031,2911.70,2911.70,2911.70,2911.70,0,2911.7,0,20241101,2910.60,2910.60,2910.60,2910.60,0,2910.6,0,20241104,2908.50,2908.50,2908.50,2908.50,0,2908.5,0,20241105,2915.00,2915.00,2915.00,2915.00,0,2915,0,20241106,2880.00,2880.00,2840.30,2840.30,2,2866.9,2,20241107,2820.90,2870.20,2820.90,2870.20,2,2844.45,2,20241108,2858.70,2859.00,2858.70,2859.00,1,2858.7,1,20241111,2791.80,2791.80,2779.90,2779.90,1,2791.8,1,20241112,2768.30,2768.30,2768.30,2768.30,0,2768.3,0,20241113,2745.90,2745.90,2745.90,2745.90,0,2745.9,0,20241114,2705.60,2731.50,2705.60,2731.50,10,2705.6,8,20241115,2728.70,2728.70,2728.70,2728.70,0,2728.7,0,20241118,2775.50,2775.50,2775.50,2775.50,0,2775.5,0,20241119,2791.70,2791.70,2791.70,2791.70,0,2791.7,0,20241120,2800.00,2814.50,2800.00,2814.50,1,2800,1,20241121,2825.10,2839.10,2825.10,2839.10,1,2825.1,1,20241122,2880.20,2880.20,2880.20,2880.20,0,2880.2,0,20241125,2782.30,2782.30,2782.30,2782.30,0,2782.3,0,20241126,2786.00,2786.00,2786.00,2786.00,0,2786,0,20241127,2802.70,2802.70,2802.70,2802.70,0,2802.7,0,20241128,2802.70,2802.70,2802.70,2802.70,0,2802.7,0,20241129,2819.30,2819.30,2819.30,2819.30,0,2819.3,0,20241202,2797.20,2797.20,2797.20,2797.20,0,2797.2,0,20241203,2805.70,2805.70,2805.70,2805.70,0,2805.7,0,20241204,2812.80,2812.80,2812.80,2812.80,0,2812.8,0,20241205,2783.90,2783.90,2783.90,2783.90,0,2783.9,0,20241206,2794.90,2794.90,2794.90,2794.90,0,2794.9,0,20241209,2825.50,2825.50,2825.50,2825.50,0,2825.5,0,20241210,2858.00,2858.00,2858.00,2858.00,0,2858,0,20241211,2893.60,2893.60,2893.60,2893.60,0,2893.6,0,20241212,2850.20,2850.20,2850.20,2850.20,0,2850.2,0,20241213,2817.70,2817.70,2817.70,2817.70,0,2817.7,0,20241216,2812.30,2812.30,2812.30,2812.30,0,2812.3,0,20241217,2805.30,2805.30,2805.30,2805.30,0,2805.3,0,20241218,2805.00,2805.00,2799.30,2799.30,1,2805,1,20241219,2757.60,2757.60,2757.60,2757.60,0,2757.6,0,20241220,2793.60,2793.60,2793.60,2793.60,0,2793.6,0,20241223,2778.20,2778.20,2778.20,2778.20,0,2778.2,0,20241224,2788.10,2788.10,2788.10,2788.10,0,2788.1,0,20241226,2809.10,2809.10,2809.10,2809.10,0,2809.1,0,20241227,2789.60,2789.60,2789.60,2789.60,0,2789.6,0,20241230,2780.40,2780.40,2780.40,2780.40,0,2780.4,0,20241231,2809.70,2809.70,2809.70,2809.70,0,2809.7,0,20250102,2824.30,2832.50,2824.30,2832.50,1,2824.3,1,20250103,2835.10,2835.10,2813.60,2813.60,1,2835.1,1,20250106,2795.00,2804.90,2795.00,2804.90,1,2795,1,20250107,2824.10,2824.10,2824.10,2824.10,0,2824.1,0,20250108,2833.30,2833.30,2833.30,2833.30,0,2833.3,0,20250109,2840.10,2851.70,2840.10,2851.70,2,2840.1,2,20250110,2876.70,2876.70,2876.70,2876.70,0,2876.7,0,20250113,2837.10,2837.10,2837.10,2837.10,0,2837.1,0,20250114,2843.80,2843.80,2843.80,2843.80,0,2843.8,0,20250115,2879.60,2879.60,2879.60,2879.60,0,2879.6,0,20250116,2914.80,2914.80,2914.80,2914.80,0,2914.8,0,20250117,2913.20,2913.20,2913.20,2913.20,0,2913.2,0,20250120,2913.20,2913.20,2913.20,2913.20,0,2913.2,0,20250121,2925.20,2925.20,2925.20,2925.20,0,2925.2,0,20250122,2937.70,2937.70,2937.70,2937.70,0,2937.7,0,20250123,2932.20,2932.20,2932.20,2932.20,0,2932.2,0,20250124,2948.00,2948.00,2948.00,2948.00,0,2948,0,20250127,2908.50,2908.50,2908.50,2908.50,0,2908.5,0,20250128,2942.40,2942.40,2942.40,2942.40,0,2942.4,0,20250129,2936.10,2936.10,2936.10,2936.10,0,2936.1,0,20250130,2987.50,2987.50,2987.50,2987.50,0,2987.5,0,20250131,2991.00,2996.00,2975.60,2975.60,2,2993.5,2,20250203,2961.00,2995.00,2958.90,2995.00,3,2964.93,3,20250204,3015.70,3015.70,3015.70,3015.70,0,3015.7,0,20250205,3034.10,3034.10,3034.10,3034.10,0,3034.1,0,20250206,3024.00,3024.00,3000.00,3021.40,3,3016,3,20250207,3029.80,3045.10,3026.70,3036.90,14,3031.7,14,20250210,3086.30,3086.30,3086.30,3086.30,0,3086.3,0,20250211,3082.40,3087.90,3082.40,3087.90,1,3082.4,1,20250212,3084.50,3084.50,3084.50,3084.50,0,3084.5,0,20250213,3099.20,3099.20,3099.20,3099.20,0,3099.2,0,20250214,3051.40,3051.40,3051.40,3051.40,0,3051.4,0,20250217,3045.30,3051.40,3045.30,3051.40,1,3045.3,1,20250218,3094.20,3099.80,3094.00,3099.80,2,3094.1,2,20250219,3082.80,3082.80,3082.80,3082.80,0,3082.8,0,20250220,3118.10,3118.10,3103.30,3103.30,1,3118.1,1,20250221,3099.60,3099.60,3099.60,3099.60,0,3099.6,0,20250224,3111.50,3111.50,3111.50,3111.50,0,3111.5,0,20250225,3068.00,3068.00,3066.50,3066.50,1,3068,1,20250226,3077.40,3078.90,3077.40,3078.90,4,3077.4,3,20250227,3043.90,3043.90,3043.90,3043.90,0,3043.9,0,20250228,3013.40,3013.40,2995.00,2995.00,3,3011.33,3,20250303,3030.00,3049.20,3030.00,3049.20,12,3038.2,9,20250304,3085.40,3085.40,3068.30,3068.30,1,3085.4,1,20250305,3072.90,3074.70,3072.20,3073.20,16,3073.11,15,20250306,3074.00,3074.00,3074.00,3074.00,0,3074,0,20250307,3060.20,3060.20,3060.20,3060.20,0,3060.2,0,20250310,3043.50,3043.50,3043.50,3043.50,0,3043.5,0,20250311,3066.00,3066.00,3066.00,3066.00,0,3066,0,20250312,3090.90,3090.90,3090.90,3090.90,0,3090.9,0,20250313,3103.50,3136.40,3103.50,3136.40,1,3103.5,1,20250314,3140.90,3145.60,3140.90,3145.60,2,3140.95,2,20250317,3141.00,3152.10,3141.00,3150.70,7,3149.57,7,20250318,3187.40,3188.70,3178.20,3188.70,6,3184.6,5,20250319,3189.60,3189.60,3189.60,3189.60,0,3189.6,0,20250320,3191.00,3191.00,3191.00,3191.00,0,3191,0,20250321,3150.00,3164.50,3150.00,3164.30,4,3160.88,2,20250324,3159.00,3159.00,3159.00,3159.00,0,3159,0,20250325,3166.50,3170.40,3166.50,3170.40,9,3167.28,6,20250326,3167.00,3167.00,3167.00,3167.00,0,3167,0,20250327,3204.60,3206.20,3204.60,3206.20,1,3204.6,1,20250328,3229.00,3230.40,3229.00,3230.40,1,3229,1,20250331,3238.80,3267.50,3238.80,3267.50,4,3248.05,4,20250401,3262.70,3263.00,3262.20,3263.00,3,3262.53,3,20250402,3300.30,3300.30,3285.00,3285.00,1,3300.3,1,20250403,3304.10,3304.10,3231.70,3239.00,12,3256.88,10,20250404,3174.70,3174.70,3148.00,3148.00,6,3159.05,5,20250407,3150.60,3156.80,3085.90,3085.90,3,3146.93,3,20250408,3144.20,3144.60,3105.20,3105.20,7,3129.8,5,20250409,3194.20,3207.90,3194.20,3200.40,6,3199.48,4,20250410,3300.90,3300.90,3300.90,3300.90,0,3300.9,0,20250411,3356.00,3373.90,3339.70,3373.90,3,3352.8,3,20250414,3364.40,3364.40,3340.00,3352.80,3,3351.2,3,20250415,3367.60,3367.60,3367.60,3367.60,0,3367.6,0,20250416,3416.20,3478.00,3416.20,3478.00,3,3432.33,3,20250417,3468.00,3470.10,3436.50,3459.40,11,3465.32,11,20250421,3518.80,3567.30,3518.70,3558.20,45,3554.13,39,20250422,3575.30,3626.90,3519.20,3553.30,41,3579.2,37,20250423,3485.30,3485.30,3405.00,3425.90,31,3418.45,31,20250424,3495.10,3495.80,3471.50,3482.50,5,3485.82,4,20250425,3435.60,3435.60,3417.70,3430.60,19,3429.81,15,20250428,3424.20,3485.80,3424.20,3480.70,5,3469.66,5,20250429,3466.00,3466.00,3466.00,3466.00,0,3466,0,20250430,3449.30,3449.30,3449.20,3449.20,4,3449.25,2,20250501,3376.30,3378.10,3347.00,3350.40,37,3367.38,35,20250502,3367.50,3398.00,3367.40,3372.50,19,3384.12,19,20250505,3408.30,3458.80,3392.40,3454.60,17,3435.08,16,20250506,3464.40,3557.60,3464.40,3557.60,6,3482.58,5,20250507,3525.20,3534.40,3501.10,3527.60,18,3525.23,14,20250508,3545.10,3551.70,3439.60,3439.60,31,3504.11,28,20250509,3447.40,3481.30,3447.40,3477.80,13,3476.76,10,20250512,3372.00,3375.90,3345.00,3360.60,26,3363.04,19,20250513,3388.80,3394.10,3382.00,3382.00,7,3388.03,7,20250514,3321.20,3321.80,3310.00,3320.20,11,3318.47,10,20250515,3300.00,3373.30,3300.00,3357.30,14,3347.66,13,20250516,3343.90,3343.90,3300.00,3316.80,25,3322.58,19,20250519,3343.00,3381.00,3343.00,3365.60,10,3363.46,10,20250520,3355.00,3418.70,3348.00,3415.70,17,3389.35,15,20250521,3449.00,3453.50,3445.70,3447.40,8,3448.88,8,20250522,3454.90,3475.70,3425.00,3428.90,65,3432.89,43,20250523,3429.10,3502.20,3429.10,3501.50,16,3466.77,16,20250527,3471.00,3484.90,3427.50,3436.80,61,3464.7,56,20250528,3439.00,3452.60,3428.60,3429.40,10,3440.89,10,20250529,3448.00,3448.30,3448.00,3448.30,5,3448.02,5,20250530,3440.20,3441.80,3419.60,3419.60,4,3430.43,4,20250602,3484.00,3507.00,3482.80,3503.50,14,3489,11,20250603,3492.00,3492.00,3478.10,3485.20,9,3485.11,9,20250604,3485.10,3506.70,3477.50,3506.70,11,3487.13,10,20250605,3510.50,3510.50,3470.00,3482.00,24,3489.56,24,20250606,3485.40,3498.00,3453.60,3453.60,13,3481.12,11,20250609,3461.90,3461.90,3461.50,3461.50,4,3461.78,4,20250610,3473.90,3473.90,3450.00,3450.30,6,3454.18,6,20250611,3457.00,3457.00,3450.00,3450.00,4,3451.9,4,20250612,3491.00,3522.00,3466.40,3507.90,13,3504.98,10,20250613,3559.30,3560.20,3559.30,3559.60,4,3559.65,4,20250616,3575.80,3575.80,3523.80,3523.80,8,3539.33,5,20250617,3508.50,3515.10,3505.50,3515.10,6,3507.55,5,20250618,3499.00,3520.80,3491.70,3515.10,19,3509.35,17,20250620,3499.50,3500.70,3473.60,3492.60,13,3489.23,13,20250623,3490.40,3501.20,3490.40,3501.20,1,3490.4,1,20250624,3467.40,3470.70,3440.20,3440.20,12,3460.55,8,20250625,3451.20,3456.00,3449.00,3449.70,12,3453.38,11,20250626,3454.00,3455.30,3452.60,3454.30,8,3453.61,7,20250627,3396.10,3400.00,3385.00,3392.70,9,3392.31,8,20250630,3377.10,3415.00,3377.00,3412.90,16,3400.12,15,20250701,3448.00,3465.90,3445.00,3455.50,46,3457.53,37,20250702,3461.00,3468.90,3454.30,3466.00,63,3463.17,44,20250703,3478.00,3478.00,3441.40,3450.30,57,3450.21,37,20250707,3450.80,3459.10,3425.30,3450.30,74,3448.72,45,20250708,3456.00,3456.00,3423.90,3424.50,51,3425.67,33,20250709,3419.20,3427.80,3399.00,3427.50,56,3425.34,37,20250710,3438.70,3438.70,3428.30,3432.10,11,3431.46,10,20250711,3440.00,3487.40,3440.00,3470.30,90,3466.87,45,20250714,3487.00,3494.00,3457.80,3466.80,64,3470.91,52,20250715,3477.60,3477.60,3437.30,3444.40,188,3457.37,136,20250716,3452.10,3489.50,3433.70,3466.10,76,3456.74,60,20250717,3427.20,3452.90,3422.80,3452.60,42,3443.1,38,20250718,3452.00,3471.50,3452.00,3465.50,26,3466.57,26,20250721,3465.50,3523.50,3465.50,3515.40,62,3502.48,44,20250722,3524.00,3558.00,3506.90,3555.20,66,3531.53,44,20250723,3554.00,3554.10,3504.10,3507.30,209,3533.24,138,20250724,3506.00,3506.00,3464.60,3483.90,148,3479.04,104,20250725,3459.70,3460.80,3434.30,3443.80,133,3446.74,88,20250728,3445.80,3449.80,3410.40,3418.00,232,3430.86,165,20250729,3415.60,3437.30,3415.60,3432.40,192,3428.48,156,20250730,3434.60,3438.60,3372.40,3403.70,181,3405.12,157,20250731,3389.70,3413.40,3387.10,3400.00,48,3397.46,48,20250801,3397.80,3458.50,3388.30,3449.90,44,3428.42,40,20250804,3457.70,3482.80,3456.90,3476.90,67,3473.32,61,20250805,3483.30,3487.70,3453.80,3485.70,45,3481,45,20250806,3484.50,3488.20,3463.20,3484.30,46,3480.62,43,20250807,3484.10,3518.10,3484.10,3503.30,57,3501.16,54,20250808,3559.30,3560.00,3504.00,3539.30,153,3527.89,109,20250811,3516.00,3516.10,3453.30,3457.50,290,3466.42,210,20250812,3458.50,3458.50,3433.80,3451.50,202,3449.42,176,20250813,3454.40,3469.60,3447.50,3460.80,136,3458.45,119,20250814,3470.60,3470.60,3428.00,3435.20,222,3445.15,163,20250815,3433.90,3442.60,3432.10,3434.00,78,3437.18,70,20250818,3429.30,3450.40,3420.00,3429.40,83,3436.19,73,20250819,3433.80,3439.60,3409.10,3409.30,128,3416.27,112,20250820,3409.50,3442.90,3404.00,3439.50,45,3419.85,40,20250821,3435.60,3441.20,3421.30,3433.00,53,3433.91,43,20250822,3429.70,3473.10,3415.20,3469.60,151,3453.06,102,20250825,3467.00,3472.60,3457.20,3469.00,43,3466.2,42,20250826,3455.60,3491.00,3450.00,3485.20,145,3472.92,112,20250827,3494.00,3504.00,3476.70,3501.90,62,3488.25,55,20250828,3502.50,3530.50,3497.50,3526.80,128,3513.94,86,20250829,3527.80,3573.00,3518.60,3569.60,83,3546.6,70,20250902,3563.60,3653.20,3560.70,3646.10,148,3612.9,131,20250903,3651.00,3694.20,3651.00,3689.90,97,3677.18,70,20250904,3672.00,3672.00,3631.30,3661.30,218,3652.7,137,20250905,3664.00,3709.30,3661.70,3707.50,159,3693.83,141,20250908,3687.30,3738.10,3678.40,3731.20,347,3722.46,261,20250909,3726.00,3765.40,3718.80,3735.90,148,3743.38,137,20250910,3716.80,3748.80,3710.40,3735.80,65,3733.77,58,20250911,3735.80,3740.00,3705.50,3726.80,167,3722.11,155,20250912,3726.40,3746.70,3723.60,3740.30,211,3739.78,181,20250915,3736.10,3777.80,3717.10,3773.10,195,3744.54,152,20250916,3770.10,3793.70,3768.40,3779.50,171,3780.34,132,20250917,3786.60,3795.90,3735.00,3772.50,317,3763.45,249,20250918,3750.50,3760.60,3720.90,3732.60,114,3740.98,106,20250919,3730.70,3773.20,3722.70,3760.50,122,3751.76,91,20250922,3776.00,3838.00,3776.00,3830.50,243,3813.72,180,20250923,3833.50,3878.00,3830.00,3872.30,287,3857.7,233,20250924,3853.00,3867.50,3807.90,3824.70,194,3840.89,165,20250925,3825.40,3847.70,3810.00,3828.80,239,3831.53,184,20250926,3839.90,3870.70,3823.00,3866.90,168,3845.9,147,20250929,3847.00,3920.50,3847.00,3914.60,208,3901.45,185,20250930,3917.10,3958.40,3880.50,3932.10,707,3926.8,390,20251001,3945.80,3982.30,3941.90,3956.90,391,3963.22,298,20251002,3952.00,3981.00,3903.00,3926.50,407,3932.98,286,20251003,3940.40,3973.90,3922.00,3967.60,260,3959.18,192,20251006,3970.00,4053.20,3970.00,4037.10,308,4019.94,227,20251007,4046.20,4075.50,4028.20,4066.60,316,4057.76,225,20251008,4075.00,4143.60,4069.80,4133.70,557,4122.66,462,20251009,4118.00,4140.00,4024.80,4034.00,496,4086.12,435,20251010,4057.50,4099.80,4023.00,4062.00,693,4068.92,635,20251013,4081.70,4198.90,4081.70,4196.40,429,4159.63,347,20251014,4196.40,4253.90,4169.80,4226.60,519,4214.9,451,20251015,4241.00,4297.70,4232.10,4265.50,736,4273.69,633,20251016,4290.40,4410.00,4280.50,4369.70,893,4338.2,790,20251017,4420.10,4455.00,4261.40,4276.80,1234,4381.15,959,20251020,4331.30,4460.00,4298.50,4425.40,670,4375.79,507,20251021,4436.70,4457.00,4156.10,4171.40,853,4298.23,765,20251022,4203.00,4232.50,4090.10,4128.00,632,4159.78,527,20251023,4174.90,4234.90,4155.90,4209.10,378,4201.32,301,20251024,4197.00,4220.70,4124.90,4201.30,320,4183.93,302,20251027,4159.70,4180.00,4049.00,4081.30,506,4114.31,410,20251028,4063.40,4093.00,3965.20,4043.70,411,4021.4,335,20251029,4007.90,4103.10,4007.90,4062.60,417,4068.7,345,20251030,4000.00,4103.30,3993.20,4079.00,302,4055.57,279,20251031,4103.00,4112.60,4045.60,4059.00,494,4079.03,347,20251103,4071.00,4104.70,4035.70,4077.20,261,4083.66,235,20251104,4069.40,4073.90,4000.00,4022.50,452,4031.32,425,20251105,4008.00,4061.40,4003.00,4055.70,336,4045.38,290,20251106,4041.60,4091.00,4036.90,4053.60,362,4061.73,288,20251107,4070.00,4097.00,4055.50,4072.80,152,4072.3,146,20251110,4080.00,4187.70,4080.00,4186.50,430,4150.02,357,20251111,4187.70,4218.30,4167.90,4180.90,513,4195.63,334,20251112,4205.20,4281.00,4173.80,4279.20,651,4230.8,429,20251113,4267.80,4313.80,4219.00,4261.70,514,4272.69,309,20251114,4248.90,4280.80,4100.00,4159.00,824,4194.06,571,20251117,4146.40,4170.00,4072.20,4139.50,631,4134.74,438,20251118,4120.00,4147.20,4066.20,4131.20,852,4110.83,562,20251119,4133.50,4199.00,4121.20,4148.30,944,4160.06,746,20251120,4144.30,4172.00,4095.00,4125.30,728,4136.93,566,20251121,4139.40,4165.00,4084.00,4144.90,1045,4121.76,861,20251124,4132.70,4201.20,4102.60,4159.60,563,4139.24,518,20251125,4197.50,4221.80,4173.20,4206.50,1587,4199.47,1261,20251126,4195.90,4238.00,4194.90,4231.80,1559,4223.79,1132,20251128,4228.20,4291.40,4204.20,4284.80,2456,4238.97,1809,20251201,4289.40,4330.00,4271.40,4305.70,2807,4301.96,2181,20251202,4294.20,4296.70,4225.00,4251.50,3074,4263.78,2001,20251203,4269.60,4303.50,4257.20,4263.20,2165,4277.04,1641,20251204,4265.60,4281.20,4234.40,4273.40,1530,4260.23,1221,20251205,4269.00,4320.90,4253.70,4273.80,1674,4283.84,1362,20251208,4260.70,4277.70,4235.00,4248.60,1318,4257.26,1116,20251209,4249.80,4282.20,4229.10,4267.40,1653,4259.58,1276,20251210,4267.10,4298.50,4239.10,4255.60,2052,4265.46,1387,20251211,4291.40,4348.20,4262.40,4344.40,3519,4306.8,2406,20251212,4337.90,4419.00,4317.40,4360.00,3465,4370.53,2394,20251215,4360.70,4415.00,4348.80,4367.00,2600,4384.1,1804,20251216,4367.00,4399.00,4329.70,4363.90,2347,4370.23,1903,20251217,4366.80,4414.40,4366.10,4405.50,2295,4394.4,1811,20251218,4400.50,4440.40,4369.60,4395.90,2556,4401.31,1885,20251219,4397.60,4419.90,4368.30,4418.80,1786,4399.93,1348,20251222,4401.40,4516.40,4400.20,4501.60,4525,4482.69,2829,20251223,4512.40,4563.20,4489.70,4538.10,5023,4534.8,3547,20251224,4550.00,4587.00,4506.90,4535.10,2746,4551,2091,20251226,4548.60,4616.50,4548.60,4585.70,5113,4584.63,3228,20251229,4601.90,4609.80,4348.60,4375.70,7547,4475.59,5702,20251230,4382.10,4452.00,4372.30,4418.90,2972,4415.92,2402,20251231,4388.40,4416.30,4317.60,4373.90,3816,4369.44,2996,20260102,4377.40,4446.70,4352.30,4361.90,2953,4406.53,2238,20260105,4395.90,4500.00,4387.80,4484.10,4680,4468.16,3364,20260106,4493.20,4541.00,4471.90,4529.10,4077,4512.65,2846,20260107,4540.70,4545.00,4465.80,4495.30,4192,4497.08,3095,20260108,4503.70,4521.50,4447.80,4493.90,3968,4478.53,3153,20260109,4519.80,4560.20,4496.60,4534.70,3576,4531.1,2726,20260112,4561.70,4674.60,4558.70,4649.20,7296,4636.91,5657,20260113,4639.00,4678.00,4611.00,4633.50,6271,4639.96,5059,20260114,4632.30,4685.00,4632.00,4670.10,7857,4665.94,5848,20260115,4670.70,4671.40,4618.00,4657.70,8713,4642.85,6304,20260116,4657.70,4658.80,4573.30,4629.40,10012,4628.47,7012,20260120,4661.00,4806.00,4659.50,4800.80,20405,4752.58,14735,20260121,4804.90,4925.10,4793.30,4873.10,28781,4874.98,20258,20260122,4871.00,4980.10,4807.90,4949.40,29392,4890.16,19185,20260123,4977.80,5028.30,4937.70,5017.00,30608,4994.88,21675,20260126,5042.80,5145.20,5022.90,5122.30,83726,5104.05,53274,20260127,5043.90,5229.80,5043.90,5120.60,91940,5125.9,59178,20260128,5218.60,5452.80,5193.60,5340.20,335433,5308.43,244435,20260129,5449.90,5626.80,5126.00,5354.80,535273,5453.48,389653,20260130,5410.00,5480.20,4700.40,4745.10,471965,5063.64,347329,20260202,4816.00,4905.60,4423.20,4652.60,360736,4700.51,278042,20260203,4691.00,5018.10,4690.20,4935.00,244229,4923.61,185601,20260204,4966.10,5113.90,4867.70,4950.80,227117,5009.67,168796,20260205,4986.60,5045.00,4779.60,4889.50,220040,4890.03,168030,20260206,4800.00,4995.60,4670.00,4979.80,162332,4877.87,122381,20260209,5003.60,5111.10,4988.60,5079.40,113012,5053.36,85188,20260210,5084.30,5102.70,5011.00,5031.00,97289,5056.95,73185,20260211,5048.00,5144.50,5036.30,5098.50,116736,5092.54,85306,20260212,5107.30,5122.80,4900.00,4948.40,147097,5017.32,109043,20260213,4950.00,5069.10,4907.10,5046.30,112783,5008.52,84368,20260217,5050.00,5074.40,4854.20,4905.90,156491,4944.22,115073,20260218,4898.50,5031.90,4868.50,5009.50,89152,4977.6,64870,20260219,4993.70,5042.80,4971.50,4997.40,80714,5013.01,59273,20260220,5015.00,5131.00,4999.30,5080.90,122265,5060.54,89502,20260223,5128.80,5257.30,5120.40,5225.60,129801,5194.74,96088,20260224,5247.50,5269.40,5109.50,5176.30,133586,5178.29,97377,20260225,5160.00,5237.30,5135.90,5226.20,102208,5202.93,75253,20260226,5175.30,5221.90,5144.80,5194.20,118374,5192.79,89293,20260227,5201.90,5299.00,5182.90,5247.90,136922,5234.26,100031,20260302,5360.00,5434.10,5272.90,5311.60,210669,5365.14,157496,20260303,5335.70,5394.20,5005.00,5123.70,244893,5183.42,184459,20260304,5110.00,5218.30,5092.80,5134.70,126108,5169.17,95127,20260305,5155.70,5204.30,5058.90,5078.70,132000,5128.75,98317,20260306,5099.70,5185.00,5071.00,5158.70,122732,5129.68,93148,20260309,5186.70,5210.40,5021.20,5103.70,143108,5104.82,108666,20260310,5152.40,5248.70,5127.10,5242.10,133668,5201.88,98283,20260311,5194.00,5230.90,5155.90,5179.10,99576,5192.64,75064,20260312,5185.40,5197.80,5058.20,5125.80,119006,5148.38,88714,20260313,5084.00,5132.40,5014.10,5061.70,136317,5080.18,99283,20260316,5010.00,5044.50,4970.10,5002.20,140663,5008.99,104310,20260317,5012.20,5049.40,4977.00,5008.20,97680,5015.48,72153,20260318,5010.60,5022.00,4809.30,4896.20,173157,4916.97,126932,20260319,4828.00,4868.70,4505.00,4605.70,256126,4660.11,192578,20260320,4653.90,4738.20,4478.40,4574.90,191786,4624.05,143871,20260323,4450.00,4537.10,4100.00,4407.30,336923,4355.47,257584,20260324,4414.80,4485.60,4306.30,4402.00,170808,4395.87,132601,20260325,4473.50,4601.00,4458.20,4552.30,182101,4552.24,133335,20260326,4508.90,4541.60,4348.20,4376.30,166626,4437.09,128484,20260327,4371.80,4552.10,4369.10,4492.50,21186,4442.74,15226,20260330,4482.80,4579.10,4413.40,4526.00,3547,4517.34,2623,20260331,4510.00,4684.10,4508.60,4647.60,867,4609,442,20260401,4668.40,4789.10,4668.00,4783.20,516,4734.7,280,20260402,4764.90,4784.40,4558.90,4651.50,380,4647.67,262,20260406,4656.10,4689.60,4605.00,4656.80,88,4675.65,75,20260407,4624.90,4676.30,4608.00,4657.10,154,4651.33,90,20260408,4760.00,4851.00,4738.80,4749.50,369,4797.39,240,20260409,4711.00,4711.10,4711.00,4711.00,6,4711.02,5
[2026-04-09 15:00:53] INFO     | trading.broker         | Fetched 472 historical bars for GCJ6
[2026-04-09 15:00:53] INFO     | trading.strategy.mgc_pullback | Last bar  date=2026-04-09  close=4711.00  SMA200=4208.69  SMA37=4899.57  RSI2=53.36
[2026-04-09 15:00:53] DEBUG    | ib_insync.client       | >>> 9,8,5,0,MGC,FUT,202604,0.0,,,COMEX,,USD,,,0,,,
[2026-04-09 15:00:54] DEBUG    | ib_insync.client       | <<< 10,5,MGC,FUT,20260428 13:30:00 US/Eastern,0,,COMEX,USD,MGCJ6,MGC,MGC,706903676,0.1,10,ACTIVETIM,AD,ADJUST,ALERT,ALGO,ALLOC,AVGCOST,BASKET,BENCHPX,COND,CONDORDER,DAY,DEACT,DEACTDIS,DEACTEOD,GAT,GTC,GTD,GTT,HID,ICE,IOC,LIT,LMT,LTH,MIT,MKT,MTL,NGCOMB,NONALGO,OCA,PEGBENCH,SCALE,SCALERST,SIZECHK,SNAPMID,SNAPMKT,SNAPREL,STP,STPLMT,TRAIL,TRAILLIT,TRAILLMT,TRAILMIT,WHATIF,COMEX,1,79702479,E-Micro Gold ,,202604,,,,US/Eastern,20260408:1800-20260409:1700;20260409:1800-20260410:1700;20260411:CLOSED;20260412:1800-20260413:1700;20260413:1800-20260414:1700;20260414:1800-20260415:1700,20260409:0930-20260409:1700;20260410:0930-20260410:1700;20260411:CLOSED;20260412:CLOSED;20260413:0930-20260413:1700;20260414:0930-20260414:1700;20260414:1800-20260415:1700,,,0,2147483647,MGC,IND,65,20260428,,1,1,1
[2026-04-09 15:00:54] DEBUG    | ib_insync.client       | <<< 52,1,5
[2026-04-09 15:00:54] INFO     | trading.broker         | Qualified contract: MGCJ6  conId=706903676
[2026-04-09 15:00:54] INFO     | trading.strategy.mgc_pullback | States  uptrend=True  pullback=False  exit_up=False  pos=0
[2026-04-09 15:00:54] INFO     | trading.main           | [DRY RUN] Signal: NONE | Reason: No actionable signal
[2026-04-09 15:00:54] INFO     | ib_insync.ib           | Disconnecting from 127.0.0.1:4002, 310 B sent in 11 messages, 42.2 kB received in 314 messages, session time 4.22 s.
[2026-04-09 15:00:54] INFO     | ib_insync.client       | Disconnecting
[2026-04-09 15:00:54] INFO     | trading.broker         | Disconnected from IBKR
[2026-04-09 15:00:54] INFO     | trading.db             | Database connection closed
[2026-04-09 15:00:54] INFO     | trading.main           | ALL STRATEGIES COMPLETE
[2026-04-09 15:06:18] DEBUG    | asyncio                | Using selector: KqueueSelector
[2026-04-09 15:06:19] INFO     | trading.main           | ============================================================
[2026-04-09 15:06:19] INFO     | trading.main           |   TRADING FRAMEWORK – STARTING
[2026-04-09 15:06:19] INFO     | trading.main           | ============================================================
[2026-04-09 15:06:19] INFO     | trading.db             | Database ready at /Users/rishabhmaniyar/Downloads/trading_framework/data/trading.db
[2026-04-09 15:06:19] INFO     | trading.broker         | Connecting to IBKR 127.0.0.1:4002 (attempt 1/3)
[2026-04-09 15:06:19] INFO     | ib_insync.client       | Connecting to 127.0.0.1:4002 with clientId 27...
[2026-04-09 15:06:19] INFO     | ib_insync.client       | Connected
[2026-04-09 15:06:19] DEBUG    | ib_insync.client       | <<< 176,20260409 15:06:18 India Standard Time
[2026-04-09 15:06:19] DEBUG    | ib_insync.client       | >>> 71,2,27,
[2026-04-09 15:06:19] INFO     | ib_insync.client       | Logged on to server version 176
[2026-04-09 15:06:19] DEBUG    | ib_insync.client       | <<< 15,1,DUM165609
[2026-04-09 15:06:19] DEBUG    | ib_insync.client       | <<< 9,1,1
[2026-04-09 15:06:19] DEBUG    | ib_insync.client       | <<< 4,2,-1,2104,Market data farm connection is OK:usfarm,
[2026-04-09 15:06:19] INFO     | ib_insync.wrapper      | Warning 2104, reqId -1: Market data farm connection is OK:usfarm
[2026-04-09 15:06:19] DEBUG    | ib_insync.client       | <<< 4,2,-1,2106,HMDS data farm connection is OK:ushmds,
[2026-04-09 15:06:19] INFO     | ib_insync.wrapper      | Warning 2106, reqId -1: HMDS data farm connection is OK:ushmds
[2026-04-09 15:06:19] DEBUG    | ib_insync.client       | <<< 4,2,-1,2158,Sec-def data farm connection is OK:secdefil,
[2026-04-09 15:06:19] INFO     | ib_insync.wrapper      | Warning 2158, reqId -1: Sec-def data farm connection is OK:secdefil
[2026-04-09 15:06:19] INFO     | ib_insync.client       | API connection ready
[2026-04-09 15:06:19] DEBUG    | ib_insync.client       | >>> 61,1
[2026-04-09 15:06:19] DEBUG    | ib_insync.client       | >>> 5,1
[2026-04-09 15:06:19] DEBUG    | ib_insync.client       | >>> 99,0
[2026-04-09 15:06:19] DEBUG    | ib_insync.client       | >>> 6,2,1,DUM165609
[2026-04-09 15:06:19] DEBUG    | ib_insync.client       | >>> 76,1,1,DUM165609,,0
[2026-04-09 15:06:19] DEBUG    | ib_insync.client       | <<< 61,3,DUM165609,770561194,MES,FUT,20260618,0.0,,5,,USD,MESM6,MES,3,33228.12
[2026-04-09 15:06:19] INFO     | ib_insync.wrapper      | position: Position(account='DUM165609', contract=Future(conId=770561194, symbol='MES', lastTradeDateOrContractMonth='20260618', multiplier='5', currency='USD', localSymbol='MESM6', tradingClass='MES'), position=3.0, avgCost=33228.12)
[2026-04-09 15:06:19] DEBUG    | ib_insync.client       | <<< 62,1
[2026-04-09 15:06:19] DEBUG    | ib_insync.client       | <<< 53,1
[2026-04-09 15:06:19] DEBUG    | ib_insync.client       | <<< 102
[2026-04-09 15:06:19] DEBUG    | ib_insync.client       | <<< 6,2,AccountCode,DUM165609,,DUM165609
[2026-04-09 15:06:19] DEBUG    | ib_insync.client       | <<< 6,2,AccountOrGroup,DUM165609,BASE,DUM165609
[2026-04-09 15:06:19] DEBUG    | ib_insync.client       | <<< 6,2,AccountOrGroup,DUM165609,USD,DUM165609
[2026-04-09 15:06:19] DEBUG    | ib_insync.client       | <<< 6,2,AccountReady,true,,DUM165609
[2026-04-09 15:06:19] DEBUG    | ib_insync.client       | <<< 6,2,AccountType,CORPORATION,,DUM165609
[2026-04-09 15:06:19] DEBUG    | ib_insync.client       | <<< 6,2,AccruedCash,141.71,BASE,DUM165609
[2026-04-09 15:06:19] DEBUG    | ib_insync.client       | <<< 6,2,AccruedCash,141.71,USD,DUM165609
[2026-04-09 15:06:19] DEBUG    | ib_insync.client       | <<< 6,2,AccruedCash-P,0.00,USD,DUM165609
[2026-04-09 15:06:19] DEBUG    | ib_insync.client       | <<< 6,2,AccruedCash-S,141.71,USD,DUM165609
[2026-04-09 15:06:19] DEBUG    | ib_insync.client       | <<< 6,2,AccruedDividend,0.00,USD,DUM165609
[2026-04-09 15:06:19] DEBUG    | ib_insync.client       | <<< 6,2,AccruedDividend-P,0.00,USD,DUM165609
[2026-04-09 15:06:19] DEBUG    | ib_insync.client       | <<< 6,2,AccruedDividend-S,0.00,USD,DUM165609
[2026-04-09 15:06:19] DEBUG    | ib_insync.client       | <<< 6,2,AvailableFunds,235838.60,USD,DUM165609
[2026-04-09 15:06:19] DEBUG    | ib_insync.client       | <<< 6,2,AvailableFunds-P,0.00,USD,DUM165609
[2026-04-09 15:06:19] DEBUG    | ib_insync.client       | <<< 6,2,AvailableFunds-S,235838.60,USD,DUM165609
[2026-04-09 15:06:19] DEBUG    | ib_insync.client       | <<< 6,2,Billable,0.00,USD,DUM165609
[2026-04-09 15:06:19] DEBUG    | ib_insync.client       | <<< 6,2,Billable-P,0.00,USD,DUM165609
[2026-04-09 15:06:19] DEBUG    | ib_insync.client       | <<< 6,2,Billable-S,0.00,USD,DUM165609
[2026-04-09 15:06:19] DEBUG    | ib_insync.client       | <<< 6,2,BuyingPower,1572257.30,USD,DUM165609
[2026-04-09 15:06:19] DEBUG    | ib_insync.client       | <<< 6,2,CashBalance,244878.2885,BASE,DUM165609
[2026-04-09 15:06:19] DEBUG    | ib_insync.client       | <<< 6,2,CashBalance,244878.2885,USD,DUM165609
[2026-04-09 15:06:19] DEBUG    | ib_insync.client       | <<< 6,2,ColumnPrio-P,5,,DUM165609
[2026-04-09 15:06:19] DEBUG    | ib_insync.client       | <<< 6,2,ColumnPrio-S,1,,DUM165609
[2026-04-09 15:06:19] DEBUG    | ib_insync.client       | <<< 6,2,CorporateBondValue,0.00,BASE,DUM165609
[2026-04-09 15:06:19] DEBUG    | ib_insync.client       | <<< 6,2,CorporateBondValue,0.00,USD,DUM165609
[2026-04-09 15:06:19] DEBUG    | ib_insync.client       | <<< 6,2,Cryptocurrency,0.00,BASE,DUM165609
[2026-04-09 15:06:19] DEBUG    | ib_insync.client       | <<< 6,2,Cryptocurrency,0.00,USD,DUM165609
[2026-04-09 15:06:19] DEBUG    | ib_insync.client       | <<< 6,2,Currency,BASE,BASE,DUM165609
[2026-04-09 15:06:19] DEBUG    | ib_insync.client       | <<< 6,2,Currency,USD,USD,DUM165609
[2026-04-09 15:06:19] DEBUG    | ib_insync.client       | <<< 6,2,Cushion,0.970413,,DUM165609
[2026-04-09 15:06:19] DEBUG    | ib_insync.client       | <<< 6,2,EquityWithLoanValue,245020.00,USD,DUM165609
[2026-04-09 15:06:19] DEBUG    | ib_insync.client       | <<< 6,2,EquityWithLoanValue-P,0.00,USD,DUM165609
[2026-04-09 15:06:19] DEBUG    | ib_insync.client       | <<< 6,2,EquityWithLoanValue-S,245020.00,USD,DUM165609
[2026-04-09 15:06:19] DEBUG    | ib_insync.client       | <<< 6,2,ExcessLiquidity,237770.55,USD,DUM165609
[2026-04-09 15:06:19] DEBUG    | ib_insync.client       | <<< 6,2,ExcessLiquidity-P,0.00,USD,DUM165609
[2026-04-09 15:06:19] DEBUG    | ib_insync.client       | <<< 6,2,ExcessLiquidity-S,237770.55,USD,DUM165609
[2026-04-09 15:06:19] DEBUG    | ib_insync.client       | <<< 6,2,ExchangeRate,1.00,BASE,DUM165609
[2026-04-09 15:06:19] DEBUG    | ib_insync.client       | <<< 6,2,ExchangeRate,1.00,USD,DUM165609
[2026-04-09 15:06:19] DEBUG    | ib_insync.client       | <<< 6,2,FullAvailableFunds,235838.60,USD,DUM165609
[2026-04-09 15:06:19] DEBUG    | ib_insync.client       | <<< 6,2,FullAvailableFunds-P,0.00,USD,DUM165609
[2026-04-09 15:06:19] DEBUG    | ib_insync.client       | <<< 6,2,FullAvailableFunds-S,235838.60,USD,DUM165609
[2026-04-09 15:06:19] DEBUG    | ib_insync.client       | <<< 6,2,FullExcessLiquidity,237770.55,USD,DUM165609
[2026-04-09 15:06:19] DEBUG    | ib_insync.client       | <<< 6,2,FullExcessLiquidity-P,0.00,USD,DUM165609
[2026-04-09 15:06:19] DEBUG    | ib_insync.client       | <<< 6,2,FullExcessLiquidity-S,237770.55,USD,DUM165609
[2026-04-09 15:06:19] DEBUG    | ib_insync.client       | <<< 6,2,FullInitMarginReq,9181.40,USD,DUM165609
[2026-04-09 15:06:19] DEBUG    | ib_insync.client       | <<< 6,2,FullInitMarginReq-P,0.00,USD,DUM165609
[2026-04-09 15:06:19] DEBUG    | ib_insync.client       | <<< 6,2,FullInitMarginReq-S,9181.40,USD,DUM165609
[2026-04-09 15:06:19] DEBUG    | ib_insync.client       | <<< 6,2,FullMaintMarginReq,7249.45,USD,DUM165609
[2026-04-09 15:06:19] DEBUG    | ib_insync.client       | <<< 6,2,FullMaintMarginReq-P,0.00,USD,DUM165609
[2026-04-09 15:06:19] DEBUG    | ib_insync.client       | <<< 6,2,FullMaintMarginReq-S,7249.45,USD,DUM165609
[2026-04-09 15:06:19] DEBUG    | ib_insync.client       | <<< 6,2,FundValue,0.00,BASE,DUM165609
[2026-04-09 15:06:19] DEBUG    | ib_insync.client       | <<< 6,2,FundValue,0.00,USD,DUM165609
[2026-04-09 15:06:19] DEBUG    | ib_insync.client       | <<< 6,2,FutureOptionValue,0.00,BASE,DUM165609
[2026-04-09 15:06:19] DEBUG    | ib_insync.client       | <<< 6,2,FutureOptionValue,0.00,USD,DUM165609
[2026-04-09 15:06:19] DEBUG    | ib_insync.client       | <<< 6,2,FuturesPNL,-335.25,BASE,DUM165609
[2026-04-09 15:06:19] DEBUG    | ib_insync.client       | <<< 6,2,FuturesPNL,-335.25,USD,DUM165609
[2026-04-09 15:06:19] DEBUG    | ib_insync.client       | <<< 6,2,FxCashBalance,0.00,BASE,DUM165609
[2026-04-09 15:06:19] DEBUG    | ib_insync.client       | <<< 6,2,FxCashBalance,0.00,USD,DUM165609
[2026-04-09 15:06:19] DEBUG    | ib_insync.client       | <<< 6,2,GrossPositionValue,0.00,USD,DUM165609
[2026-04-09 15:06:19] DEBUG    | ib_insync.client       | <<< 6,2,GrossPositionValue-S,0.00,USD,DUM165609
[2026-04-09 15:06:19] DEBUG    | ib_insync.client       | <<< 6,2,Guarantee,0.00,USD,DUM165609
[2026-04-09 15:06:19] DEBUG    | ib_insync.client       | <<< 6,2,Guarantee-P,0.00,USD,DUM165609
[2026-04-09 15:06:19] DEBUG    | ib_insync.client       | <<< 6,2,Guarantee-S,0.00,USD,DUM165609
[2026-04-09 15:06:19] DEBUG    | ib_insync.client       | <<< 6,2,IncentiveCoupons,0.00,USD,DUM165609
[2026-04-09 15:06:19] DEBUG    | ib_insync.client       | <<< 6,2,IncentiveCoupons-P,0.00,USD,DUM165609
[2026-04-09 15:06:19] DEBUG    | ib_insync.client       | <<< 6,2,IncentiveCoupons-S,0.00,USD,DUM165609
[2026-04-09 15:06:19] DEBUG    | ib_insync.client       | <<< 6,2,IndianStockHaircut,0.00,USD,DUM165609
[2026-04-09 15:06:19] DEBUG    | ib_insync.client       | <<< 6,2,IndianStockHaircut-P,0.00,USD,DUM165609
[2026-04-09 15:06:19] DEBUG    | ib_insync.client       | <<< 6,2,IndianStockHaircut-S,0.00,USD,DUM165609
[2026-04-09 15:06:19] DEBUG    | ib_insync.client       | <<< 6,2,InitMarginReq,9181.40,USD,DUM165609
[2026-04-09 15:06:19] DEBUG    | ib_insync.client       | <<< 6,2,InitMarginReq-P,0.00,USD,DUM165609
[2026-04-09 15:06:19] DEBUG    | ib_insync.client       | <<< 6,2,InitMarginReq-S,9181.40,USD,DUM165609
[2026-04-09 15:06:19] DEBUG    | ib_insync.client       | <<< 6,2,IssuerOptionValue,0.00,BASE,DUM165609
[2026-04-09 15:06:19] DEBUG    | ib_insync.client       | <<< 6,2,IssuerOptionValue,0.00,USD,DUM165609
[2026-04-09 15:06:19] DEBUG    | ib_insync.client       | <<< 6,2,Leverage-S,0.00,,DUM165609
[2026-04-09 15:06:19] DEBUG    | ib_insync.client       | <<< 6,2,LookAheadAvailableFunds,238593.02,USD,DUM165609
[2026-04-09 15:06:19] DEBUG    | ib_insync.client       | <<< 6,2,LookAheadAvailableFunds-P,0.00,USD,DUM165609
[2026-04-09 15:06:19] DEBUG    | ib_insync.client       | <<< 6,2,LookAheadAvailableFunds-S,238593.02,USD,DUM165609
[2026-04-09 15:06:19] DEBUG    | ib_insync.client       | <<< 6,2,LookAheadExcessLiquidity,239945.39,USD,DUM165609
[2026-04-09 15:06:19] DEBUG    | ib_insync.client       | <<< 6,2,LookAheadExcessLiquidity-P,0.00,USD,DUM165609
[2026-04-09 15:06:19] DEBUG    | ib_insync.client       | <<< 6,2,LookAheadExcessLiquidity-S,239945.39,USD,DUM165609
[2026-04-09 15:06:19] DEBUG    | ib_insync.client       | <<< 6,2,LookAheadInitMarginReq,6426.98,USD,DUM165609
[2026-04-09 15:06:19] DEBUG    | ib_insync.client       | <<< 6,2,LookAheadInitMarginReq-P,0.00,USD,DUM165609
[2026-04-09 15:06:19] DEBUG    | ib_insync.client       | <<< 6,2,LookAheadInitMarginReq-S,6426.98,USD,DUM165609
[2026-04-09 15:06:19] DEBUG    | ib_insync.client       | <<< 6,2,LookAheadMaintMarginReq,5074.61,USD,DUM165609
[2026-04-09 15:06:19] DEBUG    | ib_insync.client       | <<< 6,2,LookAheadMaintMarginReq-P,0.00,USD,DUM165609
[2026-04-09 15:06:19] DEBUG    | ib_insync.client       | <<< 6,2,LookAheadMaintMarginReq-S,5074.61,USD,DUM165609
[2026-04-09 15:06:19] DEBUG    | ib_insync.client       | <<< 6,2,LookAheadNextChange,1775741400,,DUM165609
[2026-04-09 15:06:19] DEBUG    | ib_insync.client       | <<< 6,2,MaintMarginReq,7249.45,USD,DUM165609
[2026-04-09 15:06:19] DEBUG    | ib_insync.client       | <<< 6,2,MaintMarginReq-P,0.00,USD,DUM165609
[2026-04-09 15:06:19] DEBUG    | ib_insync.client       | <<< 6,2,MaintMarginReq-S,7249.45,USD,DUM165609
[2026-04-09 15:06:19] DEBUG    | ib_insync.client       | <<< 6,2,MoneyMarketFundValue,0.00,BASE,DUM165609
[2026-04-09 15:06:19] DEBUG    | ib_insync.client       | <<< 6,2,MoneyMarketFundValue,0.00,USD,DUM165609
[2026-04-09 15:06:19] DEBUG    | ib_insync.client       | <<< 6,2,MutualFundValue,0.00,BASE,DUM165609
[2026-04-09 15:06:19] DEBUG    | ib_insync.client       | <<< 6,2,MutualFundValue,0.00,USD,DUM165609
[2026-04-09 15:06:19] DEBUG    | ib_insync.client       | <<< 6,2,NLVAndMarginInReview,false,,DUM165609
[2026-04-09 15:06:19] DEBUG    | ib_insync.client       | <<< 6,2,NetDividend,0.00,BASE,DUM165609
[2026-04-09 15:06:19] DEBUG    | ib_insync.client       | <<< 6,2,NetDividend,0.00,USD,DUM165609
[2026-04-09 15:06:19] DEBUG    | ib_insync.client       | <<< 6,2,NetLiquidation,245020.00,USD,DUM165609
[2026-04-09 15:06:19] DEBUG    | ib_insync.client       | <<< 6,2,NetLiquidation-P,0.00,USD,DUM165609
[2026-04-09 15:06:19] DEBUG    | ib_insync.client       | <<< 6,2,NetLiquidation-S,245020.00,USD,DUM165609
[2026-04-09 15:06:19] DEBUG    | ib_insync.client       | <<< 6,2,NetLiquidationByCurrency,245019.9985,BASE,DUM165609
[2026-04-09 15:06:19] DEBUG    | ib_insync.client       | <<< 6,2,NetLiquidationByCurrency,245019.9985,USD,DUM165609
[2026-04-09 15:06:19] DEBUG    | ib_insync.client       | <<< 6,2,NetLiquidationUncertainty,0.00,USD,DUM165609
[2026-04-09 15:06:19] DEBUG    | ib_insync.client       | <<< 6,2,OptionMarketValue,0.00,BASE,DUM165609
[2026-04-09 15:06:19] DEBUG    | ib_insync.client       | <<< 6,2,OptionMarketValue,0.00,USD,DUM165609
[2026-04-09 15:06:19] DEBUG    | ib_insync.client       | <<< 6,2,PASharesValue,0.00,USD,DUM165609
[2026-04-09 15:06:19] DEBUG    | ib_insync.client       | <<< 6,2,PASharesValue-P,0.00,USD,DUM165609
[2026-04-09 15:06:19] DEBUG    | ib_insync.client       | <<< 6,2,PASharesValue-S,0.00,USD,DUM165609
[2026-04-09 15:06:19] DEBUG    | ib_insync.client       | <<< 6,2,PhysicalCertificateValue,0.00,USD,DUM165609
[2026-04-09 15:06:19] DEBUG    | ib_insync.client       | <<< 6,2,PhysicalCertificateValue-P,0.00,USD,DUM165609
[2026-04-09 15:06:19] DEBUG    | ib_insync.client       | <<< 6,2,PhysicalCertificateValue-S,0.00,USD,DUM165609
[2026-04-09 15:06:19] DEBUG    | ib_insync.client       | <<< 6,2,PostExpirationExcess,0.00,USD,DUM165609
[2026-04-09 15:06:19] DEBUG    | ib_insync.client       | <<< 6,2,PostExpirationExcess-P,0.00,USD,DUM165609
[2026-04-09 15:06:19] DEBUG    | ib_insync.client       | <<< 6,2,PostExpirationExcess-S,0.00,USD,DUM165609
[2026-04-09 15:06:19] DEBUG    | ib_insync.client       | <<< 6,2,PostExpirationMargin,0.00,USD,DUM165609
[2026-04-09 15:06:19] DEBUG    | ib_insync.client       | <<< 6,2,PostExpirationMargin-P,0.00,USD,DUM165609
[2026-04-09 15:06:19] DEBUG    | ib_insync.client       | <<< 6,2,PostExpirationMargin-S,0.00,USD,DUM165609
[2026-04-09 15:06:19] DEBUG    | ib_insync.client       | <<< 6,2,RealCurrency,BASE,BASE,DUM165609
[2026-04-09 15:06:19] DEBUG    | ib_insync.client       | <<< 6,2,RealCurrency,USD,USD,DUM165609
[2026-04-09 15:06:19] DEBUG    | ib_insync.client       | <<< 6,2,RealizedPnL,0.00,BASE,DUM165609
[2026-04-09 15:06:19] DEBUG    | ib_insync.client       | <<< 6,2,RealizedPnL,0.00,USD,DUM165609
[2026-04-09 15:06:19] DEBUG    | ib_insync.client       | <<< 6,2,SegmentTitle-P,Crypto at Paxos,,DUM165609
[2026-04-09 15:06:19] DEBUG    | ib_insync.client       | <<< 6,2,SegmentTitle-S,Securities,,DUM165609
[2026-04-09 15:06:19] DEBUG    | ib_insync.client       | <<< 6,2,SettledCashByDate,20260409:245213.54;20260410:244878.28853515,,DUM165609
[2026-04-09 15:06:19] DEBUG    | ib_insync.client       | <<< 6,2,SettledCashByDate-P,20260409:0,,DUM165609
[2026-04-09 15:06:19] DEBUG    | ib_insync.client       | <<< 6,2,SettledCashByDate-S,20260409:245213.54;20260410:244878.28853515,,DUM165609
[2026-04-09 15:06:19] DEBUG    | ib_insync.client       | <<< 6,2,StockMarketValue,0.00,BASE,DUM165609
[2026-04-09 15:06:19] DEBUG    | ib_insync.client       | <<< 6,2,StockMarketValue,0.00,USD,DUM165609
[2026-04-09 15:06:19] DEBUG    | ib_insync.client       | <<< 6,2,TBillValue,0.00,BASE,DUM165609
[2026-04-09 15:06:19] DEBUG    | ib_insync.client       | <<< 6,2,TBillValue,0.00,USD,DUM165609
[2026-04-09 15:06:19] DEBUG    | ib_insync.client       | <<< 6,2,TBondValue,0.00,BASE,DUM165609
[2026-04-09 15:06:19] DEBUG    | ib_insync.client       | <<< 6,2,TBondValue,0.00,USD,DUM165609
[2026-04-09 15:06:19] DEBUG    | ib_insync.client       | <<< 6,2,TotalCashBalance,244878.2885,BASE,DUM165609
[2026-04-09 15:06:19] DEBUG    | ib_insync.client       | <<< 6,2,TotalCashBalance,244878.2885,USD,DUM165609
[2026-04-09 15:06:19] DEBUG    | ib_insync.client       | <<< 6,2,TotalCashValue,244878.29,USD,DUM165609
[2026-04-09 15:06:19] DEBUG    | ib_insync.client       | <<< 6,2,TotalCashValue-P,0.00,USD,DUM165609
[2026-04-09 15:06:19] DEBUG    | ib_insync.client       | <<< 6,2,TotalCashValue-S,244878.29,USD,DUM165609
[2026-04-09 15:06:19] DEBUG    | ib_insync.client       | <<< 6,2,TotalDebitCardPendingCharges,0.00,USD,DUM165609
[2026-04-09 15:06:19] DEBUG    | ib_insync.client       | <<< 6,2,TotalDebitCardPendingCharges-P,0.00,USD,DUM165609
[2026-04-09 15:06:19] DEBUG    | ib_insync.client       | <<< 6,2,TotalDebitCardPendingCharges-S,0.00,USD,DUM165609
[2026-04-09 15:06:19] DEBUG    | ib_insync.client       | <<< 6,2,TradingType-S,STKNOPT,,DUM165609
[2026-04-09 15:06:19] DEBUG    | ib_insync.client       | <<< 6,2,UnrealizedPnL,2336.64,BASE,DUM165609
[2026-04-09 15:06:19] DEBUG    | ib_insync.client       | <<< 6,2,UnrealizedPnL,2336.64,USD,DUM165609
[2026-04-09 15:06:19] DEBUG    | ib_insync.client       | <<< 6,2,WarrantValue,0.00,BASE,DUM165609
[2026-04-09 15:06:19] DEBUG    | ib_insync.client       | <<< 6,2,WarrantValue,0.00,USD,DUM165609
[2026-04-09 15:06:19] DEBUG    | ib_insync.client       | <<< 7,8,770561194,MES,FUT,20260618,0,0,5,CME,USD,MESM6,MES,3,6801.39990235,102021.0,33228.12,2336.64,0.0,DUM165609
[2026-04-09 15:06:19] INFO     | ib_insync.wrapper      | updatePortfolio: PortfolioItem(contract=Future(conId=770561194, symbol='MES', lastTradeDateOrContractMonth='20260618', right='0', multiplier='5', primaryExchange='CME', currency='USD', localSymbol='MESM6', tradingClass='MES'), position=3.0, marketPrice=6801.39990235, marketValue=102021.0, averageCost=33228.12, unrealizedPNL=2336.64, realizedPNL=0.0, account='DUM165609')
[2026-04-09 15:06:19] DEBUG    | ib_insync.client       | <<< 8,1,15:03
[2026-04-09 15:06:19] DEBUG    | ib_insync.client       | <<< 8,1,15:03
[2026-04-09 15:06:19] DEBUG    | ib_insync.client       | <<< 54,1,DUM165609
[2026-04-09 15:06:19] DEBUG    | ib_insync.client       | <<< 73,1,1,DUM165609,,AccountCode,DUM165609,
[2026-04-09 15:06:19] DEBUG    | ib_insync.client       | <<< 73,1,1,DUM165609,,AccountReady,true,
[2026-04-09 15:06:19] DEBUG    | ib_insync.client       | <<< 73,1,1,DUM165609,,AccountType,CORPORATION,
[2026-04-09 15:06:19] DEBUG    | ib_insync.client       | <<< 73,1,1,DUM165609,,AccruedCash,141.71,USD
[2026-04-09 15:06:19] DEBUG    | ib_insync.client       | <<< 73,1,1,DUM165609,,AccruedCash-P,0.00,USD
[2026-04-09 15:06:19] DEBUG    | ib_insync.client       | <<< 73,1,1,DUM165609,,AccruedCash-S,141.71,USD
[2026-04-09 15:06:19] DEBUG    | ib_insync.client       | <<< 73,1,1,DUM165609,,AccruedDividend,0.00,USD
[2026-04-09 15:06:19] DEBUG    | ib_insync.client       | <<< 73,1,1,DUM165609,,AccruedDividend-P,0.00,USD
[2026-04-09 15:06:19] DEBUG    | ib_insync.client       | <<< 73,1,1,DUM165609,,AccruedDividend-S,0.00,USD
[2026-04-09 15:06:19] DEBUG    | ib_insync.client       | <<< 73,1,1,DUM165609,,AvailableFunds,235838.60,USD
[2026-04-09 15:06:19] DEBUG    | ib_insync.client       | <<< 73,1,1,DUM165609,,AvailableFunds-P,0.00,USD
[2026-04-09 15:06:19] DEBUG    | ib_insync.client       | <<< 73,1,1,DUM165609,,AvailableFunds-S,235838.60,USD
[2026-04-09 15:06:19] DEBUG    | ib_insync.client       | <<< 73,1,1,DUM165609,,Billable,0.00,USD
[2026-04-09 15:06:19] DEBUG    | ib_insync.client       | <<< 73,1,1,DUM165609,,Billable-P,0.00,USD
[2026-04-09 15:06:19] DEBUG    | ib_insync.client       | <<< 73,1,1,DUM165609,,Billable-S,0.00,USD
[2026-04-09 15:06:19] DEBUG    | ib_insync.client       | <<< 73,1,1,DUM165609,,BuyingPower,1572257.30,USD
[2026-04-09 15:06:19] DEBUG    | ib_insync.client       | <<< 73,1,1,DUM165609,,ColumnPrio-P,5,
[2026-04-09 15:06:19] DEBUG    | ib_insync.client       | <<< 73,1,1,DUM165609,,ColumnPrio-S,1,
[2026-04-09 15:06:19] DEBUG    | ib_insync.client       | <<< 73,1,1,DUM165609,,Cushion,0.970413,
[2026-04-09 15:06:19] DEBUG    | ib_insync.client       | <<< 73,1,1,DUM165609,,EquityWithLoanValue,245020.00,USD
[2026-04-09 15:06:19] DEBUG    | ib_insync.client       | <<< 73,1,1,DUM165609,,EquityWithLoanValue-P,0.00,USD
[2026-04-09 15:06:19] DEBUG    | ib_insync.client       | <<< 73,1,1,DUM165609,,EquityWithLoanValue-S,245020.00,USD
[2026-04-09 15:06:19] DEBUG    | ib_insync.client       | <<< 73,1,1,DUM165609,,ExcessLiquidity,237770.55,USD
[2026-04-09 15:06:19] DEBUG    | ib_insync.client       | <<< 73,1,1,DUM165609,,ExcessLiquidity-P,0.00,USD
[2026-04-09 15:06:19] DEBUG    | ib_insync.client       | <<< 73,1,1,DUM165609,,ExcessLiquidity-S,237770.55,USD
[2026-04-09 15:06:19] DEBUG    | ib_insync.client       | <<< 73,1,1,DUM165609,,FullAvailableFunds,235838.60,USD
[2026-04-09 15:06:19] DEBUG    | ib_insync.client       | <<< 73,1,1,DUM165609,,FullAvailableFunds-P,0.00,USD
[2026-04-09 15:06:19] DEBUG    | ib_insync.client       | <<< 73,1,1,DUM165609,,FullAvailableFunds-S,235838.60,USD
[2026-04-09 15:06:19] DEBUG    | ib_insync.client       | <<< 73,1,1,DUM165609,,FullExcessLiquidity,237770.55,USD
[2026-04-09 15:06:19] DEBUG    | ib_insync.client       | <<< 73,1,1,DUM165609,,FullExcessLiquidity-P,0.00,USD
[2026-04-09 15:06:19] DEBUG    | ib_insync.client       | <<< 73,1,1,DUM165609,,FullExcessLiquidity-S,237770.55,USD
[2026-04-09 15:06:19] DEBUG    | ib_insync.client       | <<< 73,1,1,DUM165609,,FullInitMarginReq,9181.40,USD
[2026-04-09 15:06:19] DEBUG    | ib_insync.client       | <<< 73,1,1,DUM165609,,FullInitMarginReq-P,0.00,USD
[2026-04-09 15:06:19] DEBUG    | ib_insync.client       | <<< 73,1,1,DUM165609,,FullInitMarginReq-S,9181.40,USD
[2026-04-09 15:06:19] DEBUG    | ib_insync.client       | <<< 73,1,1,DUM165609,,FullMaintMarginReq,7249.45,USD
[2026-04-09 15:06:19] DEBUG    | ib_insync.client       | <<< 73,1,1,DUM165609,,FullMaintMarginReq-P,0.00,USD
[2026-04-09 15:06:19] DEBUG    | ib_insync.client       | <<< 73,1,1,DUM165609,,FullMaintMarginReq-S,7249.45,USD
[2026-04-09 15:06:19] DEBUG    | ib_insync.client       | <<< 73,1,1,DUM165609,,GrossPositionValue,0.00,USD
[2026-04-09 15:06:19] DEBUG    | ib_insync.client       | <<< 73,1,1,DUM165609,,GrossPositionValue-S,0.00,USD
[2026-04-09 15:06:19] DEBUG    | ib_insync.client       | <<< 73,1,1,DUM165609,,Guarantee,0.00,USD
[2026-04-09 15:06:19] DEBUG    | ib_insync.client       | <<< 73,1,1,DUM165609,,Guarantee-P,0.00,USD
[2026-04-09 15:06:19] DEBUG    | ib_insync.client       | <<< 73,1,1,DUM165609,,Guarantee-S,0.00,USD
[2026-04-09 15:06:19] DEBUG    | ib_insync.client       | <<< 73,1,1,DUM165609,,IncentiveCoupons,0.00,USD
[2026-04-09 15:06:19] DEBUG    | ib_insync.client       | <<< 73,1,1,DUM165609,,IncentiveCoupons-P,0.00,USD
[2026-04-09 15:06:19] DEBUG    | ib_insync.client       | <<< 73,1,1,DUM165609,,IncentiveCoupons-S,0.00,USD
[2026-04-09 15:06:19] DEBUG    | ib_insync.client       | <<< 73,1,1,DUM165609,,IndianStockHaircut,0.00,USD
[2026-04-09 15:06:19] DEBUG    | ib_insync.client       | <<< 73,1,1,DUM165609,,IndianStockHaircut-P,0.00,USD
[2026-04-09 15:06:19] DEBUG    | ib_insync.client       | <<< 73,1,1,DUM165609,,IndianStockHaircut-S,0.00,USD
[2026-04-09 15:06:19] DEBUG    | ib_insync.client       | <<< 73,1,1,DUM165609,,InitMarginReq,9181.40,USD
[2026-04-09 15:06:19] DEBUG    | ib_insync.client       | <<< 73,1,1,DUM165609,,InitMarginReq-P,0.00,USD
[2026-04-09 15:06:19] DEBUG    | ib_insync.client       | <<< 73,1,1,DUM165609,,InitMarginReq-S,9181.40,USD
[2026-04-09 15:06:19] DEBUG    | ib_insync.client       | <<< 73,1,1,DUM165609,,Leverage-S,0.00,
[2026-04-09 15:06:19] DEBUG    | ib_insync.client       | <<< 73,1,1,DUM165609,,LookAheadAvailableFunds,238593.02,USD
[2026-04-09 15:06:19] DEBUG    | ib_insync.client       | <<< 73,1,1,DUM165609,,LookAheadAvailableFunds-P,0.00,USD
[2026-04-09 15:06:19] DEBUG    | ib_insync.client       | <<< 73,1,1,DUM165609,,LookAheadAvailableFunds-S,238593.02,USD
[2026-04-09 15:06:19] DEBUG    | ib_insync.client       | <<< 73,1,1,DUM165609,,LookAheadExcessLiquidity,239945.39,USD
[2026-04-09 15:06:19] DEBUG    | ib_insync.client       | <<< 73,1,1,DUM165609,,LookAheadExcessLiquidity-P,0.00,USD
[2026-04-09 15:06:19] DEBUG    | ib_insync.client       | <<< 73,1,1,DUM165609,,LookAheadExcessLiquidity-S,239945.39,USD
[2026-04-09 15:06:19] DEBUG    | ib_insync.client       | <<< 73,1,1,DUM165609,,LookAheadInitMarginReq,6426.98,USD
[2026-04-09 15:06:19] DEBUG    | ib_insync.client       | <<< 73,1,1,DUM165609,,LookAheadInitMarginReq-P,0.00,USD
[2026-04-09 15:06:19] DEBUG    | ib_insync.client       | <<< 73,1,1,DUM165609,,LookAheadInitMarginReq-S,6426.98,USD
[2026-04-09 15:06:19] DEBUG    | ib_insync.client       | <<< 73,1,1,DUM165609,,LookAheadMaintMarginReq,5074.61,USD
[2026-04-09 15:06:19] DEBUG    | ib_insync.client       | <<< 73,1,1,DUM165609,,LookAheadMaintMarginReq-P,0.00,USD
[2026-04-09 15:06:19] DEBUG    | ib_insync.client       | <<< 73,1,1,DUM165609,,LookAheadMaintMarginReq-S,5074.61,USD
[2026-04-09 15:06:19] DEBUG    | ib_insync.client       | <<< 73,1,1,DUM165609,,LookAheadNextChange,1775741400,
[2026-04-09 15:06:19] DEBUG    | ib_insync.client       | <<< 73,1,1,DUM165609,,MaintMarginReq,7249.45,USD
[2026-04-09 15:06:19] DEBUG    | ib_insync.client       | <<< 73,1,1,DUM165609,,MaintMarginReq-P,0.00,USD
[2026-04-09 15:06:19] DEBUG    | ib_insync.client       | <<< 73,1,1,DUM165609,,MaintMarginReq-S,7249.45,USD
[2026-04-09 15:06:19] DEBUG    | ib_insync.client       | <<< 73,1,1,DUM165609,,NLVAndMarginInReview,false,
[2026-04-09 15:06:19] DEBUG    | ib_insync.client       | <<< 73,1,1,DUM165609,,NetLiquidation,245020.00,USD
[2026-04-09 15:06:19] DEBUG    | ib_insync.client       | <<< 73,1,1,DUM165609,,NetLiquidation-P,0.00,USD
[2026-04-09 15:06:19] DEBUG    | ib_insync.client       | <<< 73,1,1,DUM165609,,NetLiquidation-S,245020.00,USD
[2026-04-09 15:06:19] DEBUG    | ib_insync.client       | <<< 73,1,1,DUM165609,,NetLiquidationUncertainty,0.00,USD
[2026-04-09 15:06:19] DEBUG    | ib_insync.client       | <<< 73,1,1,DUM165609,,PASharesValue,0.00,USD
[2026-04-09 15:06:19] DEBUG    | ib_insync.client       | <<< 73,1,1,DUM165609,,PASharesValue-P,0.00,USD
[2026-04-09 15:06:19] DEBUG    | ib_insync.client       | <<< 73,1,1,DUM165609,,PASharesValue-S,0.00,USD
[2026-04-09 15:06:19] DEBUG    | ib_insync.client       | <<< 73,1,1,DUM165609,,PhysicalCertificateValue,0.00,USD
[2026-04-09 15:06:19] DEBUG    | ib_insync.client       | <<< 73,1,1,DUM165609,,PhysicalCertificateValue-P,0.00,USD
[2026-04-09 15:06:19] DEBUG    | ib_insync.client       | <<< 73,1,1,DUM165609,,PhysicalCertificateValue-S,0.00,USD
[2026-04-09 15:06:19] DEBUG    | ib_insync.client       | <<< 73,1,1,DUM165609,,PostExpirationExcess,0.00,USD
[2026-04-09 15:06:19] DEBUG    | ib_insync.client       | <<< 73,1,1,DUM165609,,PostExpirationExcess-P,0.00,USD
[2026-04-09 15:06:19] DEBUG    | ib_insync.client       | <<< 73,1,1,DUM165609,,PostExpirationExcess-S,0.00,USD
[2026-04-09 15:06:19] DEBUG    | ib_insync.client       | <<< 73,1,1,DUM165609,,PostExpirationMargin,0.00,USD
[2026-04-09 15:06:19] DEBUG    | ib_insync.client       | <<< 73,1,1,DUM165609,,PostExpirationMargin-P,0.00,USD
[2026-04-09 15:06:19] DEBUG    | ib_insync.client       | <<< 73,1,1,DUM165609,,PostExpirationMargin-S,0.00,USD
[2026-04-09 15:06:19] DEBUG    | ib_insync.client       | <<< 73,1,1,DUM165609,,SegmentTitle-P,Crypto at Paxos,
[2026-04-09 15:06:19] DEBUG    | ib_insync.client       | <<< 73,1,1,DUM165609,,SegmentTitle-S,Securities,
[2026-04-09 15:06:19] DEBUG    | ib_insync.client       | <<< 73,1,1,DUM165609,,SettledCashByDate,20260409:245213.54;20260410:244878.28853515,
[2026-04-09 15:06:19] DEBUG    | ib_insync.client       | <<< 73,1,1,DUM165609,,SettledCashByDate-P,20260409:0,
[2026-04-09 15:06:19] DEBUG    | ib_insync.client       | <<< 73,1,1,DUM165609,,SettledCashByDate-S,20260409:245213.54;20260410:244878.28853515,
[2026-04-09 15:06:19] DEBUG    | ib_insync.client       | <<< 73,1,1,DUM165609,,TotalCashValue,244878.29,USD
[2026-04-09 15:06:19] DEBUG    | ib_insync.client       | <<< 73,1,1,DUM165609,,TotalCashValue-P,0.00,USD
[2026-04-09 15:06:19] DEBUG    | ib_insync.client       | <<< 73,1,1,DUM165609,,TotalCashValue-S,244878.29,USD
[2026-04-09 15:06:19] DEBUG    | ib_insync.client       | <<< 73,1,1,DUM165609,,TotalDebitCardPendingCharges,0.00,USD
[2026-04-09 15:06:19] DEBUG    | ib_insync.client       | <<< 73,1,1,DUM165609,,TotalDebitCardPendingCharges-P,0.00,USD
[2026-04-09 15:06:19] DEBUG    | ib_insync.client       | <<< 73,1,1,DUM165609,,TotalDebitCardPendingCharges-S,0.00,USD
[2026-04-09 15:06:19] DEBUG    | ib_insync.client       | <<< 73,1,1,DUM165609,,TradingType-S,STKNOPT,
[2026-04-09 15:06:19] DEBUG    | ib_insync.client       | <<< 73,1,1,DUM165609,,Currency,USD,USD
[2026-04-09 15:06:19] DEBUG    | ib_insync.client       | <<< 73,1,1,DUM165609,,CashBalance,244878.2885,USD
[2026-04-09 15:06:19] DEBUG    | ib_insync.client       | <<< 73,1,1,DUM165609,,TotalCashBalance,244878.2885,USD
[2026-04-09 15:06:19] DEBUG    | ib_insync.client       | <<< 73,1,1,DUM165609,,AccruedCash,141.71,USD
[2026-04-09 15:06:19] DEBUG    | ib_insync.client       | <<< 73,1,1,DUM165609,,StockMarketValue,0.00,USD
[2026-04-09 15:06:19] DEBUG    | ib_insync.client       | <<< 73,1,1,DUM165609,,OptionMarketValue,0.00,USD
[2026-04-09 15:06:19] DEBUG    | ib_insync.client       | <<< 73,1,1,DUM165609,,FutureOptionValue,0.00,USD
[2026-04-09 15:06:19] DEBUG    | ib_insync.client       | <<< 73,1,1,DUM165609,,FuturesPNL,-335.25,USD
[2026-04-09 15:06:19] DEBUG    | ib_insync.client       | <<< 73,1,1,DUM165609,,NetLiquidationByCurrency,245019.9985,USD
[2026-04-09 15:06:19] DEBUG    | ib_insync.client       | <<< 73,1,1,DUM165609,,UnrealizedPnL,2336.64,USD
[2026-04-09 15:06:19] DEBUG    | ib_insync.client       | <<< 73,1,1,DUM165609,,RealizedPnL,0.00,USD
[2026-04-09 15:06:19] DEBUG    | ib_insync.client       | <<< 73,1,1,DUM165609,,ExchangeRate,1.00,USD
[2026-04-09 15:06:19] DEBUG    | ib_insync.client       | <<< 73,1,1,DUM165609,,FundValue,0.00,USD
[2026-04-09 15:06:19] DEBUG    | ib_insync.client       | <<< 73,1,1,DUM165609,,NetDividend,0.00,USD
[2026-04-09 15:06:19] DEBUG    | ib_insync.client       | <<< 73,1,1,DUM165609,,MutualFundValue,0.00,USD
[2026-04-09 15:06:19] DEBUG    | ib_insync.client       | <<< 73,1,1,DUM165609,,MoneyMarketFundValue,0.00,USD
[2026-04-09 15:06:19] DEBUG    | ib_insync.client       | <<< 73,1,1,DUM165609,,CorporateBondValue,0.00,USD
[2026-04-09 15:06:19] DEBUG    | ib_insync.client       | <<< 73,1,1,DUM165609,,TBondValue,0.00,USD
[2026-04-09 15:06:19] DEBUG    | ib_insync.client       | <<< 73,1,1,DUM165609,,TBillValue,0.00,USD
[2026-04-09 15:06:19] DEBUG    | ib_insync.client       | <<< 73,1,1,DUM165609,,WarrantValue,0.00,USD
[2026-04-09 15:06:19] DEBUG    | ib_insync.client       | <<< 73,1,1,DUM165609,,FxCashBalance,0.00,USD
[2026-04-09 15:06:19] DEBUG    | ib_insync.client       | <<< 73,1,1,DUM165609,,AccountOrGroup,DUM165609,USD
[2026-04-09 15:06:19] DEBUG    | ib_insync.client       | <<< 73,1,1,DUM165609,,RealCurrency,USD,USD
[2026-04-09 15:06:19] DEBUG    | ib_insync.client       | <<< 73,1,1,DUM165609,,IssuerOptionValue,0.00,USD
[2026-04-09 15:06:19] DEBUG    | ib_insync.client       | <<< 73,1,1,DUM165609,,Cryptocurrency,0.00,USD
[2026-04-09 15:06:19] DEBUG    | ib_insync.client       | <<< 73,1,1,DUM165609,,Currency,BASE,BASE
[2026-04-09 15:06:19] DEBUG    | ib_insync.client       | <<< 73,1,1,DUM165609,,CashBalance,244878.2885,BASE
[2026-04-09 15:06:19] DEBUG    | ib_insync.client       | <<< 73,1,1,DUM165609,,TotalCashBalance,244878.2885,BASE
[2026-04-09 15:06:19] DEBUG    | ib_insync.client       | <<< 73,1,1,DUM165609,,AccruedCash,141.71,BASE
[2026-04-09 15:06:19] DEBUG    | ib_insync.client       | <<< 73,1,1,DUM165609,,StockMarketValue,0.00,BASE
[2026-04-09 15:06:19] DEBUG    | ib_insync.client       | <<< 73,1,1,DUM165609,,OptionMarketValue,0.00,BASE
[2026-04-09 15:06:19] DEBUG    | ib_insync.client       | <<< 73,1,1,DUM165609,,FutureOptionValue,0.00,BASE
[2026-04-09 15:06:19] DEBUG    | ib_insync.client       | <<< 73,1,1,DUM165609,,FuturesPNL,-335.25,BASE
[2026-04-09 15:06:19] DEBUG    | ib_insync.client       | <<< 73,1,1,DUM165609,,NetLiquidationByCurrency,245019.9985,BASE
[2026-04-09 15:06:19] DEBUG    | ib_insync.client       | <<< 73,1,1,DUM165609,,UnrealizedPnL,2336.64,BASE
[2026-04-09 15:06:19] DEBUG    | ib_insync.client       | <<< 73,1,1,DUM165609,,RealizedPnL,0.00,BASE
[2026-04-09 15:06:19] DEBUG    | ib_insync.client       | <<< 73,1,1,DUM165609,,ExchangeRate,1.00,BASE
[2026-04-09 15:06:19] DEBUG    | ib_insync.client       | <<< 73,1,1,DUM165609,,FundValue,0.00,BASE
[2026-04-09 15:06:19] DEBUG    | ib_insync.client       | <<< 73,1,1,DUM165609,,NetDividend,0.00,BASE
[2026-04-09 15:06:19] DEBUG    | ib_insync.client       | <<< 73,1,1,DUM165609,,MutualFundValue,0.00,BASE
[2026-04-09 15:06:19] DEBUG    | ib_insync.client       | <<< 73,1,1,DUM165609,,MoneyMarketFundValue,0.00,BASE
[2026-04-09 15:06:19] DEBUG    | ib_insync.client       | <<< 73,1,1,DUM165609,,CorporateBondValue,0.00,BASE
[2026-04-09 15:06:19] DEBUG    | ib_insync.client       | <<< 73,1,1,DUM165609,,TBondValue,0.00,BASE
[2026-04-09 15:06:19] DEBUG    | ib_insync.client       | <<< 73,1,1,DUM165609,,TBillValue,0.00,BASE
[2026-04-09 15:06:19] DEBUG    | ib_insync.client       | <<< 73,1,1,DUM165609,,WarrantValue,0.00,BASE
[2026-04-09 15:06:19] DEBUG    | ib_insync.client       | <<< 73,1,1,DUM165609,,FxCashBalance,0.00,BASE
[2026-04-09 15:06:19] DEBUG    | ib_insync.client       | <<< 73,1,1,DUM165609,,AccountOrGroup,DUM165609,BASE
[2026-04-09 15:06:19] DEBUG    | ib_insync.client       | <<< 73,1,1,DUM165609,,RealCurrency,USD,BASE
[2026-04-09 15:06:19] DEBUG    | ib_insync.client       | <<< 73,1,1,DUM165609,,IssuerOptionValue,0.00,BASE
[2026-04-09 15:06:19] DEBUG    | ib_insync.client       | <<< 73,1,1,DUM165609,,Cryptocurrency,0.00,BASE
[2026-04-09 15:06:19] DEBUG    | ib_insync.client       | <<< 74,1,1
[2026-04-09 15:06:19] DEBUG    | ib_insync.client       | >>> 7,3,2,0,,,,,,
[2026-04-09 15:06:19] DEBUG    | ib_insync.client       | <<< 55,1,2
[2026-04-09 15:06:19] INFO     | ib_insync.ib           | Synchronization complete
[2026-04-09 15:06:19] INFO     | trading.broker         | Connected to IBKR
[2026-04-09 15:06:19] INFO     | trading.main           | [DRY RUN] Strategy: mgc_pullback
[2026-04-09 15:06:19] DEBUG    | ib_insync.client       | >>> 9,8,3,0,GC,FUT,202604,0.0,,,COMEX,,USD,,,0,,,
[2026-04-09 15:06:19] DEBUG    | ib_insync.client       | <<< 10,3,GC,FUT,20260428 13:30:00 US/Eastern,0,,COMEX,USD,GCJ6,GC,GC,706903673,0.1,100,ACTIVETIM,AD,ADJUST,ALERT,ALGO,ALLOC,AVGCOST,BASKET,BENCHPX,COND,CONDORDER,DAY,DEACT,DEACTDIS,DEACTEOD,GAT,GTC,GTD,GTT,HID,ICE,IOC,LIT,LMT,LTH,MIT,MKT,MTL,NGCOMB,NONALGO,OCA,PEGBENCH,SCALE,SCALERST,SIZECHK,SNAPMID,SNAPMKT,SNAPREL,STP,STPLMT,TRAIL,TRAILLIT,TRAILLMT,TRAILMIT,WHATIF,COMEX,QBALGO,1,17340718,Gold,,202604,,,,US/Eastern,20260408:1800-20260409:1700;20260409:1800-20260410:1700;20260411:CLOSED;20260412:1800-20260413:1700;20260413:1800-20260414:1700;20260414:1800-20260415:1700,20260409:0930-20260409:1700;20260410:0930-20260410:1700;20260411:CLOSED;20260412:CLOSED;20260413:0930-20260413:1700;20260414:0930-20260414:1700;20260414:1800-20260415:1700,,,0,2147483647,GC,IND,65,65,20260428,,1,1,1
[2026-04-09 15:06:19] DEBUG    | ib_insync.client       | <<< 52,1,3
[2026-04-09 15:06:19] INFO     | trading.broker         | Qualified contract: GCJ6  conId=706903673
[2026-04-09 15:06:19] DEBUG    | ib_insync.client       | >>> 20,4,706903673,GC,FUT,20260428,0.0,,100,COMEX,,USD,GCJ6,GC,0,,1 day,20 Y,0,TRADES,2,0,
[2026-04-09 15:06:20] DEBUG    | ib_insync.client       | <<< 17,4,20060409 05:36:19 US/Eastern,20260409 05:36:19 US/Eastern,472,20240531,2553.00,2553.00,2553.00,2553.00,0,2553,0,20240603,2575.70,2575.70,2575.70,2575.70,0,2575.7,0,20240604,2552.80,2552.80,2552.80,2552.80,0,2552.8,0,20240605,2581.00,2581.00,2581.00,2581.00,0,2581,0,20240606,2597.10,2597.10,2597.10,2597.10,0,2597.1,0,20240607,2530.40,2530.40,2530.40,2530.40,0,2530.4,0,20240610,2531.80,2531.80,2531.80,2531.80,0,2531.8,0,20240611,2531.40,2531.40,2531.40,2531.40,0,2531.4,0,20240612,2557.40,2557.40,2557.40,2557.40,0,2557.4,0,20240613,2518.00,2518.00,2518.00,2518.00,0,2518,0,20240614,2549.10,2549.10,2549.10,2549.10,0,2549.1,0,20240617,2530.40,2530.40,2530.40,2530.40,0,2530.4,0,20240618,2548.20,2548.20,2548.20,2548.20,0,2548.2,0,20240619,2548.20,2548.20,2548.20,2548.20,0,2548.2,0,20240620,2571.00,2571.00,2571.00,2571.00,0,2571,0,20240621,2532.10,2532.10,2532.10,2532.10,0,2532.1,0,20240624,2546.30,2546.30,2546.30,2546.30,0,2546.3,0,20240625,2532.80,2532.80,2532.80,2532.80,0,2532.8,0,20240626,2514.90,2514.90,2514.90,2514.90,0,2514.9,0,20240627,2536.90,2536.90,2536.90,2536.90,0,2536.9,0,20240628,2540.30,2540.30,2540.30,2540.30,0,2540.3,0,20240701,2540.20,2540.20,2540.20,2540.20,0,2540.2,0,20240702,2534.50,2534.50,2534.50,2534.50,0,2534.5,0,20240703,2571.80,2571.80,2571.80,2571.80,0,2571.8,0,20240704,2571.80,2571.80,2571.80,2571.80,0,2571.8,0,20240705,2600.40,2600.40,2600.40,2600.40,0,2600.4,0,20240708,2566.60,2566.60,2566.60,2566.60,0,2566.6,0,20240709,2570.90,2570.90,2570.90,2570.90,0,2570.9,0,20240710,2582.20,2582.20,2582.20,2582.20,0,2582.2,0,20240711,2623.40,2623.40,2623.40,2623.40,0,2623.4,0,20240712,2621.00,2621.00,2621.00,2621.00,0,2621,0,20240715,2629.10,2629.10,2629.10,2629.10,0,2629.1,0,20240716,2669.20,2669.20,2669.20,2669.20,0,2669.2,0,20240717,2662.60,2662.60,2662.60,2662.60,0,2662.6,0,20240718,2659.30,2659.30,2659.30,2659.30,0,2659.3,0,20240719,2600.30,2600.30,2600.30,2600.30,0,2600.3,0,20240722,2593.70,2593.70,2593.70,2593.70,0,2593.7,0,20240723,2606.80,2606.80,2606.80,2606.80,0,2606.8,0,20240724,2615.00,2615.00,2615.00,2615.00,0,2615,0,20240725,2548.80,2548.80,2548.80,2548.80,0,2548.8,0,20240726,2577.20,2577.20,2577.20,2577.20,0,2577.2,0,20240729,2575.00,2575.00,2575.00,2575.00,0,2575,0,20240730,2602.20,2602.20,2602.20,2602.20,0,2602.2,0,20240731,2624.70,2624.70,2624.70,2624.70,0,2624.7,0,20240801,2628.60,2628.60,2628.60,2628.60,0,2628.6,0,20240802,2608.20,2608.20,2608.20,2608.20,0,2608.2,0,20240805,2575.10,2575.10,2575.10,2575.10,0,2575.1,0,20240806,2563.90,2563.90,2563.90,2563.90,0,2563.9,0,20240807,2565.30,2565.30,2565.30,2565.30,0,2565.3,0,20240808,2597.40,2597.40,2597.40,2597.40,0,2597.4,0,20240809,2608.40,2608.40,2608.40,2608.40,0,2608.4,0,20240812,2641.90,2641.90,2641.90,2641.90,0,2641.9,0,20240813,2644.40,2644.40,2644.40,2644.40,0,2644.4,0,20240814,2615.50,2615.50,2615.50,2615.50,0,2615.5,0,20240815,2630.60,2630.60,2630.60,2630.60,0,2630.6,0,20240816,2678.20,2678.20,2678.20,2678.20,0,2678.2,0,20240819,2682.10,2682.10,2682.10,2682.10,0,2682.1,0,20240820,2692.30,2692.30,2692.30,2692.30,0,2692.3,0,20240821,2688.20,2688.20,2688.20,2688.20,0,2688.2,0,20240822,2657.20,2657.20,2657.20,2657.20,0,2657.2,0,20240823,2686.50,2686.50,2686.50,2686.50,0,2686.5,0,20240826,2695.40,2695.40,2695.40,2695.40,0,2695.4,0,20240827,2692.80,2692.80,2692.80,2692.80,0,2692.8,0,20240828,2677.80,2677.80,2677.80,2677.80,0,2677.8,0,20240829,2699.60,2699.60,2699.60,2699.60,0,2699.6,0,20240830,2666.60,2666.60,2666.60,2666.60,0,2666.6,0,20240902,2666.60,2666.60,2666.60,2666.60,0,2666.6,0,20240903,2661.50,2661.50,2661.50,2661.50,0,2661.5,0,20240904,2662.10,2662.10,2662.10,2662.10,0,2662.1,0,20240905,2678.20,2678.20,2678.20,2678.20,0,2678.2,0,20240906,2656.00,2656.00,2656.00,2656.00,0,2656,0,20240909,2662.70,2662.70,2662.70,2662.70,0,2662.7,0,20240910,2672.40,2672.40,2672.40,2672.40,0,2672.4,0,20240911,2672.10,2672.10,2672.10,2672.10,0,2672.1,0,20240912,2711.80,2711.80,2711.80,2711.80,0,2711.8,0,20240913,2740.90,2740.90,2740.90,2740.90,0,2740.9,0,20240916,2737.30,2737.30,2737.30,2737.30,0,2737.3,0,20240917,2721.50,2721.50,2721.50,2721.50,0,2721.5,0,20240918,2728.50,2728.50,2728.50,2728.50,0,2728.5,0,20240919,2744.20,2744.20,2744.20,2744.20,0,2744.2,0,20240920,2777.40,2777.40,2777.40,2777.40,0,2777.4,0,20240923,2783.70,2783.70,2783.70,2783.70,0,2783.7,0,20240924,2805.00,2810.10,2805.00,2810.10,1,2805,1,20240925,2818.00,2818.00,2818.00,2818.00,0,2818,0,20240926,2829.90,2829.90,2829.90,2829.90,0,2829.9,0,20240927,2801.60,2801.60,2801.60,2801.60,0,2801.6,0,20240930,2784.90,2794.70,2784.90,2794.70,1,2784.9,1,20241001,2822.00,2827.00,2822.00,2827.00,1,2822,1,20241002,2807.90,2807.90,2807.90,2807.90,0,2807.9,0,20241003,2817.70,2817.70,2817.70,2817.70,0,2817.7,0,20241004,2799.90,2813.70,2799.90,2813.70,1,2799.9,1,20241007,2814.80,2814.80,2814.80,2814.80,0,2814.8,0,20241008,2780.00,2782.60,2780.00,2782.60,1,2780,1,20241009,2774.20,2774.20,2774.20,2774.20,0,2774.2,0,20241010,2792.10,2792.10,2789.20,2789.20,2,2792,2,20241011,2825.80,2825.80,2825.80,2825.80,0,2825.8,0,20241014,2816.20,2816.20,2816.20,2816.20,0,2816.2,0,20241015,2825.00,2829.00,2825.00,2829.00,1,2825,1,20241016,2842.20,2842.20,2842.20,2842.20,0,2842.2,0,20241017,2846.40,2858.70,2845.70,2858.70,3,2846.37,3,20241018,2885.60,2885.60,2882.90,2882.90,1,2885.6,1,20241021,2893.70,2893.70,2893.70,2893.70,0,2893.7,0,20241022,2915.80,2915.80,2915.80,2915.80,0,2915.8,0,20241023,2886.40,2886.40,2886.40,2886.40,0,2886.4,0,20241024,2905.70,2905.70,2905.70,2905.70,0,2905.7,0,20241025,2911.30,2911.30,2911.30,2911.30,0,2911.3,0,20241028,2914.90,2914.90,2914.90,2914.90,0,2914.9,0,20241029,2939.80,2939.80,2939.80,2939.80,0,2939.8,0,20241030,2963.00,2963.00,2963.00,2963.00,0,2963,0,20241031,2911.70,2911.70,2911.70,2911.70,0,2911.7,0,20241101,2910.60,2910.60,2910.60,2910.60,0,2910.6,0,20241104,2908.50,2908.50,2908.50,2908.50,0,2908.5,0,20241105,2915.00,2915.00,2915.00,2915.00,0,2915,0,20241106,2880.00,2880.00,2840.30,2840.30,2,2866.9,2,20241107,2820.90,2870.20,2820.90,2870.20,2,2844.45,2,20241108,2858.70,2859.00,2858.70,2859.00,1,2858.7,1,20241111,2791.80,2791.80,2779.90,2779.90,1,2791.8,1,20241112,2768.30,2768.30,2768.30,2768.30,0,2768.3,0,20241113,2745.90,2745.90,2745.90,2745.90,0,2745.9,0,20241114,2705.60,2731.50,2705.60,2731.50,10,2705.6,8,20241115,2728.70,2728.70,2728.70,2728.70,0,2728.7,0,20241118,2775.50,2775.50,2775.50,2775.50,0,2775.5,0,20241119,2791.70,2791.70,2791.70,2791.70,0,2791.7,0,20241120,2800.00,2814.50,2800.00,2814.50,1,2800,1,20241121,2825.10,2839.10,2825.10,2839.10,1,2825.1,1,20241122,2880.20,2880.20,2880.20,2880.20,0,2880.2,0,20241125,2782.30,2782.30,2782.30,2782.30,0,2782.3,0,20241126,2786.00,2786.00,2786.00,2786.00,0,2786,0,20241127,2802.70,2802.70,2802.70,2802.70,0,2802.7,0,20241128,2802.70,2802.70,2802.70,2802.70,0,2802.7,0,20241129,2819.30,2819.30,2819.30,2819.30,0,2819.3,0,20241202,2797.20,2797.20,2797.20,2797.20,0,2797.2,0,20241203,2805.70,2805.70,2805.70,2805.70,0,2805.7,0,20241204,2812.80,2812.80,2812.80,2812.80,0,2812.8,0,20241205,2783.90,2783.90,2783.90,2783.90,0,2783.9,0,20241206,2794.90,2794.90,2794.90,2794.90,0,2794.9,0,20241209,2825.50,2825.50,2825.50,2825.50,0,2825.5,0,20241210,2858.00,2858.00,2858.00,2858.00,0,2858,0,20241211,2893.60,2893.60,2893.60,2893.60,0,2893.6,0,20241212,2850.20,2850.20,2850.20,2850.20,0,2850.2,0,20241213,2817.70,2817.70,2817.70,2817.70,0,2817.7,0,20241216,2812.30,2812.30,2812.30,2812.30,0,2812.3,0,20241217,2805.30,2805.30,2805.30,2805.30,0,2805.3,0,20241218,2805.00,2805.00,2799.30,2799.30,1,2805,1,20241219,2757.60,2757.60,2757.60,2757.60,0,2757.6,0,20241220,2793.60,2793.60,2793.60,2793.60,0,2793.6,0,20241223,2778.20,2778.20,2778.20,2778.20,0,2778.2,0,20241224,2788.10,2788.10,2788.10,2788.10,0,2788.1,0,20241226,2809.10,2809.10,2809.10,2809.10,0,2809.1,0,20241227,2789.60,2789.60,2789.60,2789.60,0,2789.6,0,20241230,2780.40,2780.40,2780.40,2780.40,0,2780.4,0,20241231,2809.70,2809.70,2809.70,2809.70,0,2809.7,0,20250102,2824.30,2832.50,2824.30,2832.50,1,2824.3,1,20250103,2835.10,2835.10,2813.60,2813.60,1,2835.1,1,20250106,2795.00,2804.90,2795.00,2804.90,1,2795,1,20250107,2824.10,2824.10,2824.10,2824.10,0,2824.1,0,20250108,2833.30,2833.30,2833.30,2833.30,0,2833.3,0,20250109,2840.10,2851.70,2840.10,2851.70,2,2840.1,2,20250110,2876.70,2876.70,2876.70,2876.70,0,2876.7,0,20250113,2837.10,2837.10,2837.10,2837.10,0,2837.1,0,20250114,2843.80,2843.80,2843.80,2843.80,0,2843.8,0,20250115,2879.60,2879.60,2879.60,2879.60,0,2879.6,0,20250116,2914.80,2914.80,2914.80,2914.80,0,2914.8,0,20250117,2913.20,2913.20,2913.20,2913.20,0,2913.2,0,20250120,2913.20,2913.20,2913.20,2913.20,0,2913.2,0,20250121,2925.20,2925.20,2925.20,2925.20,0,2925.2,0,20250122,2937.70,2937.70,2937.70,2937.70,0,2937.7,0,20250123,2932.20,2932.20,2932.20,2932.20,0,2932.2,0,20250124,2948.00,2948.00,2948.00,2948.00,0,2948,0,20250127,2908.50,2908.50,2908.50,2908.50,0,2908.5,0,20250128,2942.40,2942.40,2942.40,2942.40,0,2942.4,0,20250129,2936.10,2936.10,2936.10,2936.10,0,2936.1,0,20250130,2987.50,2987.50,2987.50,2987.50,0,2987.5,0,20250131,2991.00,2996.00,2975.60,2975.60,2,2993.5,2,20250203,2961.00,2995.00,2958.90,2995.00,3,2964.93,3,20250204,3015.70,3015.70,3015.70,3015.70,0,3015.7,0,20250205,3034.10,3034.10,3034.10,3034.10,0,3034.1,0,20250206,3024.00,3024.00,3000.00,3021.40,3,3016,3,20250207,3029.80,3045.10,3026.70,3036.90,14,3031.7,14,20250210,3086.30,3086.30,3086.30,3086.30,0,3086.3,0,20250211,3082.40,3087.90,3082.40,3087.90,1,3082.4,1,20250212,3084.50,3084.50,3084.50,3084.50,0,3084.5,0,20250213,3099.20,3099.20,3099.20,3099.20,0,3099.2,0,20250214,3051.40,3051.40,3051.40,3051.40,0,3051.4,0,20250217,3045.30,3051.40,3045.30,3051.40,1,3045.3,1,20250218,3094.20,3099.80,3094.00,3099.80,2,3094.1,2,20250219,3082.80,3082.80,3082.80,3082.80,0,3082.8,0,20250220,3118.10,3118.10,3103.30,3103.30,1,3118.1,1,20250221,3099.60,3099.60,3099.60,3099.60,0,3099.6,0,20250224,3111.50,3111.50,3111.50,3111.50,0,3111.5,0,20250225,3068.00,3068.00,3066.50,3066.50,1,3068,1,20250226,3077.40,3078.90,3077.40,3078.90,4,3077.4,3,20250227,3043.90,3043.90,3043.90,3043.90,0,3043.9,0,20250228,3013.40,3013.40,2995.00,2995.00,3,3011.33,3,20250303,3030.00,3049.20,3030.00,3049.20,12,3038.2,9,20250304,3085.40,3085.40,3068.30,3068.30,1,3085.4,1,20250305,3072.90,3074.70,3072.20,3073.20,16,3073.11,15,20250306,3074.00,3074.00,3074.00,3074.00,0,3074,0,20250307,3060.20,3060.20,3060.20,3060.20,0,3060.2,0,20250310,3043.50,3043.50,3043.50,3043.50,0,3043.5,0,20250311,3066.00,3066.00,3066.00,3066.00,0,3066,0,20250312,3090.90,3090.90,3090.90,3090.90,0,3090.9,0,20250313,3103.50,3136.40,3103.50,3136.40,1,3103.5,1,20250314,3140.90,3145.60,3140.90,3145.60,2,3140.95,2,20250317,3141.00,3152.10,3141.00,3150.70,7,3149.57,7,20250318,3187.40,3188.70,3178.20,3188.70,6,3184.6,5,20250319,3189.60,3189.60,3189.60,3189.60,0,3189.6,0,20250320,3191.00,3191.00,3191.00,3191.00,0,3191,0,20250321,3150.00,3164.50,3150.00,3164.30,4,3160.88,2,20250324,3159.00,3159.00,3159.00,3159.00,0,3159,0,20250325,3166.50,3170.40,3166.50,3170.40,9,3167.28,6,20250326,3167.00,3167.00,3167.00,3167.00,0,3167,0,20250327,3204.60,3206.20,3204.60,3206.20,1,3204.6,1,20250328,3229.00,3230.40,3229.00,3230.40,1,3229,1,20250331,3238.80,3267.50,3238.80,3267.50,4,3248.05,4,20250401,3262.70,3263.00,3262.20,3263.00,3,3262.53,3,20250402,3300.30,3300.30,3285.00,3285.00,1,3300.3,1,20250403,3304.10,3304.10,3231.70,3239.00,12,3256.88,10,20250404,3174.70,3174.70,3148.00,3148.00,6,3159.05,5,20250407,3150.60,3156.80,3085.90,3085.90,3,3146.93,3,20250408,3144.20,3144.60,3105.20,3105.20,7,3129.8,5,20250409,3194.20,3207.90,3194.20,3200.40,6,3199.48,4,20250410,3300.90,3300.90,3300.90,3300.90,0,3300.9,0,20250411,3356.00,3373.90,3339.70,3373.90,3,3352.8,3,20250414,3364.40,3364.40,3340.00,3352.80,3,3351.2,3,20250415,3367.60,3367.60,3367.60,3367.60,0,3367.6,0,20250416,3416.20,3478.00,3416.20,3478.00,3,3432.33,3,20250417,3468.00,3470.10,3436.50,3459.40,11,3465.32,11,20250421,3518.80,3567.30,3518.70,3558.20,45,3554.13,39,20250422,3575.30,3626.90,3519.20,3553.30,41,3579.2,37,20250423,3485.30,3485.30,3405.00,3425.90,31,3418.45,31,20250424,3495.10,3495.80,3471.50,3482.50,5,3485.82,4,20250425,3435.60,3435.60,3417.70,3430.60,19,3429.81,15,20250428,3424.20,3485.80,3424.20,3480.70,5,3469.66,5,20250429,3466.00,3466.00,3466.00,3466.00,0,3466,0,20250430,3449.30,3449.30,3449.20,3449.20,4,3449.25,2,20250501,3376.30,3378.10,3347.00,3350.40,37,3367.38,35,20250502,3367.50,3398.00,3367.40,3372.50,19,3384.12,19,20250505,3408.30,3458.80,3392.40,3454.60,17,3435.08,16,20250506,3464.40,3557.60,3464.40,3557.60,6,3482.58,5,20250507,3525.20,3534.40,3501.10,3527.60,18,3525.23,14,20250508,3545.10,3551.70,3439.60,3439.60,31,3504.11,28,20250509,3447.40,3481.30,3447.40,3477.80,13,3476.76,10,20250512,3372.00,3375.90,3345.00,3360.60,26,3363.04,19,20250513,3388.80,3394.10,3382.00,3382.00,7,3388.03,7,20250514,3321.20,3321.80,3310.00,3320.20,11,3318.47,10,20250515,3300.00,3373.30,3300.00,3357.30,14,3347.66,13,20250516,3343.90,3343.90,3300.00,3316.80,25,3322.58,19,20250519,3343.00,3381.00,3343.00,3365.60,10,3363.46,10,20250520,3355.00,3418.70,3348.00,3415.70,17,3389.35,15,20250521,3449.00,3453.50,3445.70,3447.40,8,3448.88,8,20250522,3454.90,3475.70,3425.00,3428.90,65,3432.89,43,20250523,3429.10,3502.20,3429.10,3501.50,16,3466.77,16,20250527,3471.00,3484.90,3427.50,3436.80,61,3464.7,56,20250528,3439.00,3452.60,3428.60,3429.40,10,3440.89,10,20250529,3448.00,3448.30,3448.00,3448.30,5,3448.02,5,20250530,3440.20,3441.80,3419.60,3419.60,4,3430.43,4,20250602,3484.00,3507.00,3482.80,3503.50,14,3489,11,20250603,3492.00,3492.00,3478.10,3485.20,9,3485.11,9,20250604,3485.10,3506.70,3477.50,3506.70,11,3487.13,10,20250605,3510.50,3510.50,3470.00,3482.00,24,3489.56,24,20250606,3485.40,3498.00,3453.60,3453.60,13,3481.12,11,20250609,3461.90,3461.90,3461.50,3461.50,4,3461.78,4,20250610,3473.90,3473.90,3450.00,3450.30,6,3454.18,6,20250611,3457.00,3457.00,3450.00,3450.00,4,3451.9,4,20250612,3491.00,3522.00,3466.40,3507.90,13,3504.98,10,20250613,3559.30,3560.20,3559.30,3559.60,4,3559.65,4,20250616,3575.80,3575.80,3523.80,3523.80,8,3539.33,5,20250617,3508.50,3515.10,3505.50,3515.10,6,3507.55,5,20250618,3499.00,3520.80,3491.70,3515.10,19,3509.35,17,20250620,3499.50,3500.70,3473.60,3492.60,13,3489.23,13,20250623,3490.40,3501.20,3490.40,3501.20,1,3490.4,1,20250624,3467.40,3470.70,3440.20,3440.20,12,3460.55,8,20250625,3451.20,3456.00,3449.00,3449.70,12,3453.38,11,20250626,3454.00,3455.30,3452.60,3454.30,8,3453.61,7,20250627,3396.10,3400.00,3385.00,3392.70,9,3392.31,8,20250630,3377.10,3415.00,3377.00,3412.90,16,3400.12,15,20250701,3448.00,3465.90,3445.00,3455.50,46,3457.53,37,20250702,3461.00,3468.90,3454.30,3466.00,63,3463.17,44,20250703,3478.00,3478.00,3441.40,3450.30,57,3450.21,37,20250707,3450.80,3459.10,3425.30,3450.30,74,3448.72,45,20250708,3456.00,3456.00,3423.90,3424.50,51,3425.67,33,20250709,3419.20,3427.80,3399.00,3427.50,56,3425.34,37,20250710,3438.70,3438.70,3428.30,3432.10,11,3431.46,10,20250711,3440.00,3487.40,3440.00,3470.30,90,3466.87,45,20250714,3487.00,3494.00,3457.80,3466.80,64,3470.91,52,20250715,3477.60,3477.60,3437.30,3444.40,188,3457.37,136,20250716,3452.10,3489.50,3433.70,3466.10,76,3456.74,60,20250717,3427.20,3452.90,3422.80,3452.60,42,3443.1,38,20250718,3452.00,3471.50,3452.00,3465.50,26,3466.57,26,20250721,3465.50,3523.50,3465.50,3515.40,62,3502.48,44,20250722,3524.00,3558.00,3506.90,3555.20,66,3531.53,44,20250723,3554.00,3554.10,3504.10,3507.30,209,3533.24,138,20250724,3506.00,3506.00,3464.60,3483.90,148,3479.04,104,20250725,3459.70,3460.80,3434.30,3443.80,133,3446.74,88,20250728,3445.80,3449.80,3410.40,3418.00,232,3430.86,165,20250729,3415.60,3437.30,3415.60,3432.40,192,3428.48,156,20250730,3434.60,3438.60,3372.40,3403.70,181,3405.12,157,20250731,3389.70,3413.40,3387.10,3400.00,48,3397.46,48,20250801,3397.80,3458.50,3388.30,3449.90,44,3428.42,40,20250804,3457.70,3482.80,3456.90,3476.90,67,3473.32,61,20250805,3483.30,3487.70,3453.80,3485.70,45,3481,45,20250806,3484.50,3488.20,3463.20,3484.30,46,3480.62,43,20250807,3484.10,3518.10,3484.10,3503.30,57,3501.16,54,20250808,3559.30,3560.00,3504.00,3539.30,153,3527.89,109,20250811,3516.00,3516.10,3453.30,3457.50,290,3466.42,210,20250812,3458.50,3458.50,3433.80,3451.50,202,3449.42,176,20250813,3454.40,3469.60,3447.50,3460.80,136,3458.45,119,20250814,3470.60,3470.60,3428.00,3435.20,222,3445.15,163,20250815,3433.90,3442.60,3432.10,3434.00,78,3437.18,70,20250818,3429.30,3450.40,3420.00,3429.40,83,3436.19,73,20250819,3433.80,3439.60,3409.10,3409.30,128,3416.27,112,20250820,3409.50,3442.90,3404.00,3439.50,45,3419.85,40,20250821,3435.60,3441.20,3421.30,3433.00,53,3433.91,43,20250822,3429.70,3473.10,3415.20,3469.60,151,3453.06,102,20250825,3467.00,3472.60,3457.20,3469.00,43,3466.2,42,20250826,3455.60,3491.00,3450.00,3485.20,145,3472.92,112,20250827,3494.00,3504.00,3476.70,3501.90,62,3488.25,55,20250828,3502.50,3530.50,3497.50,3526.80,128,3513.94,86,20250829,3527.80,3573.00,3518.60,3569.60,83,3546.6,70,20250902,3563.60,3653.20,3560.70,3646.10,148,3612.9,131,20250903,3651.00,3694.20,3651.00,3689.90,97,3677.18,70,20250904,3672.00,3672.00,3631.30,3661.30,218,3652.7,137,20250905,3664.00,3709.30,3661.70,3707.50,159,3693.83,141,20250908,3687.30,3738.10,3678.40,3731.20,347,3722.46,261,20250909,3726.00,3765.40,3718.80,3735.90,148,3743.38,137,20250910,3716.80,3748.80,3710.40,3735.80,65,3733.77,58,20250911,3735.80,3740.00,3705.50,3726.80,167,3722.11,155,20250912,3726.40,3746.70,3723.60,3740.30,211,3739.78,181,20250915,3736.10,3777.80,3717.10,3773.10,195,3744.54,152,20250916,3770.10,3793.70,3768.40,3779.50,171,3780.34,132,20250917,3786.60,3795.90,3735.00,3772.50,317,3763.45,249,20250918,3750.50,3760.60,3720.90,3732.60,114,3740.98,106,20250919,3730.70,3773.20,3722.70,3760.50,122,3751.76,91,20250922,3776.00,3838.00,3776.00,3830.50,243,3813.72,180,20250923,3833.50,3878.00,3830.00,3872.30,287,3857.7,233,20250924,3853.00,3867.50,3807.90,3824.70,194,3840.89,165,20250925,3825.40,3847.70,3810.00,3828.80,239,3831.53,184,20250926,3839.90,3870.70,3823.00,3866.90,168,3845.9,147,20250929,3847.00,3920.50,3847.00,3914.60,208,3901.45,185,20250930,3917.10,3958.40,3880.50,3932.10,707,3926.8,390,20251001,3945.80,3982.30,3941.90,3956.90,391,3963.22,298,20251002,3952.00,3981.00,3903.00,3926.50,407,3932.98,286,20251003,3940.40,3973.90,3922.00,3967.60,260,3959.18,192,20251006,3970.00,4053.20,3970.00,4037.10,308,4019.94,227,20251007,4046.20,4075.50,4028.20,4066.60,316,4057.76,225,20251008,4075.00,4143.60,4069.80,4133.70,557,4122.66,462,20251009,4118.00,4140.00,4024.80,4034.00,496,4086.12,435,20251010,4057.50,4099.80,4023.00,4062.00,693,4068.92,635,20251013,4081.70,4198.90,4081.70,4196.40,429,4159.63,347,20251014,4196.40,4253.90,4169.80,4226.60,519,4214.9,451,20251015,4241.00,4297.70,4232.10,4265.50,736,4273.69,633,20251016,4290.40,4410.00,4280.50,4369.70,893,4338.2,790,20251017,4420.10,4455.00,4261.40,4276.80,1234,4381.15,959,20251020,4331.30,4460.00,4298.50,4425.40,670,4375.79,507,20251021,4436.70,4457.00,4156.10,4171.40,853,4298.23,765,20251022,4203.00,4232.50,4090.10,4128.00,632,4159.78,527,20251023,4174.90,4234.90,4155.90,4209.10,378,4201.32,301,20251024,4197.00,4220.70,4124.90,4201.30,320,4183.93,302,20251027,4159.70,4180.00,4049.00,4081.30,506,4114.31,410,20251028,4063.40,4093.00,3965.20,4043.70,411,4021.4,335,20251029,4007.90,4103.10,4007.90,4062.60,417,4068.7,345,20251030,4000.00,4103.30,3993.20,4079.00,302,4055.57,279,20251031,4103.00,4112.60,4045.60,4059.00,494,4079.03,347,20251103,4071.00,4104.70,4035.70,4077.20,261,4083.66,235,20251104,4069.40,4073.90,4000.00,4022.50,452,4031.32,425,20251105,4008.00,4061.40,4003.00,4055.70,336,4045.38,290,20251106,4041.60,4091.00,4036.90,4053.60,362,4061.73,288,20251107,4070.00,4097.00,4055.50,4072.80,152,4072.3,146,20251110,4080.00,4187.70,4080.00,4186.50,430,4150.02,357,20251111,4187.70,4218.30,4167.90,4180.90,513,4195.63,334,20251112,4205.20,4281.00,4173.80,4279.20,651,4230.8,429,20251113,4267.80,4313.80,4219.00,4261.70,514,4272.69,309,20251114,4248.90,4280.80,4100.00,4159.00,824,4194.06,571,20251117,4146.40,4170.00,4072.20,4139.50,631,4134.74,438,20251118,4120.00,4147.20,4066.20,4131.20,852,4110.83,562,20251119,4133.50,4199.00,4121.20,4148.30,944,4160.06,746,20251120,4144.30,4172.00,4095.00,4125.30,728,4136.93,566,20251121,4139.40,4165.00,4084.00,4144.90,1045,4121.76,861,20251124,4132.70,4201.20,4102.60,4159.60,563,4139.24,518,20251125,4197.50,4221.80,4173.20,4206.50,1587,4199.47,1261,20251126,4195.90,4238.00,4194.90,4231.80,1559,4223.79,1132,20251128,4228.20,4291.40,4204.20,4284.80,2456,4238.97,1809,20251201,4289.40,4330.00,4271.40,4305.70,2807,4301.96,2181,20251202,4294.20,4296.70,4225.00,4251.50,3074,4263.78,2001,20251203,4269.60,4303.50,4257.20,4263.20,2165,4277.04,1641,20251204,4265.60,4281.20,4234.40,4273.40,1530,4260.23,1221,20251205,4269.00,4320.90,4253.70,4273.80,1674,4283.84,1362,20251208,4260.70,4277.70,4235.00,4248.60,1318,4257.26,1116,20251209,4249.80,4282.20,4229.10,4267.40,1653,4259.58,1276,20251210,4267.10,4298.50,4239.10,4255.60,2052,4265.46,1387,20251211,4291.40,4348.20,4262.40,4344.40,3519,4306.8,2406,20251212,4337.90,4419.00,4317.40,4360.00,3465,4370.53,2394,20251215,4360.70,4415.00,4348.80,4367.00,2600,4384.1,1804,20251216,4367.00,4399.00,4329.70,4363.90,2347,4370.23,1903,20251217,4366.80,4414.40,4366.10,4405.50,2295,4394.4,1811,20251218,4400.50,4440.40,4369.60,4395.90,2556,4401.31,1885,20251219,4397.60,4419.90,4368.30,4418.80,1786,4399.93,1348,20251222,4401.40,4516.40,4400.20,4501.60,4525,4482.69,2829,20251223,4512.40,4563.20,4489.70,4538.10,5023,4534.8,3547,20251224,4550.00,4587.00,4506.90,4535.10,2746,4551,2091,20251226,4548.60,4616.50,4548.60,4585.70,5113,4584.63,3228,20251229,4601.90,4609.80,4348.60,4375.70,7547,4475.59,5702,20251230,4382.10,4452.00,4372.30,4418.90,2972,4415.92,2402,20251231,4388.40,4416.30,4317.60,4373.90,3816,4369.44,2996,20260102,4377.40,4446.70,4352.30,4361.90,2953,4406.53,2238,20260105,4395.90,4500.00,4387.80,4484.10,4680,4468.16,3364,20260106,4493.20,4541.00,4471.90,4529.10,4077,4512.65,2846,20260107,4540.70,4545.00,4465.80,4495.30,4192,4497.08,3095,20260108,4503.70,4521.50,4447.80,4493.90,3968,4478.53,3153,20260109,4519.80,4560.20,4496.60,4534.70,3576,4531.1,2726,20260112,4561.70,4674.60,4558.70,4649.20,7296,4636.91,5657,20260113,4639.00,4678.00,4611.00,4633.50,6271,4639.96,5059,20260114,4632.30,4685.00,4632.00,4670.10,7857,4665.94,5848,20260115,4670.70,4671.40,4618.00,4657.70,8713,4642.85,6304,20260116,4657.70,4658.80,4573.30,4629.40,10012,4628.47,7012,20260120,4661.00,4806.00,4659.50,4800.80,20405,4752.58,14735,20260121,4804.90,4925.10,4793.30,4873.10,28781,4874.98,20258,20260122,4871.00,4980.10,4807.90,4949.40,29392,4890.16,19185,20260123,4977.80,5028.30,4937.70,5017.00,30608,4994.88,21675,20260126,5042.80,5145.20,5022.90,5122.30,83726,5104.05,53274,20260127,5043.90,5229.80,5043.90,5120.60,91940,5125.9,59178,20260128,5218.60,5452.80,5193.60,5340.20,335433,5308.43,244435,20260129,5449.90,5626.80,5126.00,5354.80,535273,5453.48,389653,20260130,5410.00,5480.20,4700.40,4745.10,471965,5063.64,347329,20260202,4816.00,4905.60,4423.20,4652.60,360736,4700.51,278042,20260203,4691.00,5018.10,4690.20,4935.00,244229,4923.61,185601,20260204,4966.10,5113.90,4867.70,4950.80,227117,5009.67,168796,20260205,4986.60,5045.00,4779.60,4889.50,220040,4890.03,168030,20260206,4800.00,4995.60,4670.00,4979.80,162332,4877.87,122381,20260209,5003.60,5111.10,4988.60,5079.40,113012,5053.36,85188,20260210,5084.30,5102.70,5011.00,5031.00,97289,5056.95,73185,20260211,5048.00,5144.50,5036.30,5098.50,116736,5092.54,85306,20260212,5107.30,5122.80,4900.00,4948.40,147097,5017.32,109043,20260213,4950.00,5069.10,4907.10,5046.30,112783,5008.52,84368,20260217,5050.00,5074.40,4854.20,4905.90,156491,4944.22,115073,20260218,4898.50,5031.90,4868.50,5009.50,89152,4977.6,64870,20260219,4993.70,5042.80,4971.50,4997.40,80714,5013.01,59273,20260220,5015.00,5131.00,4999.30,5080.90,122265,5060.54,89502,20260223,5128.80,5257.30,5120.40,5225.60,129801,5194.74,96088,20260224,5247.50,5269.40,5109.50,5176.30,133586,5178.29,97377,20260225,5160.00,5237.30,5135.90,5226.20,102208,5202.93,75253,20260226,5175.30,5221.90,5144.80,5194.20,118374,5192.79,89293,20260227,5201.90,5299.00,5182.90,5247.90,136922,5234.26,100031,20260302,5360.00,5434.10,5272.90,5311.60,210669,5365.14,157496,20260303,5335.70,5394.20,5005.00,5123.70,244893,5183.42,184459,20260304,5110.00,5218.30,5092.80,5134.70,126108,5169.17,95127,20260305,5155.70,5204.30,5058.90,5078.70,132000,5128.75,98317,20260306,5099.70,5185.00,5071.00,5158.70,122732,5129.68,93148,20260309,5186.70,5210.40,5021.20,5103.70,143108,5104.82,108666,20260310,5152.40,5248.70,5127.10,5242.10,133668,5201.88,98283,20260311,5194.00,5230.90,5155.90,5179.10,99576,5192.64,75064,20260312,5185.40,5197.80,5058.20,5125.80,119006,5148.38,88714,20260313,5084.00,5132.40,5014.10,5061.70,136317,5080.18,99283,20260316,5010.00,5044.50,4970.10,5002.20,140663,5008.99,104310,20260317,5012.20,5049.40,4977.00,5008.20,97680,5015.48,72153,20260318,5010.60,5022.00,4809.30,4896.20,173157,4916.97,126932,20260319,4828.00,4868.70,4505.00,4605.70,256126,4660.11,192578,20260320,4653.90,4738.20,4478.40,4574.90,191786,4624.05,143871,20260323,4450.00,4537.10,4100.00,4407.30,336923,4355.47,257584,20260324,4414.80,4485.60,4306.30,4402.00,170808,4395.87,132601,20260325,4473.50,4601.00,4458.20,4552.30,182101,4552.24,133335,20260326,4508.90,4541.60,4348.20,4376.30,166626,4437.09,128484,20260327,4371.80,4552.10,4369.10,4492.50,21186,4442.74,15226,20260330,4482.80,4579.10,4413.40,4526.00,3547,4517.34,2623,20260331,4510.00,4684.10,4508.60,4647.60,867,4609,442,20260401,4668.40,4789.10,4668.00,4783.20,516,4734.7,280,20260402,4764.90,4784.40,4558.90,4651.50,380,4647.67,262,20260406,4656.10,4689.60,4605.00,4656.80,88,4675.65,75,20260407,4624.90,4676.30,4608.00,4657.10,154,4651.33,90,20260408,4760.00,4851.00,4738.80,4749.50,369,4797.39,240,20260409,4711.00,4711.10,4711.00,4711.00,6,4711.02,5
[2026-04-09 15:06:20] INFO     | trading.broker         | Fetched 472 historical bars for GCJ6
[2026-04-09 15:06:20] INFO     | trading.strategy.mgc_pullback | Last bar  date=2026-04-09  close=4711.00  SMA200=4208.69  SMA37=4899.57  RSI2=53.36
[2026-04-09 15:06:20] DEBUG    | ib_insync.client       | >>> 9,8,5,0,MGC,FUT,202604,0.0,,,COMEX,,USD,,,0,,,
[2026-04-09 15:06:21] DEBUG    | ib_insync.client       | <<< 10,5,MGC,FUT,20260428 13:30:00 US/Eastern,0,,COMEX,USD,MGCJ6,MGC,MGC,706903676,0.1,10,ACTIVETIM,AD,ADJUST,ALERT,ALGO,ALLOC,AVGCOST,BASKET,BENCHPX,COND,CONDORDER,DAY,DEACT,DEACTDIS,DEACTEOD,GAT,GTC,GTD,GTT,HID,ICE,IOC,LIT,LMT,LTH,MIT,MKT,MTL,NGCOMB,NONALGO,OCA,PEGBENCH,SCALE,SCALERST,SIZECHK,SNAPMID,SNAPMKT,SNAPREL,STP,STPLMT,TRAIL,TRAILLIT,TRAILLMT,TRAILMIT,WHATIF,COMEX,1,79702479,E-Micro Gold ,,202604,,,,US/Eastern,20260408:1800-20260409:1700;20260409:1800-20260410:1700;20260411:CLOSED;20260412:1800-20260413:1700;20260413:1800-20260414:1700;20260414:1800-20260415:1700,20260409:0930-20260409:1700;20260410:0930-20260410:1700;20260411:CLOSED;20260412:CLOSED;20260413:0930-20260413:1700;20260414:0930-20260414:1700;20260414:1800-20260415:1700,,,0,2147483647,MGC,IND,65,20260428,,1,1,1
[2026-04-09 15:06:21] DEBUG    | ib_insync.client       | <<< 52,1,5
[2026-04-09 15:06:21] INFO     | trading.broker         | Qualified contract: MGCJ6  conId=706903676
[2026-04-09 15:06:21] INFO     | trading.strategy.mgc_pullback | States  uptrend=True  pullback=False  exit_up=False  pos=0
[2026-04-09 15:06:21] INFO     | trading.main           | [DRY RUN] Signal: ENTRY_LONG | Reason: UpTrend & Pullback (RSI2 < 30)
[2026-04-09 15:06:21] INFO     | ib_insync.ib           | Disconnecting from 127.0.0.1:4002, 310 B sent in 11 messages, 42.2 kB received in 314 messages, session time 2.16 s.
[2026-04-09 15:06:21] INFO     | ib_insync.client       | Disconnecting
[2026-04-09 15:06:21] INFO     | trading.broker         | Disconnected from IBKR
[2026-04-09 15:06:21] INFO     | trading.db             | Database connection closed
[2026-04-09 15:06:21] INFO     | trading.main           | ALL STRATEGIES COMPLETE
[2026-04-09 15:10:12] DEBUG    | asyncio                | Using selector: KqueueSelector
[2026-04-09 15:10:12] INFO     | trading.main           | ============================================================
[2026-04-09 15:10:12] INFO     | trading.main           |   TRADING FRAMEWORK – STARTING
[2026-04-09 15:10:12] INFO     | trading.main           | ============================================================
[2026-04-09 15:10:12] INFO     | trading.db             | Database ready at /Users/rishabhmaniyar/Downloads/trading_framework/data/trading.db
[2026-04-09 15:10:12] INFO     | trading.broker         | Connecting to IBKR 127.0.0.1:4002 (attempt 1/3)
[2026-04-09 15:10:12] INFO     | ib_insync.client       | Connecting to 127.0.0.1:4002 with clientId 27...
[2026-04-09 15:10:12] INFO     | ib_insync.client       | Connected
[2026-04-09 15:10:12] DEBUG    | ib_insync.client       | <<< 176,20260409 15:10:11 India Standard Time
[2026-04-09 15:10:12] DEBUG    | ib_insync.client       | >>> 71,2,27,
[2026-04-09 15:10:12] INFO     | ib_insync.client       | Logged on to server version 176
[2026-04-09 15:10:12] DEBUG    | ib_insync.client       | <<< 15,1,DUM165609
[2026-04-09 15:10:12] DEBUG    | ib_insync.client       | <<< 9,1,1
[2026-04-09 15:10:12] INFO     | ib_insync.client       | API connection ready
[2026-04-09 15:10:12] DEBUG    | ib_insync.client       | >>> 61,1
[2026-04-09 15:10:12] DEBUG    | ib_insync.client       | >>> 5,1
[2026-04-09 15:10:12] DEBUG    | ib_insync.client       | >>> 99,0
[2026-04-09 15:10:12] DEBUG    | ib_insync.client       | >>> 6,2,1,DUM165609
[2026-04-09 15:10:12] DEBUG    | ib_insync.client       | >>> 76,1,1,DUM165609,,0
[2026-04-09 15:10:12] DEBUG    | ib_insync.client       | <<< 4,2,-1,2104,Market data farm connection is OK:usfarm,
[2026-04-09 15:10:12] INFO     | ib_insync.wrapper      | Warning 2104, reqId -1: Market data farm connection is OK:usfarm
[2026-04-09 15:10:12] DEBUG    | ib_insync.client       | <<< 4,2,-1,2106,HMDS data farm connection is OK:ushmds,
[2026-04-09 15:10:12] INFO     | ib_insync.wrapper      | Warning 2106, reqId -1: HMDS data farm connection is OK:ushmds
[2026-04-09 15:10:12] DEBUG    | ib_insync.client       | <<< 4,2,-1,2158,Sec-def data farm connection is OK:secdefil,
[2026-04-09 15:10:12] INFO     | ib_insync.wrapper      | Warning 2158, reqId -1: Sec-def data farm connection is OK:secdefil
[2026-04-09 15:10:12] DEBUG    | ib_insync.client       | <<< 61,3,DUM165609,770561194,MES,FUT,20260618,0.0,,5,,USD,MESM6,MES,3,33228.12
[2026-04-09 15:10:12] INFO     | ib_insync.wrapper      | position: Position(account='DUM165609', contract=Future(conId=770561194, symbol='MES', lastTradeDateOrContractMonth='20260618', multiplier='5', currency='USD', localSymbol='MESM6', tradingClass='MES'), position=3.0, avgCost=33228.12)
[2026-04-09 15:10:12] DEBUG    | ib_insync.client       | <<< 62,1
[2026-04-09 15:10:12] DEBUG    | ib_insync.client       | <<< 53,1
[2026-04-09 15:10:12] DEBUG    | ib_insync.client       | <<< 102
[2026-04-09 15:10:12] DEBUG    | ib_insync.client       | <<< 6,2,AccountCode,DUM165609,,DUM165609
[2026-04-09 15:10:12] DEBUG    | ib_insync.client       | <<< 6,2,AccountOrGroup,DUM165609,BASE,DUM165609
[2026-04-09 15:10:12] DEBUG    | ib_insync.client       | <<< 6,2,AccountOrGroup,DUM165609,USD,DUM165609
[2026-04-09 15:10:12] DEBUG    | ib_insync.client       | <<< 6,2,AccountReady,true,,DUM165609
[2026-04-09 15:10:12] DEBUG    | ib_insync.client       | <<< 6,2,AccountType,CORPORATION,,DUM165609
[2026-04-09 15:10:12] DEBUG    | ib_insync.client       | <<< 6,2,AccruedCash,141.71,BASE,DUM165609
[2026-04-09 15:10:12] DEBUG    | ib_insync.client       | <<< 6,2,AccruedCash,141.71,USD,DUM165609
[2026-04-09 15:10:12] DEBUG    | ib_insync.client       | <<< 6,2,AccruedCash-P,0.00,USD,DUM165609
[2026-04-09 15:10:12] DEBUG    | ib_insync.client       | <<< 6,2,AccruedCash-S,141.71,USD,DUM165609
[2026-04-09 15:10:12] DEBUG    | ib_insync.client       | <<< 6,2,AccruedDividend,0.00,USD,DUM165609
[2026-04-09 15:10:12] DEBUG    | ib_insync.client       | <<< 6,2,AccruedDividend-P,0.00,USD,DUM165609
[2026-04-09 15:10:12] DEBUG    | ib_insync.client       | <<< 6,2,AccruedDividend-S,0.00,USD,DUM165609
[2026-04-09 15:10:12] DEBUG    | ib_insync.client       | <<< 6,2,AvailableFunds,235829.24,USD,DUM165609
[2026-04-09 15:10:12] DEBUG    | ib_insync.client       | <<< 6,2,AvailableFunds-P,0.00,USD,DUM165609
[2026-04-09 15:10:12] DEBUG    | ib_insync.client       | <<< 6,2,AvailableFunds-S,235829.24,USD,DUM165609
[2026-04-09 15:10:12] DEBUG    | ib_insync.client       | <<< 6,2,Billable,0.00,USD,DUM165609
[2026-04-09 15:10:12] DEBUG    | ib_insync.client       | <<< 6,2,Billable-P,0.00,USD,DUM165609
[2026-04-09 15:10:12] DEBUG    | ib_insync.client       | <<< 6,2,Billable-S,0.00,USD,DUM165609
[2026-04-09 15:10:12] DEBUG    | ib_insync.client       | <<< 6,2,BuyingPower,1572194.92,USD,DUM165609
[2026-04-09 15:10:12] DEBUG    | ib_insync.client       | <<< 6,2,CashBalance,244872.29,BASE,DUM165609
[2026-04-09 15:10:12] DEBUG    | ib_insync.client       | <<< 6,2,CashBalance,244872.29,USD,DUM165609
[2026-04-09 15:10:12] DEBUG    | ib_insync.client       | <<< 6,2,ColumnPrio-P,5,,DUM165609
[2026-04-09 15:10:12] DEBUG    | ib_insync.client       | <<< 6,2,ColumnPrio-S,1,,DUM165609
[2026-04-09 15:10:12] DEBUG    | ib_insync.client       | <<< 6,2,CorporateBondValue,0.00,BASE,DUM165609
[2026-04-09 15:10:12] DEBUG    | ib_insync.client       | <<< 6,2,CorporateBondValue,0.00,USD,DUM165609
[2026-04-09 15:10:12] DEBUG    | ib_insync.client       | <<< 6,2,Cryptocurrency,0.00,BASE,DUM165609
[2026-04-09 15:10:12] DEBUG    | ib_insync.client       | <<< 6,2,Cryptocurrency,0.00,USD,DUM165609
[2026-04-09 15:10:12] DEBUG    | ib_insync.client       | <<< 6,2,Currency,BASE,BASE,DUM165609
[2026-04-09 15:10:12] DEBUG    | ib_insync.client       | <<< 6,2,Currency,USD,USD,DUM165609
[2026-04-09 15:10:12] DEBUG    | ib_insync.client       | <<< 6,2,Cushion,0.970415,,DUM165609
[2026-04-09 15:10:12] DEBUG    | ib_insync.client       | <<< 6,2,EquityWithLoanValue,245014.00,USD,DUM165609
[2026-04-09 15:10:12] DEBUG    | ib_insync.client       | <<< 6,2,EquityWithLoanValue-P,0.00,USD,DUM165609
[2026-04-09 15:10:12] DEBUG    | ib_insync.client       | <<< 6,2,EquityWithLoanValue-S,245014.00,USD,DUM165609
[2026-04-09 15:10:12] DEBUG    | ib_insync.client       | <<< 6,2,ExcessLiquidity,237765.28,USD,DUM165609
[2026-04-09 15:10:12] DEBUG    | ib_insync.client       | <<< 6,2,ExcessLiquidity-P,0.00,USD,DUM165609
[2026-04-09 15:10:12] DEBUG    | ib_insync.client       | <<< 6,2,ExcessLiquidity-S,237765.28,USD,DUM165609
[2026-04-09 15:10:12] DEBUG    | ib_insync.client       | <<< 6,2,ExchangeRate,1.00,BASE,DUM165609
[2026-04-09 15:10:12] DEBUG    | ib_insync.client       | <<< 6,2,ExchangeRate,1.00,USD,DUM165609
[2026-04-09 15:10:12] DEBUG    | ib_insync.client       | <<< 6,2,FullAvailableFunds,235829.24,USD,DUM165609
[2026-04-09 15:10:12] DEBUG    | ib_insync.client       | <<< 6,2,FullAvailableFunds-P,0.00,USD,DUM165609
[2026-04-09 15:10:12] DEBUG    | ib_insync.client       | <<< 6,2,FullAvailableFunds-S,235829.24,USD,DUM165609
[2026-04-09 15:10:12] DEBUG    | ib_insync.client       | <<< 6,2,FullExcessLiquidity,237765.28,USD,DUM165609
[2026-04-09 15:10:12] DEBUG    | ib_insync.client       | <<< 6,2,FullExcessLiquidity-P,0.00,USD,DUM165609
[2026-04-09 15:10:12] DEBUG    | ib_insync.client       | <<< 6,2,FullExcessLiquidity-S,237765.28,USD,DUM165609
[2026-04-09 15:10:12] DEBUG    | ib_insync.client       | <<< 6,2,FullInitMarginReq,9184.76,USD,DUM165609
[2026-04-09 15:10:12] DEBUG    | ib_insync.client       | <<< 6,2,FullInitMarginReq-P,0.00,USD,DUM165609
[2026-04-09 15:10:12] DEBUG    | ib_insync.client       | <<< 6,2,FullInitMarginReq-S,9184.76,USD,DUM165609
[2026-04-09 15:10:12] DEBUG    | ib_insync.client       | <<< 6,2,FullMaintMarginReq,7248.72,USD,DUM165609
[2026-04-09 15:10:12] DEBUG    | ib_insync.client       | <<< 6,2,FullMaintMarginReq-P,0.00,USD,DUM165609
[2026-04-09 15:10:12] DEBUG    | ib_insync.client       | <<< 6,2,FullMaintMarginReq-S,7248.72,USD,DUM165609
[2026-04-09 15:10:12] DEBUG    | ib_insync.client       | <<< 6,2,FundValue,0.00,BASE,DUM165609
[2026-04-09 15:10:12] DEBUG    | ib_insync.client       | <<< 6,2,FundValue,0.00,USD,DUM165609
[2026-04-09 15:10:12] DEBUG    | ib_insync.client       | <<< 6,2,FutureOptionValue,0.00,BASE,DUM165609
[2026-04-09 15:10:12] DEBUG    | ib_insync.client       | <<< 6,2,FutureOptionValue,0.00,USD,DUM165609
[2026-04-09 15:10:12] DEBUG    | ib_insync.client       | <<< 6,2,FuturesPNL,-341.25,BASE,DUM165609
[2026-04-09 15:10:12] DEBUG    | ib_insync.client       | <<< 6,2,FuturesPNL,-341.25,USD,DUM165609
[2026-04-09 15:10:12] DEBUG    | ib_insync.client       | <<< 6,2,FxCashBalance,0.00,BASE,DUM165609
[2026-04-09 15:10:12] DEBUG    | ib_insync.client       | <<< 6,2,FxCashBalance,0.00,USD,DUM165609
[2026-04-09 15:10:12] DEBUG    | ib_insync.client       | <<< 6,2,GrossPositionValue,0.00,USD,DUM165609
[2026-04-09 15:10:12] DEBUG    | ib_insync.client       | <<< 6,2,GrossPositionValue-S,0.00,USD,DUM165609
[2026-04-09 15:10:12] DEBUG    | ib_insync.client       | <<< 6,2,Guarantee,0.00,USD,DUM165609
[2026-04-09 15:10:12] DEBUG    | ib_insync.client       | <<< 6,2,Guarantee-P,0.00,USD,DUM165609
[2026-04-09 15:10:12] DEBUG    | ib_insync.client       | <<< 6,2,Guarantee-S,0.00,USD,DUM165609
[2026-04-09 15:10:12] DEBUG    | ib_insync.client       | <<< 6,2,IncentiveCoupons,0.00,USD,DUM165609
[2026-04-09 15:10:12] DEBUG    | ib_insync.client       | <<< 6,2,IncentiveCoupons-P,0.00,USD,DUM165609
[2026-04-09 15:10:12] DEBUG    | ib_insync.client       | <<< 6,2,IncentiveCoupons-S,0.00,USD,DUM165609
[2026-04-09 15:10:12] DEBUG    | ib_insync.client       | <<< 6,2,IndianStockHaircut,0.00,USD,DUM165609
[2026-04-09 15:10:12] DEBUG    | ib_insync.client       | <<< 6,2,IndianStockHaircut-P,0.00,USD,DUM165609
[2026-04-09 15:10:12] DEBUG    | ib_insync.client       | <<< 6,2,IndianStockHaircut-S,0.00,USD,DUM165609
[2026-04-09 15:10:12] DEBUG    | ib_insync.client       | <<< 6,2,InitMarginReq,9184.76,USD,DUM165609
[2026-04-09 15:10:12] DEBUG    | ib_insync.client       | <<< 6,2,InitMarginReq-P,0.00,USD,DUM165609
[2026-04-09 15:10:12] DEBUG    | ib_insync.client       | <<< 6,2,InitMarginReq-S,9184.76,USD,DUM165609
[2026-04-09 15:10:12] DEBUG    | ib_insync.client       | <<< 6,2,IssuerOptionValue,0.00,BASE,DUM165609
[2026-04-09 15:10:12] DEBUG    | ib_insync.client       | <<< 6,2,IssuerOptionValue,0.00,USD,DUM165609
[2026-04-09 15:10:12] DEBUG    | ib_insync.client       | <<< 6,2,Leverage-S,0.00,,DUM165609
[2026-04-09 15:10:12] DEBUG    | ib_insync.client       | <<< 6,2,LookAheadAvailableFunds,238584.67,USD,DUM165609
[2026-04-09 15:10:12] DEBUG    | ib_insync.client       | <<< 6,2,LookAheadAvailableFunds-P,0.00,USD,DUM165609
[2026-04-09 15:10:12] DEBUG    | ib_insync.client       | <<< 6,2,LookAheadAvailableFunds-S,238584.67,USD,DUM165609
[2026-04-09 15:10:12] DEBUG    | ib_insync.client       | <<< 6,2,LookAheadExcessLiquidity,239939.90,USD,DUM165609
[2026-04-09 15:10:12] DEBUG    | ib_insync.client       | <<< 6,2,LookAheadExcessLiquidity-P,0.00,USD,DUM165609
[2026-04-09 15:10:12] DEBUG    | ib_insync.client       | <<< 6,2,LookAheadExcessLiquidity-S,239939.90,USD,DUM165609
[2026-04-09 15:10:12] DEBUG    | ib_insync.client       | <<< 6,2,LookAheadInitMarginReq,6429.33,USD,DUM165609
[2026-04-09 15:10:12] DEBUG    | ib_insync.client       | <<< 6,2,LookAheadInitMarginReq-P,0.00,USD,DUM165609
[2026-04-09 15:10:12] DEBUG    | ib_insync.client       | <<< 6,2,LookAheadInitMarginReq-S,6429.33,USD,DUM165609
[2026-04-09 15:10:12] DEBUG    | ib_insync.client       | <<< 6,2,LookAheadMaintMarginReq,5074.10,USD,DUM165609
[2026-04-09 15:10:12] DEBUG    | ib_insync.client       | <<< 6,2,LookAheadMaintMarginReq-P,0.00,USD,DUM165609
[2026-04-09 15:10:12] DEBUG    | ib_insync.client       | <<< 6,2,LookAheadMaintMarginReq-S,5074.10,USD,DUM165609
[2026-04-09 15:10:12] DEBUG    | ib_insync.client       | <<< 6,2,LookAheadNextChange,1775741400,,DUM165609
[2026-04-09 15:10:12] DEBUG    | ib_insync.client       | <<< 6,2,MaintMarginReq,7248.72,USD,DUM165609
[2026-04-09 15:10:12] DEBUG    | ib_insync.client       | <<< 6,2,MaintMarginReq-P,0.00,USD,DUM165609
[2026-04-09 15:10:12] DEBUG    | ib_insync.client       | <<< 6,2,MaintMarginReq-S,7248.72,USD,DUM165609
[2026-04-09 15:10:12] DEBUG    | ib_insync.client       | <<< 6,2,MoneyMarketFundValue,0.00,BASE,DUM165609
[2026-04-09 15:10:12] DEBUG    | ib_insync.client       | <<< 6,2,MoneyMarketFundValue,0.00,USD,DUM165609
[2026-04-09 15:10:12] DEBUG    | ib_insync.client       | <<< 6,2,MutualFundValue,0.00,BASE,DUM165609
[2026-04-09 15:10:12] DEBUG    | ib_insync.client       | <<< 6,2,MutualFundValue,0.00,USD,DUM165609
[2026-04-09 15:10:12] DEBUG    | ib_insync.client       | <<< 6,2,NLVAndMarginInReview,false,,DUM165609
[2026-04-09 15:10:12] DEBUG    | ib_insync.client       | <<< 6,2,NetDividend,0.00,BASE,DUM165609
[2026-04-09 15:10:12] DEBUG    | ib_insync.client       | <<< 6,2,NetDividend,0.00,USD,DUM165609
[2026-04-09 15:10:12] DEBUG    | ib_insync.client       | <<< 6,2,NetLiquidation,245014.00,USD,DUM165609
[2026-04-09 15:10:12] DEBUG    | ib_insync.client       | <<< 6,2,NetLiquidation-P,0.00,USD,DUM165609
[2026-04-09 15:10:12] DEBUG    | ib_insync.client       | <<< 6,2,NetLiquidation-S,245014.00,USD,DUM165609
[2026-04-09 15:10:12] DEBUG    | ib_insync.client       | <<< 6,2,NetLiquidationByCurrency,245014.00,BASE,DUM165609
[2026-04-09 15:10:12] DEBUG    | ib_insync.client       | <<< 6,2,NetLiquidationByCurrency,245014.00,USD,DUM165609
[2026-04-09 15:10:12] DEBUG    | ib_insync.client       | <<< 6,2,NetLiquidationUncertainty,0.00,USD,DUM165609
[2026-04-09 15:10:12] DEBUG    | ib_insync.client       | <<< 6,2,OptionMarketValue,0.00,BASE,DUM165609
[2026-04-09 15:10:12] DEBUG    | ib_insync.client       | <<< 6,2,OptionMarketValue,0.00,USD,DUM165609
[2026-04-09 15:10:12] DEBUG    | ib_insync.client       | <<< 6,2,PASharesValue,0.00,USD,DUM165609
[2026-04-09 15:10:12] DEBUG    | ib_insync.client       | <<< 6,2,PASharesValue-P,0.00,USD,DUM165609
[2026-04-09 15:10:12] DEBUG    | ib_insync.client       | <<< 6,2,PASharesValue-S,0.00,USD,DUM165609
[2026-04-09 15:10:12] DEBUG    | ib_insync.client       | <<< 6,2,PhysicalCertificateValue,0.00,USD,DUM165609
[2026-04-09 15:10:12] DEBUG    | ib_insync.client       | <<< 6,2,PhysicalCertificateValue-P,0.00,USD,DUM165609
[2026-04-09 15:10:12] DEBUG    | ib_insync.client       | <<< 6,2,PhysicalCertificateValue-S,0.00,USD,DUM165609
[2026-04-09 15:10:12] DEBUG    | ib_insync.client       | <<< 6,2,PostExpirationExcess,0.00,USD,DUM165609
[2026-04-09 15:10:12] DEBUG    | ib_insync.client       | <<< 6,2,PostExpirationExcess-P,0.00,USD,DUM165609
[2026-04-09 15:10:12] DEBUG    | ib_insync.client       | <<< 6,2,PostExpirationExcess-S,0.00,USD,DUM165609
[2026-04-09 15:10:12] DEBUG    | ib_insync.client       | <<< 6,2,PostExpirationMargin,0.00,USD,DUM165609
[2026-04-09 15:10:12] DEBUG    | ib_insync.client       | <<< 6,2,PostExpirationMargin-P,0.00,USD,DUM165609
[2026-04-09 15:10:12] DEBUG    | ib_insync.client       | <<< 6,2,PostExpirationMargin-S,0.00,USD,DUM165609
[2026-04-09 15:10:12] DEBUG    | ib_insync.client       | <<< 6,2,RealCurrency,BASE,BASE,DUM165609
[2026-04-09 15:10:12] DEBUG    | ib_insync.client       | <<< 6,2,RealCurrency,USD,USD,DUM165609
[2026-04-09 15:10:12] DEBUG    | ib_insync.client       | <<< 6,2,RealizedPnL,0.00,BASE,DUM165609
[2026-04-09 15:10:12] DEBUG    | ib_insync.client       | <<< 6,2,RealizedPnL,0.00,USD,DUM165609
[2026-04-09 15:10:12] DEBUG    | ib_insync.client       | <<< 6,2,SegmentTitle-P,Crypto at Paxos,,DUM165609
[2026-04-09 15:10:12] DEBUG    | ib_insync.client       | <<< 6,2,SegmentTitle-S,Securities,,DUM165609
[2026-04-09 15:10:12] DEBUG    | ib_insync.client       | <<< 6,2,SettledCashByDate,20260409:245213.54;20260410:244872.28999999,,DUM165609
[2026-04-09 15:10:12] DEBUG    | ib_insync.client       | <<< 6,2,SettledCashByDate-P,20260409:0,,DUM165609
[2026-04-09 15:10:12] DEBUG    | ib_insync.client       | <<< 6,2,SettledCashByDate-S,20260409:245213.54;20260410:244872.28999999,,DUM165609
[2026-04-09 15:10:12] DEBUG    | ib_insync.client       | <<< 6,2,StockMarketValue,0.00,BASE,DUM165609
[2026-04-09 15:10:12] DEBUG    | ib_insync.client       | <<< 6,2,StockMarketValue,0.00,USD,DUM165609
[2026-04-09 15:10:12] DEBUG    | ib_insync.client       | <<< 6,2,TBillValue,0.00,BASE,DUM165609
[2026-04-09 15:10:12] DEBUG    | ib_insync.client       | <<< 6,2,TBillValue,0.00,USD,DUM165609
[2026-04-09 15:10:12] DEBUG    | ib_insync.client       | <<< 6,2,TBondValue,0.00,BASE,DUM165609
[2026-04-09 15:10:12] DEBUG    | ib_insync.client       | <<< 6,2,TBondValue,0.00,USD,DUM165609
[2026-04-09 15:10:12] DEBUG    | ib_insync.client       | <<< 6,2,TotalCashBalance,244872.29,BASE,DUM165609
[2026-04-09 15:10:12] DEBUG    | ib_insync.client       | <<< 6,2,TotalCashBalance,244872.29,USD,DUM165609
[2026-04-09 15:10:12] DEBUG    | ib_insync.client       | <<< 6,2,TotalCashValue,244872.29,USD,DUM165609
[2026-04-09 15:10:12] DEBUG    | ib_insync.client       | <<< 6,2,TotalCashValue-P,0.00,USD,DUM165609
[2026-04-09 15:10:12] DEBUG    | ib_insync.client       | <<< 6,2,TotalCashValue-S,244872.29,USD,DUM165609
[2026-04-09 15:10:12] DEBUG    | ib_insync.client       | <<< 6,2,TotalDebitCardPendingCharges,0.00,USD,DUM165609
[2026-04-09 15:10:12] DEBUG    | ib_insync.client       | <<< 6,2,TotalDebitCardPendingCharges-P,0.00,USD,DUM165609
[2026-04-09 15:10:12] DEBUG    | ib_insync.client       | <<< 6,2,TotalDebitCardPendingCharges-S,0.00,USD,DUM165609
[2026-04-09 15:10:12] DEBUG    | ib_insync.client       | <<< 6,2,TradingType-S,STKNOPT,,DUM165609
[2026-04-09 15:10:12] DEBUG    | ib_insync.client       | <<< 6,2,UnrealizedPnL,2330.64,BASE,DUM165609
[2026-04-09 15:10:12] DEBUG    | ib_insync.client       | <<< 6,2,UnrealizedPnL,2330.64,USD,DUM165609
[2026-04-09 15:10:12] DEBUG    | ib_insync.client       | <<< 6,2,WarrantValue,0.00,BASE,DUM165609
[2026-04-09 15:10:12] DEBUG    | ib_insync.client       | <<< 6,2,WarrantValue,0.00,USD,DUM165609
[2026-04-09 15:10:12] DEBUG    | ib_insync.client       | <<< 7,8,770561194,MES,FUT,20260618,0,0,5,CME,USD,MESM6,MES,3,6801.0,102015.0,33228.12,2330.64,0.0,DUM165609
[2026-04-09 15:10:12] INFO     | ib_insync.wrapper      | updatePortfolio: PortfolioItem(contract=Future(conId=770561194, symbol='MES', lastTradeDateOrContractMonth='20260618', right='0', multiplier='5', primaryExchange='CME', currency='USD', localSymbol='MESM6', tradingClass='MES'), position=3.0, marketPrice=6801.0, marketValue=102015.0, averageCost=33228.12, unrealizedPNL=2330.64, realizedPNL=0.0, account='DUM165609')
[2026-04-09 15:10:12] DEBUG    | ib_insync.client       | <<< 8,1,15:09
[2026-04-09 15:10:12] DEBUG    | ib_insync.client       | <<< 8,1,15:09
[2026-04-09 15:10:12] DEBUG    | ib_insync.client       | <<< 54,1,DUM165609
[2026-04-09 15:10:12] DEBUG    | ib_insync.client       | <<< 73,1,1,DUM165609,,AccountCode,DUM165609,
[2026-04-09 15:10:12] DEBUG    | ib_insync.client       | <<< 73,1,1,DUM165609,,AccountReady,true,
[2026-04-09 15:10:12] DEBUG    | ib_insync.client       | <<< 73,1,1,DUM165609,,AccountType,CORPORATION,
[2026-04-09 15:10:12] DEBUG    | ib_insync.client       | <<< 73,1,1,DUM165609,,AccruedCash,141.71,USD
[2026-04-09 15:10:12] DEBUG    | ib_insync.client       | <<< 73,1,1,DUM165609,,AccruedCash-P,0.00,USD
[2026-04-09 15:10:12] DEBUG    | ib_insync.client       | <<< 73,1,1,DUM165609,,AccruedCash-S,141.71,USD
[2026-04-09 15:10:12] DEBUG    | ib_insync.client       | <<< 73,1,1,DUM165609,,AccruedDividend,0.00,USD
[2026-04-09 15:10:12] DEBUG    | ib_insync.client       | <<< 73,1,1,DUM165609,,AccruedDividend-P,0.00,USD
[2026-04-09 15:10:12] DEBUG    | ib_insync.client       | <<< 73,1,1,DUM165609,,AccruedDividend-S,0.00,USD
[2026-04-09 15:10:12] DEBUG    | ib_insync.client       | <<< 73,1,1,DUM165609,,AvailableFunds,235829.24,USD
[2026-04-09 15:10:12] DEBUG    | ib_insync.client       | <<< 73,1,1,DUM165609,,AvailableFunds-P,0.00,USD
[2026-04-09 15:10:12] DEBUG    | ib_insync.client       | <<< 73,1,1,DUM165609,,AvailableFunds-S,235829.24,USD
[2026-04-09 15:10:12] DEBUG    | ib_insync.client       | <<< 73,1,1,DUM165609,,Billable,0.00,USD
[2026-04-09 15:10:12] DEBUG    | ib_insync.client       | <<< 73,1,1,DUM165609,,Billable-P,0.00,USD
[2026-04-09 15:10:12] DEBUG    | ib_insync.client       | <<< 73,1,1,DUM165609,,Billable-S,0.00,USD
[2026-04-09 15:10:12] DEBUG    | ib_insync.client       | <<< 73,1,1,DUM165609,,BuyingPower,1572194.92,USD
[2026-04-09 15:10:12] DEBUG    | ib_insync.client       | <<< 73,1,1,DUM165609,,ColumnPrio-P,5,
[2026-04-09 15:10:12] DEBUG    | ib_insync.client       | <<< 73,1,1,DUM165609,,ColumnPrio-S,1,
[2026-04-09 15:10:12] DEBUG    | ib_insync.client       | <<< 73,1,1,DUM165609,,Cushion,0.970415,
[2026-04-09 15:10:12] DEBUG    | ib_insync.client       | <<< 73,1,1,DUM165609,,EquityWithLoanValue,245014.00,USD
[2026-04-09 15:10:12] DEBUG    | ib_insync.client       | <<< 73,1,1,DUM165609,,EquityWithLoanValue-P,0.00,USD
[2026-04-09 15:10:12] DEBUG    | ib_insync.client       | <<< 73,1,1,DUM165609,,EquityWithLoanValue-S,245014.00,USD
[2026-04-09 15:10:12] DEBUG    | ib_insync.client       | <<< 73,1,1,DUM165609,,ExcessLiquidity,237765.28,USD
[2026-04-09 15:10:12] DEBUG    | ib_insync.client       | <<< 73,1,1,DUM165609,,ExcessLiquidity-P,0.00,USD
[2026-04-09 15:10:12] DEBUG    | ib_insync.client       | <<< 73,1,1,DUM165609,,ExcessLiquidity-S,237765.28,USD
[2026-04-09 15:10:12] DEBUG    | ib_insync.client       | <<< 73,1,1,DUM165609,,FullAvailableFunds,235829.24,USD
[2026-04-09 15:10:12] DEBUG    | ib_insync.client       | <<< 73,1,1,DUM165609,,FullAvailableFunds-P,0.00,USD
[2026-04-09 15:10:12] DEBUG    | ib_insync.client       | <<< 73,1,1,DUM165609,,FullAvailableFunds-S,235829.24,USD
[2026-04-09 15:10:12] DEBUG    | ib_insync.client       | <<< 73,1,1,DUM165609,,FullExcessLiquidity,237765.28,USD
[2026-04-09 15:10:12] DEBUG    | ib_insync.client       | <<< 73,1,1,DUM165609,,FullExcessLiquidity-P,0.00,USD
[2026-04-09 15:10:12] DEBUG    | ib_insync.client       | <<< 73,1,1,DUM165609,,FullExcessLiquidity-S,237765.28,USD
[2026-04-09 15:10:12] DEBUG    | ib_insync.client       | <<< 73,1,1,DUM165609,,FullInitMarginReq,9184.76,USD
[2026-04-09 15:10:12] DEBUG    | ib_insync.client       | <<< 73,1,1,DUM165609,,FullInitMarginReq-P,0.00,USD
[2026-04-09 15:10:12] DEBUG    | ib_insync.client       | <<< 73,1,1,DUM165609,,FullInitMarginReq-S,9184.76,USD
[2026-04-09 15:10:12] DEBUG    | ib_insync.client       | <<< 73,1,1,DUM165609,,FullMaintMarginReq,7248.72,USD
[2026-04-09 15:10:12] DEBUG    | ib_insync.client       | <<< 73,1,1,DUM165609,,FullMaintMarginReq-P,0.00,USD
[2026-04-09 15:10:12] DEBUG    | ib_insync.client       | <<< 73,1,1,DUM165609,,FullMaintMarginReq-S,7248.72,USD
[2026-04-09 15:10:12] DEBUG    | ib_insync.client       | <<< 73,1,1,DUM165609,,GrossPositionValue,0.00,USD
[2026-04-09 15:10:12] DEBUG    | ib_insync.client       | <<< 73,1,1,DUM165609,,GrossPositionValue-S,0.00,USD
[2026-04-09 15:10:12] DEBUG    | ib_insync.client       | <<< 73,1,1,DUM165609,,Guarantee,0.00,USD
[2026-04-09 15:10:12] DEBUG    | ib_insync.client       | <<< 73,1,1,DUM165609,,Guarantee-P,0.00,USD
[2026-04-09 15:10:12] DEBUG    | ib_insync.client       | <<< 73,1,1,DUM165609,,Guarantee-S,0.00,USD
[2026-04-09 15:10:12] DEBUG    | ib_insync.client       | <<< 73,1,1,DUM165609,,IncentiveCoupons,0.00,USD
[2026-04-09 15:10:12] DEBUG    | ib_insync.client       | <<< 73,1,1,DUM165609,,IncentiveCoupons-P,0.00,USD
[2026-04-09 15:10:12] DEBUG    | ib_insync.client       | <<< 73,1,1,DUM165609,,IncentiveCoupons-S,0.00,USD
[2026-04-09 15:10:12] DEBUG    | ib_insync.client       | <<< 73,1,1,DUM165609,,IndianStockHaircut,0.00,USD
[2026-04-09 15:10:12] DEBUG    | ib_insync.client       | <<< 73,1,1,DUM165609,,IndianStockHaircut-P,0.00,USD
[2026-04-09 15:10:12] DEBUG    | ib_insync.client       | <<< 73,1,1,DUM165609,,IndianStockHaircut-S,0.00,USD
[2026-04-09 15:10:12] DEBUG    | ib_insync.client       | <<< 73,1,1,DUM165609,,InitMarginReq,9184.76,USD
[2026-04-09 15:10:12] DEBUG    | ib_insync.client       | <<< 73,1,1,DUM165609,,InitMarginReq-P,0.00,USD
[2026-04-09 15:10:12] DEBUG    | ib_insync.client       | <<< 73,1,1,DUM165609,,InitMarginReq-S,9184.76,USD
[2026-04-09 15:10:12] DEBUG    | ib_insync.client       | <<< 73,1,1,DUM165609,,Leverage-S,0.00,
[2026-04-09 15:10:12] DEBUG    | ib_insync.client       | <<< 73,1,1,DUM165609,,LookAheadAvailableFunds,238584.67,USD
[2026-04-09 15:10:12] DEBUG    | ib_insync.client       | <<< 73,1,1,DUM165609,,LookAheadAvailableFunds-P,0.00,USD
[2026-04-09 15:10:12] DEBUG    | ib_insync.client       | <<< 73,1,1,DUM165609,,LookAheadAvailableFunds-S,238584.67,USD
[2026-04-09 15:10:12] DEBUG    | ib_insync.client       | <<< 73,1,1,DUM165609,,LookAheadExcessLiquidity,239939.90,USD
[2026-04-09 15:10:12] DEBUG    | ib_insync.client       | <<< 73,1,1,DUM165609,,LookAheadExcessLiquidity-P,0.00,USD
[2026-04-09 15:10:12] DEBUG    | ib_insync.client       | <<< 73,1,1,DUM165609,,LookAheadExcessLiquidity-S,239939.90,USD
[2026-04-09 15:10:12] DEBUG    | ib_insync.client       | <<< 73,1,1,DUM165609,,LookAheadInitMarginReq,6429.33,USD
[2026-04-09 15:10:12] DEBUG    | ib_insync.client       | <<< 73,1,1,DUM165609,,LookAheadInitMarginReq-P,0.00,USD
[2026-04-09 15:10:12] DEBUG    | ib_insync.client       | <<< 73,1,1,DUM165609,,LookAheadInitMarginReq-S,6429.33,USD
[2026-04-09 15:10:12] DEBUG    | ib_insync.client       | <<< 73,1,1,DUM165609,,LookAheadMaintMarginReq,5074.10,USD
[2026-04-09 15:10:12] DEBUG    | ib_insync.client       | <<< 73,1,1,DUM165609,,LookAheadMaintMarginReq-P,0.00,USD
[2026-04-09 15:10:12] DEBUG    | ib_insync.client       | <<< 73,1,1,DUM165609,,LookAheadMaintMarginReq-S,5074.10,USD
[2026-04-09 15:10:12] DEBUG    | ib_insync.client       | <<< 73,1,1,DUM165609,,LookAheadNextChange,1775741400,
[2026-04-09 15:10:12] DEBUG    | ib_insync.client       | <<< 73,1,1,DUM165609,,MaintMarginReq,7248.72,USD
[2026-04-09 15:10:12] DEBUG    | ib_insync.client       | <<< 73,1,1,DUM165609,,MaintMarginReq-P,0.00,USD
[2026-04-09 15:10:12] DEBUG    | ib_insync.client       | <<< 73,1,1,DUM165609,,MaintMarginReq-S,7248.72,USD
[2026-04-09 15:10:12] DEBUG    | ib_insync.client       | <<< 73,1,1,DUM165609,,NLVAndMarginInReview,false,
[2026-04-09 15:10:12] DEBUG    | ib_insync.client       | <<< 73,1,1,DUM165609,,NetLiquidation,245014.00,USD
[2026-04-09 15:10:12] DEBUG    | ib_insync.client       | <<< 73,1,1,DUM165609,,NetLiquidation-P,0.00,USD
[2026-04-09 15:10:12] DEBUG    | ib_insync.client       | <<< 73,1,1,DUM165609,,NetLiquidation-S,245014.00,USD
[2026-04-09 15:10:12] DEBUG    | ib_insync.client       | <<< 73,1,1,DUM165609,,NetLiquidationUncertainty,0.00,USD
[2026-04-09 15:10:12] DEBUG    | ib_insync.client       | <<< 73,1,1,DUM165609,,PASharesValue,0.00,USD
[2026-04-09 15:10:12] DEBUG    | ib_insync.client       | <<< 73,1,1,DUM165609,,PASharesValue-P,0.00,USD
[2026-04-09 15:10:12] DEBUG    | ib_insync.client       | <<< 73,1,1,DUM165609,,PASharesValue-S,0.00,USD
[2026-04-09 15:10:12] DEBUG    | ib_insync.client       | <<< 73,1,1,DUM165609,,PhysicalCertificateValue,0.00,USD
[2026-04-09 15:10:12] DEBUG    | ib_insync.client       | <<< 73,1,1,DUM165609,,PhysicalCertificateValue-P,0.00,USD
[2026-04-09 15:10:12] DEBUG    | ib_insync.client       | <<< 73,1,1,DUM165609,,PhysicalCertificateValue-S,0.00,USD
[2026-04-09 15:10:12] DEBUG    | ib_insync.client       | <<< 73,1,1,DUM165609,,PostExpirationExcess,0.00,USD
[2026-04-09 15:10:12] DEBUG    | ib_insync.client       | <<< 73,1,1,DUM165609,,PostExpirationExcess-P,0.00,USD
[2026-04-09 15:10:12] DEBUG    | ib_insync.client       | <<< 73,1,1,DUM165609,,PostExpirationExcess-S,0.00,USD
[2026-04-09 15:10:12] DEBUG    | ib_insync.client       | <<< 73,1,1,DUM165609,,PostExpirationMargin,0.00,USD
[2026-04-09 15:10:12] DEBUG    | ib_insync.client       | <<< 73,1,1,DUM165609,,PostExpirationMargin-P,0.00,USD
[2026-04-09 15:10:12] DEBUG    | ib_insync.client       | <<< 73,1,1,DUM165609,,PostExpirationMargin-S,0.00,USD
[2026-04-09 15:10:12] DEBUG    | ib_insync.client       | <<< 73,1,1,DUM165609,,SegmentTitle-P,Crypto at Paxos,
[2026-04-09 15:10:12] DEBUG    | ib_insync.client       | <<< 73,1,1,DUM165609,,SegmentTitle-S,Securities,
[2026-04-09 15:10:12] DEBUG    | ib_insync.client       | <<< 73,1,1,DUM165609,,SettledCashByDate,20260409:245213.54;20260410:244872.28999999,
[2026-04-09 15:10:12] DEBUG    | ib_insync.client       | <<< 73,1,1,DUM165609,,SettledCashByDate-P,20260409:0,
[2026-04-09 15:10:12] DEBUG    | ib_insync.client       | <<< 73,1,1,DUM165609,,SettledCashByDate-S,20260409:245213.54;20260410:244872.28999999,
[2026-04-09 15:10:12] DEBUG    | ib_insync.client       | <<< 73,1,1,DUM165609,,TotalCashValue,244872.29,USD
[2026-04-09 15:10:12] DEBUG    | ib_insync.client       | <<< 73,1,1,DUM165609,,TotalCashValue-P,0.00,USD
[2026-04-09 15:10:12] DEBUG    | ib_insync.client       | <<< 73,1,1,DUM165609,,TotalCashValue-S,244872.29,USD
[2026-04-09 15:10:12] DEBUG    | ib_insync.client       | <<< 73,1,1,DUM165609,,TotalDebitCardPendingCharges,0.00,USD
[2026-04-09 15:10:12] DEBUG    | ib_insync.client       | <<< 73,1,1,DUM165609,,TotalDebitCardPendingCharges-P,0.00,USD
[2026-04-09 15:10:12] DEBUG    | ib_insync.client       | <<< 73,1,1,DUM165609,,TotalDebitCardPendingCharges-S,0.00,USD
[2026-04-09 15:10:12] DEBUG    | ib_insync.client       | <<< 73,1,1,DUM165609,,TradingType-S,STKNOPT,
[2026-04-09 15:10:12] DEBUG    | ib_insync.client       | <<< 73,1,1,DUM165609,,Currency,USD,USD
[2026-04-09 15:10:12] DEBUG    | ib_insync.client       | <<< 73,1,1,DUM165609,,CashBalance,244872.29,USD
[2026-04-09 15:10:12] DEBUG    | ib_insync.client       | <<< 73,1,1,DUM165609,,TotalCashBalance,244872.29,USD
[2026-04-09 15:10:12] DEBUG    | ib_insync.client       | <<< 73,1,1,DUM165609,,AccruedCash,141.71,USD
[2026-04-09 15:10:12] DEBUG    | ib_insync.client       | <<< 73,1,1,DUM165609,,StockMarketValue,0.00,USD
[2026-04-09 15:10:12] DEBUG    | ib_insync.client       | <<< 73,1,1,DUM165609,,OptionMarketValue,0.00,USD
[2026-04-09 15:10:12] DEBUG    | ib_insync.client       | <<< 73,1,1,DUM165609,,FutureOptionValue,0.00,USD
[2026-04-09 15:10:12] DEBUG    | ib_insync.client       | <<< 73,1,1,DUM165609,,FuturesPNL,-341.25,USD
[2026-04-09 15:10:12] DEBUG    | ib_insync.client       | <<< 73,1,1,DUM165609,,NetLiquidationByCurrency,245014.00,USD
[2026-04-09 15:10:12] DEBUG    | ib_insync.client       | <<< 73,1,1,DUM165609,,UnrealizedPnL,2330.64,USD
[2026-04-09 15:10:12] DEBUG    | ib_insync.client       | <<< 73,1,1,DUM165609,,RealizedPnL,0.00,USD
[2026-04-09 15:10:12] DEBUG    | ib_insync.client       | <<< 73,1,1,DUM165609,,ExchangeRate,1.00,USD
[2026-04-09 15:10:12] DEBUG    | ib_insync.client       | <<< 73,1,1,DUM165609,,FundValue,0.00,USD
[2026-04-09 15:10:12] DEBUG    | ib_insync.client       | <<< 73,1,1,DUM165609,,NetDividend,0.00,USD
[2026-04-09 15:10:12] DEBUG    | ib_insync.client       | <<< 73,1,1,DUM165609,,MutualFundValue,0.00,USD
[2026-04-09 15:10:12] DEBUG    | ib_insync.client       | <<< 73,1,1,DUM165609,,MoneyMarketFundValue,0.00,USD
[2026-04-09 15:10:12] DEBUG    | ib_insync.client       | <<< 73,1,1,DUM165609,,CorporateBondValue,0.00,USD
[2026-04-09 15:10:12] DEBUG    | ib_insync.client       | <<< 73,1,1,DUM165609,,TBondValue,0.00,USD
[2026-04-09 15:10:12] DEBUG    | ib_insync.client       | <<< 73,1,1,DUM165609,,TBillValue,0.00,USD
[2026-04-09 15:10:12] DEBUG    | ib_insync.client       | <<< 73,1,1,DUM165609,,WarrantValue,0.00,USD
[2026-04-09 15:10:12] DEBUG    | ib_insync.client       | <<< 73,1,1,DUM165609,,FxCashBalance,0.00,USD
[2026-04-09 15:10:12] DEBUG    | ib_insync.client       | <<< 73,1,1,DUM165609,,AccountOrGroup,DUM165609,USD
[2026-04-09 15:10:12] DEBUG    | ib_insync.client       | <<< 73,1,1,DUM165609,,RealCurrency,USD,USD
[2026-04-09 15:10:12] DEBUG    | ib_insync.client       | <<< 73,1,1,DUM165609,,IssuerOptionValue,0.00,USD
[2026-04-09 15:10:12] DEBUG    | ib_insync.client       | <<< 73,1,1,DUM165609,,Cryptocurrency,0.00,USD
[2026-04-09 15:10:12] DEBUG    | ib_insync.client       | <<< 73,1,1,DUM165609,,Currency,BASE,BASE
[2026-04-09 15:10:12] DEBUG    | ib_insync.client       | <<< 73,1,1,DUM165609,,CashBalance,244872.29,BASE
[2026-04-09 15:10:12] DEBUG    | ib_insync.client       | <<< 73,1,1,DUM165609,,TotalCashBalance,244872.29,BASE
[2026-04-09 15:10:12] DEBUG    | ib_insync.client       | <<< 73,1,1,DUM165609,,AccruedCash,141.71,BASE
[2026-04-09 15:10:12] DEBUG    | ib_insync.client       | <<< 73,1,1,DUM165609,,StockMarketValue,0.00,BASE
[2026-04-09 15:10:12] DEBUG    | ib_insync.client       | <<< 73,1,1,DUM165609,,OptionMarketValue,0.00,BASE
[2026-04-09 15:10:12] DEBUG    | ib_insync.client       | <<< 73,1,1,DUM165609,,FutureOptionValue,0.00,BASE
[2026-04-09 15:10:12] DEBUG    | ib_insync.client       | <<< 73,1,1,DUM165609,,FuturesPNL,-341.25,BASE
[2026-04-09 15:10:12] DEBUG    | ib_insync.client       | <<< 73,1,1,DUM165609,,NetLiquidationByCurrency,245014.00,BASE
[2026-04-09 15:10:12] DEBUG    | ib_insync.client       | <<< 73,1,1,DUM165609,,UnrealizedPnL,2330.64,BASE
[2026-04-09 15:10:12] DEBUG    | ib_insync.client       | <<< 73,1,1,DUM165609,,RealizedPnL,0.00,BASE
[2026-04-09 15:10:12] DEBUG    | ib_insync.client       | <<< 73,1,1,DUM165609,,ExchangeRate,1.00,BASE
[2026-04-09 15:10:12] DEBUG    | ib_insync.client       | <<< 73,1,1,DUM165609,,FundValue,0.00,BASE
[2026-04-09 15:10:12] DEBUG    | ib_insync.client       | <<< 73,1,1,DUM165609,,NetDividend,0.00,BASE
[2026-04-09 15:10:12] DEBUG    | ib_insync.client       | <<< 73,1,1,DUM165609,,MutualFundValue,0.00,BASE
[2026-04-09 15:10:12] DEBUG    | ib_insync.client       | <<< 73,1,1,DUM165609,,MoneyMarketFundValue,0.00,BASE
[2026-04-09 15:10:12] DEBUG    | ib_insync.client       | <<< 73,1,1,DUM165609,,CorporateBondValue,0.00,BASE
[2026-04-09 15:10:12] DEBUG    | ib_insync.client       | <<< 73,1,1,DUM165609,,TBondValue,0.00,BASE
[2026-04-09 15:10:12] DEBUG    | ib_insync.client       | <<< 73,1,1,DUM165609,,TBillValue,0.00,BASE
[2026-04-09 15:10:12] DEBUG    | ib_insync.client       | <<< 73,1,1,DUM165609,,WarrantValue,0.00,BASE
[2026-04-09 15:10:12] DEBUG    | ib_insync.client       | <<< 73,1,1,DUM165609,,FxCashBalance,0.00,BASE
[2026-04-09 15:10:12] DEBUG    | ib_insync.client       | <<< 73,1,1,DUM165609,,AccountOrGroup,DUM165609,BASE
[2026-04-09 15:10:12] DEBUG    | ib_insync.client       | <<< 73,1,1,DUM165609,,RealCurrency,USD,BASE
[2026-04-09 15:10:12] DEBUG    | ib_insync.client       | <<< 73,1,1,DUM165609,,IssuerOptionValue,0.00,BASE
[2026-04-09 15:10:12] DEBUG    | ib_insync.client       | <<< 73,1,1,DUM165609,,Cryptocurrency,0.00,BASE
[2026-04-09 15:10:12] DEBUG    | ib_insync.client       | <<< 74,1,1
[2026-04-09 15:10:12] DEBUG    | ib_insync.client       | >>> 7,3,2,0,,,,,,
[2026-04-09 15:10:12] DEBUG    | ib_insync.client       | <<< 55,1,2
[2026-04-09 15:10:12] INFO     | ib_insync.ib           | Synchronization complete
[2026-04-09 15:10:12] INFO     | trading.broker         | Connected to IBKR
[2026-04-09 15:10:12] INFO     | trading.main           | [DRY RUN] Strategy: mgc_pullback
[2026-04-09 15:10:12] DEBUG    | ib_insync.client       | >>> 9,8,3,0,GC,FUT,202604,0.0,,,COMEX,,USD,,,0,,,
[2026-04-09 15:10:13] DEBUG    | ib_insync.client       | <<< 10,3,GC,FUT,20260428 13:30:00 US/Eastern,0,,COMEX,USD,GCJ6,GC,GC,706903673,0.1,100,ACTIVETIM,AD,ADJUST,ALERT,ALGO,ALLOC,AVGCOST,BASKET,BENCHPX,COND,CONDORDER,DAY,DEACT,DEACTDIS,DEACTEOD,GAT,GTC,GTD,GTT,HID,ICE,IOC,LIT,LMT,LTH,MIT,MKT,MTL,NGCOMB,NONALGO,OCA,PEGBENCH,SCALE,SCALERST,SIZECHK,SNAPMID,SNAPMKT,SNAPREL,STP,STPLMT,TRAIL,TRAILLIT,TRAILLMT,TRAILMIT,WHATIF,COMEX,QBALGO,1,17340718,Gold,,202604,,,,US/Eastern,20260408:1800-20260409:1700;20260409:1800-20260410:1700;20260411:CLOSED;20260412:1800-20260413:1700;20260413:1800-20260414:1700;20260414:1800-20260415:1700,20260409:0930-20260409:1700;20260410:0930-20260410:1700;20260411:CLOSED;20260412:CLOSED;20260413:0930-20260413:1700;20260414:0930-20260414:1700;20260414:1800-20260415:1700,,,0,2147483647,GC,IND,65,65,20260428,,1,1,1
[2026-04-09 15:10:13] DEBUG    | ib_insync.client       | <<< 52,1,3
[2026-04-09 15:10:13] INFO     | trading.broker         | Qualified contract: GCJ6  conId=706903673
[2026-04-09 15:10:13] DEBUG    | ib_insync.client       | >>> 20,4,706903673,GC,FUT,20260428,0.0,,100,COMEX,,USD,GCJ6,GC,0,,1 day,20 Y,0,TRADES,2,0,
[2026-04-09 15:10:13] DEBUG    | ib_insync.client       | <<< 17,4,20060409 05:40:12 US/Eastern,20260409 05:40:12 US/Eastern,472,20240531,2553.00,2553.00,2553.00,2553.00,0,2553,0,20240603,2575.70,2575.70,2575.70,2575.70,0,2575.7,0,20240604,2552.80,2552.80,2552.80,2552.80,0,2552.8,0,20240605,2581.00,2581.00,2581.00,2581.00,0,2581,0,20240606,2597.10,2597.10,2597.10,2597.10,0,2597.1,0,20240607,2530.40,2530.40,2530.40,2530.40,0,2530.4,0,20240610,2531.80,2531.80,2531.80,2531.80,0,2531.8,0,20240611,2531.40,2531.40,2531.40,2531.40,0,2531.4,0,20240612,2557.40,2557.40,2557.40,2557.40,0,2557.4,0,20240613,2518.00,2518.00,2518.00,2518.00,0,2518,0,20240614,2549.10,2549.10,2549.10,2549.10,0,2549.1,0,20240617,2530.40,2530.40,2530.40,2530.40,0,2530.4,0,20240618,2548.20,2548.20,2548.20,2548.20,0,2548.2,0,20240619,2548.20,2548.20,2548.20,2548.20,0,2548.2,0,20240620,2571.00,2571.00,2571.00,2571.00,0,2571,0,20240621,2532.10,2532.10,2532.10,2532.10,0,2532.1,0,20240624,2546.30,2546.30,2546.30,2546.30,0,2546.3,0,20240625,2532.80,2532.80,2532.80,2532.80,0,2532.8,0,20240626,2514.90,2514.90,2514.90,2514.90,0,2514.9,0,20240627,2536.90,2536.90,2536.90,2536.90,0,2536.9,0,20240628,2540.30,2540.30,2540.30,2540.30,0,2540.3,0,20240701,2540.20,2540.20,2540.20,2540.20,0,2540.2,0,20240702,2534.50,2534.50,2534.50,2534.50,0,2534.5,0,20240703,2571.80,2571.80,2571.80,2571.80,0,2571.8,0,20240704,2571.80,2571.80,2571.80,2571.80,0,2571.8,0,20240705,2600.40,2600.40,2600.40,2600.40,0,2600.4,0,20240708,2566.60,2566.60,2566.60,2566.60,0,2566.6,0,20240709,2570.90,2570.90,2570.90,2570.90,0,2570.9,0,20240710,2582.20,2582.20,2582.20,2582.20,0,2582.2,0,20240711,2623.40,2623.40,2623.40,2623.40,0,2623.4,0,20240712,2621.00,2621.00,2621.00,2621.00,0,2621,0,20240715,2629.10,2629.10,2629.10,2629.10,0,2629.1,0,20240716,2669.20,2669.20,2669.20,2669.20,0,2669.2,0,20240717,2662.60,2662.60,2662.60,2662.60,0,2662.6,0,20240718,2659.30,2659.30,2659.30,2659.30,0,2659.3,0,20240719,2600.30,2600.30,2600.30,2600.30,0,2600.3,0,20240722,2593.70,2593.70,2593.70,2593.70,0,2593.7,0,20240723,2606.80,2606.80,2606.80,2606.80,0,2606.8,0,20240724,2615.00,2615.00,2615.00,2615.00,0,2615,0,20240725,2548.80,2548.80,2548.80,2548.80,0,2548.8,0,20240726,2577.20,2577.20,2577.20,2577.20,0,2577.2,0,20240729,2575.00,2575.00,2575.00,2575.00,0,2575,0,20240730,2602.20,2602.20,2602.20,2602.20,0,2602.2,0,20240731,2624.70,2624.70,2624.70,2624.70,0,2624.7,0,20240801,2628.60,2628.60,2628.60,2628.60,0,2628.6,0,20240802,2608.20,2608.20,2608.20,2608.20,0,2608.2,0,20240805,2575.10,2575.10,2575.10,2575.10,0,2575.1,0,20240806,2563.90,2563.90,2563.90,2563.90,0,2563.9,0,20240807,2565.30,2565.30,2565.30,2565.30,0,2565.3,0,20240808,2597.40,2597.40,2597.40,2597.40,0,2597.4,0,20240809,2608.40,2608.40,2608.40,2608.40,0,2608.4,0,20240812,2641.90,2641.90,2641.90,2641.90,0,2641.9,0,20240813,2644.40,2644.40,2644.40,2644.40,0,2644.4,0,20240814,2615.50,2615.50,2615.50,2615.50,0,2615.5,0,20240815,2630.60,2630.60,2630.60,2630.60,0,2630.6,0,20240816,2678.20,2678.20,2678.20,2678.20,0,2678.2,0,20240819,2682.10,2682.10,2682.10,2682.10,0,2682.1,0,20240820,2692.30,2692.30,2692.30,2692.30,0,2692.3,0,20240821,2688.20,2688.20,2688.20,2688.20,0,2688.2,0,20240822,2657.20,2657.20,2657.20,2657.20,0,2657.2,0,20240823,2686.50,2686.50,2686.50,2686.50,0,2686.5,0,20240826,2695.40,2695.40,2695.40,2695.40,0,2695.4,0,20240827,2692.80,2692.80,2692.80,2692.80,0,2692.8,0,20240828,2677.80,2677.80,2677.80,2677.80,0,2677.8,0,20240829,2699.60,2699.60,2699.60,2699.60,0,2699.6,0,20240830,2666.60,2666.60,2666.60,2666.60,0,2666.6,0,20240902,2666.60,2666.60,2666.60,2666.60,0,2666.6,0,20240903,2661.50,2661.50,2661.50,2661.50,0,2661.5,0,20240904,2662.10,2662.10,2662.10,2662.10,0,2662.1,0,20240905,2678.20,2678.20,2678.20,2678.20,0,2678.2,0,20240906,2656.00,2656.00,2656.00,2656.00,0,2656,0,20240909,2662.70,2662.70,2662.70,2662.70,0,2662.7,0,20240910,2672.40,2672.40,2672.40,2672.40,0,2672.4,0,20240911,2672.10,2672.10,2672.10,2672.10,0,2672.1,0,20240912,2711.80,2711.80,2711.80,2711.80,0,2711.8,0,20240913,2740.90,2740.90,2740.90,2740.90,0,2740.9,0,20240916,2737.30,2737.30,2737.30,2737.30,0,2737.3,0,20240917,2721.50,2721.50,2721.50,2721.50,0,2721.5,0,20240918,2728.50,2728.50,2728.50,2728.50,0,2728.5,0,20240919,2744.20,2744.20,2744.20,2744.20,0,2744.2,0,20240920,2777.40,2777.40,2777.40,2777.40,0,2777.4,0,20240923,2783.70,2783.70,2783.70,2783.70,0,2783.7,0,20240924,2805.00,2810.10,2805.00,2810.10,1,2805,1,20240925,2818.00,2818.00,2818.00,2818.00,0,2818,0,20240926,2829.90,2829.90,2829.90,2829.90,0,2829.9,0,20240927,2801.60,2801.60,2801.60,2801.60,0,2801.6,0,20240930,2784.90,2794.70,2784.90,2794.70,1,2784.9,1,20241001,2822.00,2827.00,2822.00,2827.00,1,2822,1,20241002,2807.90,2807.90,2807.90,2807.90,0,2807.9,0,20241003,2817.70,2817.70,2817.70,2817.70,0,2817.7,0,20241004,2799.90,2813.70,2799.90,2813.70,1,2799.9,1,20241007,2814.80,2814.80,2814.80,2814.80,0,2814.8,0,20241008,2780.00,2782.60,2780.00,2782.60,1,2780,1,20241009,2774.20,2774.20,2774.20,2774.20,0,2774.2,0,20241010,2792.10,2792.10,2789.20,2789.20,2,2792,2,20241011,2825.80,2825.80,2825.80,2825.80,0,2825.8,0,20241014,2816.20,2816.20,2816.20,2816.20,0,2816.2,0,20241015,2825.00,2829.00,2825.00,2829.00,1,2825,1,20241016,2842.20,2842.20,2842.20,2842.20,0,2842.2,0,20241017,2846.40,2858.70,2845.70,2858.70,3,2846.37,3,20241018,2885.60,2885.60,2882.90,2882.90,1,2885.6,1,20241021,2893.70,2893.70,2893.70,2893.70,0,2893.7,0,20241022,2915.80,2915.80,2915.80,2915.80,0,2915.8,0,20241023,2886.40,2886.40,2886.40,2886.40,0,2886.4,0,20241024,2905.70,2905.70,2905.70,2905.70,0,2905.7,0,20241025,2911.30,2911.30,2911.30,2911.30,0,2911.3,0,20241028,2914.90,2914.90,2914.90,2914.90,0,2914.9,0,20241029,2939.80,2939.80,2939.80,2939.80,0,2939.8,0,20241030,2963.00,2963.00,2963.00,2963.00,0,2963,0,20241031,2911.70,2911.70,2911.70,2911.70,0,2911.7,0,20241101,2910.60,2910.60,2910.60,2910.60,0,2910.6,0,20241104,2908.50,2908.50,2908.50,2908.50,0,2908.5,0,20241105,2915.00,2915.00,2915.00,2915.00,0,2915,0,20241106,2880.00,2880.00,2840.30,2840.30,2,2866.9,2,20241107,2820.90,2870.20,2820.90,2870.20,2,2844.45,2,20241108,2858.70,2859.00,2858.70,2859.00,1,2858.7,1,20241111,2791.80,2791.80,2779.90,2779.90,1,2791.8,1,20241112,2768.30,2768.30,2768.30,2768.30,0,2768.3,0,20241113,2745.90,2745.90,2745.90,2745.90,0,2745.9,0,20241114,2705.60,2731.50,2705.60,2731.50,10,2705.6,8,20241115,2728.70,2728.70,2728.70,2728.70,0,2728.7,0,20241118,2775.50,2775.50,2775.50,2775.50,0,2775.5,0,20241119,2791.70,2791.70,2791.70,2791.70,0,2791.7,0,20241120,2800.00,2814.50,2800.00,2814.50,1,2800,1,20241121,2825.10,2839.10,2825.10,2839.10,1,2825.1,1,20241122,2880.20,2880.20,2880.20,2880.20,0,2880.2,0,20241125,2782.30,2782.30,2782.30,2782.30,0,2782.3,0,20241126,2786.00,2786.00,2786.00,2786.00,0,2786,0,20241127,2802.70,2802.70,2802.70,2802.70,0,2802.7,0,20241128,2802.70,2802.70,2802.70,2802.70,0,2802.7,0,20241129,2819.30,2819.30,2819.30,2819.30,0,2819.3,0,20241202,2797.20,2797.20,2797.20,2797.20,0,2797.2,0,20241203,2805.70,2805.70,2805.70,2805.70,0,2805.7,0,20241204,2812.80,2812.80,2812.80,2812.80,0,2812.8,0,20241205,2783.90,2783.90,2783.90,2783.90,0,2783.9,0,20241206,2794.90,2794.90,2794.90,2794.90,0,2794.9,0,20241209,2825.50,2825.50,2825.50,2825.50,0,2825.5,0,20241210,2858.00,2858.00,2858.00,2858.00,0,2858,0,20241211,2893.60,2893.60,2893.60,2893.60,0,2893.6,0,20241212,2850.20,2850.20,2850.20,2850.20,0,2850.2,0,20241213,2817.70,2817.70,2817.70,2817.70,0,2817.7,0,20241216,2812.30,2812.30,2812.30,2812.30,0,2812.3,0,20241217,2805.30,2805.30,2805.30,2805.30,0,2805.3,0,20241218,2805.00,2805.00,2799.30,2799.30,1,2805,1,20241219,2757.60,2757.60,2757.60,2757.60,0,2757.6,0,20241220,2793.60,2793.60,2793.60,2793.60,0,2793.6,0,20241223,2778.20,2778.20,2778.20,2778.20,0,2778.2,0,20241224,2788.10,2788.10,2788.10,2788.10,0,2788.1,0,20241226,2809.10,2809.10,2809.10,2809.10,0,2809.1,0,20241227,2789.60,2789.60,2789.60,2789.60,0,2789.6,0,20241230,2780.40,2780.40,2780.40,2780.40,0,2780.4,0,20241231,2809.70,2809.70,2809.70,2809.70,0,2809.7,0,20250102,2824.30,2832.50,2824.30,2832.50,1,2824.3,1,20250103,2835.10,2835.10,2813.60,2813.60,1,2835.1,1,20250106,2795.00,2804.90,2795.00,2804.90,1,2795,1,20250107,2824.10,2824.10,2824.10,2824.10,0,2824.1,0,20250108,2833.30,2833.30,2833.30,2833.30,0,2833.3,0,20250109,2840.10,2851.70,2840.10,2851.70,2,2840.1,2,20250110,2876.70,2876.70,2876.70,2876.70,0,2876.7,0,20250113,2837.10,2837.10,2837.10,2837.10,0,2837.1,0,20250114,2843.80,2843.80,2843.80,2843.80,0,2843.8,0,20250115,2879.60,2879.60,2879.60,2879.60,0,2879.6,0,20250116,2914.80,2914.80,2914.80,2914.80,0,2914.8,0,20250117,2913.20,2913.20,2913.20,2913.20,0,2913.2,0,20250120,2913.20,2913.20,2913.20,2913.20,0,2913.2,0,20250121,2925.20,2925.20,2925.20,2925.20,0,2925.2,0,20250122,2937.70,2937.70,2937.70,2937.70,0,2937.7,0,20250123,2932.20,2932.20,2932.20,2932.20,0,2932.2,0,20250124,2948.00,2948.00,2948.00,2948.00,0,2948,0,20250127,2908.50,2908.50,2908.50,2908.50,0,2908.5,0,20250128,2942.40,2942.40,2942.40,2942.40,0,2942.4,0,20250129,2936.10,2936.10,2936.10,2936.10,0,2936.1,0,20250130,2987.50,2987.50,2987.50,2987.50,0,2987.5,0,20250131,2991.00,2996.00,2975.60,2975.60,2,2993.5,2,20250203,2961.00,2995.00,2958.90,2995.00,3,2964.93,3,20250204,3015.70,3015.70,3015.70,3015.70,0,3015.7,0,20250205,3034.10,3034.10,3034.10,3034.10,0,3034.1,0,20250206,3024.00,3024.00,3000.00,3021.40,3,3016,3,20250207,3029.80,3045.10,3026.70,3036.90,14,3031.7,14,20250210,3086.30,3086.30,3086.30,3086.30,0,3086.3,0,20250211,3082.40,3087.90,3082.40,3087.90,1,3082.4,1,20250212,3084.50,3084.50,3084.50,3084.50,0,3084.5,0,20250213,3099.20,3099.20,3099.20,3099.20,0,3099.2,0,20250214,3051.40,3051.40,3051.40,3051.40,0,3051.4,0,20250217,3045.30,3051.40,3045.30,3051.40,1,3045.3,1,20250218,3094.20,3099.80,3094.00,3099.80,2,3094.1,2,20250219,3082.80,3082.80,3082.80,3082.80,0,3082.8,0,20250220,3118.10,3118.10,3103.30,3103.30,1,3118.1,1,20250221,3099.60,3099.60,3099.60,3099.60,0,3099.6,0,20250224,3111.50,3111.50,3111.50,3111.50,0,3111.5,0,20250225,3068.00,3068.00,3066.50,3066.50,1,3068,1,20250226,3077.40,3078.90,3077.40,3078.90,4,3077.4,3,20250227,3043.90,3043.90,3043.90,3043.90,0,3043.9,0,20250228,3013.40,3013.40,2995.00,2995.00,3,3011.33,3,20250303,3030.00,3049.20,3030.00,3049.20,12,3038.2,9,20250304,3085.40,3085.40,3068.30,3068.30,1,3085.4,1,20250305,3072.90,3074.70,3072.20,3073.20,16,3073.11,15,20250306,3074.00,3074.00,3074.00,3074.00,0,3074,0,20250307,3060.20,3060.20,3060.20,3060.20,0,3060.2,0,20250310,3043.50,3043.50,3043.50,3043.50,0,3043.5,0,20250311,3066.00,3066.00,3066.00,3066.00,0,3066,0,20250312,3090.90,3090.90,3090.90,3090.90,0,3090.9,0,20250313,3103.50,3136.40,3103.50,3136.40,1,3103.5,1,20250314,3140.90,3145.60,3140.90,3145.60,2,3140.95,2,20250317,3141.00,3152.10,3141.00,3150.70,7,3149.57,7,20250318,3187.40,3188.70,3178.20,3188.70,6,3184.6,5,20250319,3189.60,3189.60,3189.60,3189.60,0,3189.6,0,20250320,3191.00,3191.00,3191.00,3191.00,0,3191,0,20250321,3150.00,3164.50,3150.00,3164.30,4,3160.88,2,20250324,3159.00,3159.00,3159.00,3159.00,0,3159,0,20250325,3166.50,3170.40,3166.50,3170.40,9,3167.28,6,20250326,3167.00,3167.00,3167.00,3167.00,0,3167,0,20250327,3204.60,3206.20,3204.60,3206.20,1,3204.6,1,20250328,3229.00,3230.40,3229.00,3230.40,1,3229,1,20250331,3238.80,3267.50,3238.80,3267.50,4,3248.05,4,20250401,3262.70,3263.00,3262.20,3263.00,3,3262.53,3,20250402,3300.30,3300.30,3285.00,3285.00,1,3300.3,1,20250403,3304.10,3304.10,3231.70,3239.00,12,3256.88,10,20250404,3174.70,3174.70,3148.00,3148.00,6,3159.05,5,20250407,3150.60,3156.80,3085.90,3085.90,3,3146.93,3,20250408,3144.20,3144.60,3105.20,3105.20,7,3129.8,5,20250409,3194.20,3207.90,3194.20,3200.40,6,3199.48,4,20250410,3300.90,3300.90,3300.90,3300.90,0,3300.9,0,20250411,3356.00,3373.90,3339.70,3373.90,3,3352.8,3,20250414,3364.40,3364.40,3340.00,3352.80,3,3351.2,3,20250415,3367.60,3367.60,3367.60,3367.60,0,3367.6,0,20250416,3416.20,3478.00,3416.20,3478.00,3,3432.33,3,20250417,3468.00,3470.10,3436.50,3459.40,11,3465.32,11,20250421,3518.80,3567.30,3518.70,3558.20,45,3554.13,39,20250422,3575.30,3626.90,3519.20,3553.30,41,3579.2,37,20250423,3485.30,3485.30,3405.00,3425.90,31,3418.45,31,20250424,3495.10,3495.80,3471.50,3482.50,5,3485.82,4,20250425,3435.60,3435.60,3417.70,3430.60,19,3429.81,15,20250428,3424.20,3485.80,3424.20,3480.70,5,3469.66,5,20250429,3466.00,3466.00,3466.00,3466.00,0,3466,0,20250430,3449.30,3449.30,3449.20,3449.20,4,3449.25,2,20250501,3376.30,3378.10,3347.00,3350.40,37,3367.38,35,20250502,3367.50,3398.00,3367.40,3372.50,19,3384.12,19,20250505,3408.30,3458.80,3392.40,3454.60,17,3435.08,16,20250506,3464.40,3557.60,3464.40,3557.60,6,3482.58,5,20250507,3525.20,3534.40,3501.10,3527.60,18,3525.23,14,20250508,3545.10,3551.70,3439.60,3439.60,31,3504.11,28,20250509,3447.40,3481.30,3447.40,3477.80,13,3476.76,10,20250512,3372.00,3375.90,3345.00,3360.60,26,3363.04,19,20250513,3388.80,3394.10,3382.00,3382.00,7,3388.03,7,20250514,3321.20,3321.80,3310.00,3320.20,11,3318.47,10,20250515,3300.00,3373.30,3300.00,3357.30,14,3347.66,13,20250516,3343.90,3343.90,3300.00,3316.80,25,3322.58,19,20250519,3343.00,3381.00,3343.00,3365.60,10,3363.46,10,20250520,3355.00,3418.70,3348.00,3415.70,17,3389.35,15,20250521,3449.00,3453.50,3445.70,3447.40,8,3448.88,8,20250522,3454.90,3475.70,3425.00,3428.90,65,3432.89,43,20250523,3429.10,3502.20,3429.10,3501.50,16,3466.77,16,20250527,3471.00,3484.90,3427.50,3436.80,61,3464.7,56,20250528,3439.00,3452.60,3428.60,3429.40,10,3440.89,10,20250529,3448.00,3448.30,3448.00,3448.30,5,3448.02,5,20250530,3440.20,3441.80,3419.60,3419.60,4,3430.43,4,20250602,3484.00,3507.00,3482.80,3503.50,14,3489,11,20250603,3492.00,3492.00,3478.10,3485.20,9,3485.11,9,20250604,3485.10,3506.70,3477.50,3506.70,11,3487.13,10,20250605,3510.50,3510.50,3470.00,3482.00,24,3489.56,24,20250606,3485.40,3498.00,3453.60,3453.60,13,3481.12,11,20250609,3461.90,3461.90,3461.50,3461.50,4,3461.78,4,20250610,3473.90,3473.90,3450.00,3450.30,6,3454.18,6,20250611,3457.00,3457.00,3450.00,3450.00,4,3451.9,4,20250612,3491.00,3522.00,3466.40,3507.90,13,3504.98,10,20250613,3559.30,3560.20,3559.30,3559.60,4,3559.65,4,20250616,3575.80,3575.80,3523.80,3523.80,8,3539.33,5,20250617,3508.50,3515.10,3505.50,3515.10,6,3507.55,5,20250618,3499.00,3520.80,3491.70,3515.10,19,3509.35,17,20250620,3499.50,3500.70,3473.60,3492.60,13,3489.23,13,20250623,3490.40,3501.20,3490.40,3501.20,1,3490.4,1,20250624,3467.40,3470.70,3440.20,3440.20,12,3460.55,8,20250625,3451.20,3456.00,3449.00,3449.70,12,3453.38,11,20250626,3454.00,3455.30,3452.60,3454.30,8,3453.61,7,20250627,3396.10,3400.00,3385.00,3392.70,9,3392.31,8,20250630,3377.10,3415.00,3377.00,3412.90,16,3400.12,15,20250701,3448.00,3465.90,3445.00,3455.50,46,3457.53,37,20250702,3461.00,3468.90,3454.30,3466.00,63,3463.17,44,20250703,3478.00,3478.00,3441.40,3450.30,57,3450.21,37,20250707,3450.80,3459.10,3425.30,3450.30,74,3448.72,45,20250708,3456.00,3456.00,3423.90,3424.50,51,3425.67,33,20250709,3419.20,3427.80,3399.00,3427.50,56,3425.34,37,20250710,3438.70,3438.70,3428.30,3432.10,11,3431.46,10,20250711,3440.00,3487.40,3440.00,3470.30,90,3466.87,45,20250714,3487.00,3494.00,3457.80,3466.80,64,3470.91,52,20250715,3477.60,3477.60,3437.30,3444.40,188,3457.37,136,20250716,3452.10,3489.50,3433.70,3466.10,76,3456.74,60,20250717,3427.20,3452.90,3422.80,3452.60,42,3443.1,38,20250718,3452.00,3471.50,3452.00,3465.50,26,3466.57,26,20250721,3465.50,3523.50,3465.50,3515.40,62,3502.48,44,20250722,3524.00,3558.00,3506.90,3555.20,66,3531.53,44,20250723,3554.00,3554.10,3504.10,3507.30,209,3533.24,138,20250724,3506.00,3506.00,3464.60,3483.90,148,3479.04,104,20250725,3459.70,3460.80,3434.30,3443.80,133,3446.74,88,20250728,3445.80,3449.80,3410.40,3418.00,232,3430.86,165,20250729,3415.60,3437.30,3415.60,3432.40,192,3428.48,156,20250730,3434.60,3438.60,3372.40,3403.70,181,3405.12,157,20250731,3389.70,3413.40,3387.10,3400.00,48,3397.46,48,20250801,3397.80,3458.50,3388.30,3449.90,44,3428.42,40,20250804,3457.70,3482.80,3456.90,3476.90,67,3473.32,61,20250805,3483.30,3487.70,3453.80,3485.70,45,3481,45,20250806,3484.50,3488.20,3463.20,3484.30,46,3480.62,43,20250807,3484.10,3518.10,3484.10,3503.30,57,3501.16,54,20250808,3559.30,3560.00,3504.00,3539.30,153,3527.89,109,20250811,3516.00,3516.10,3453.30,3457.50,290,3466.42,210,20250812,3458.50,3458.50,3433.80,3451.50,202,3449.42,176,20250813,3454.40,3469.60,3447.50,3460.80,136,3458.45,119,20250814,3470.60,3470.60,3428.00,3435.20,222,3445.15,163,20250815,3433.90,3442.60,3432.10,3434.00,78,3437.18,70,20250818,3429.30,3450.40,3420.00,3429.40,83,3436.19,73,20250819,3433.80,3439.60,3409.10,3409.30,128,3416.27,112,20250820,3409.50,3442.90,3404.00,3439.50,45,3419.85,40,20250821,3435.60,3441.20,3421.30,3433.00,53,3433.91,43,20250822,3429.70,3473.10,3415.20,3469.60,151,3453.06,102,20250825,3467.00,3472.60,3457.20,3469.00,43,3466.2,42,20250826,3455.60,3491.00,3450.00,3485.20,145,3472.92,112,20250827,3494.00,3504.00,3476.70,3501.90,62,3488.25,55,20250828,3502.50,3530.50,3497.50,3526.80,128,3513.94,86,20250829,3527.80,3573.00,3518.60,3569.60,83,3546.6,70,20250902,3563.60,3653.20,3560.70,3646.10,148,3612.9,131,20250903,3651.00,3694.20,3651.00,3689.90,97,3677.18,70,20250904,3672.00,3672.00,3631.30,3661.30,218,3652.7,137,20250905,3664.00,3709.30,3661.70,3707.50,159,3693.83,141,20250908,3687.30,3738.10,3678.40,3731.20,347,3722.46,261,20250909,3726.00,3765.40,3718.80,3735.90,148,3743.38,137,20250910,3716.80,3748.80,3710.40,3735.80,65,3733.77,58,20250911,3735.80,3740.00,3705.50,3726.80,167,3722.11,155,20250912,3726.40,3746.70,3723.60,3740.30,211,3739.78,181,20250915,3736.10,3777.80,3717.10,3773.10,195,3744.54,152,20250916,3770.10,3793.70,3768.40,3779.50,171,3780.34,132,20250917,3786.60,3795.90,3735.00,3772.50,317,3763.45,249,20250918,3750.50,3760.60,3720.90,3732.60,114,3740.98,106,20250919,3730.70,3773.20,3722.70,3760.50,122,3751.76,91,20250922,3776.00,3838.00,3776.00,3830.50,243,3813.72,180,20250923,3833.50,3878.00,3830.00,3872.30,287,3857.7,233,20250924,3853.00,3867.50,3807.90,3824.70,194,3840.89,165,20250925,3825.40,3847.70,3810.00,3828.80,239,3831.53,184,20250926,3839.90,3870.70,3823.00,3866.90,168,3845.9,147,20250929,3847.00,3920.50,3847.00,3914.60,208,3901.45,185,20250930,3917.10,3958.40,3880.50,3932.10,707,3926.8,390,20251001,3945.80,3982.30,3941.90,3956.90,391,3963.22,298,20251002,3952.00,3981.00,3903.00,3926.50,407,3932.98,286,20251003,3940.40,3973.90,3922.00,3967.60,260,3959.18,192,20251006,3970.00,4053.20,3970.00,4037.10,308,4019.94,227,20251007,4046.20,4075.50,4028.20,4066.60,316,4057.76,225,20251008,4075.00,4143.60,4069.80,4133.70,557,4122.66,462,20251009,4118.00,4140.00,4024.80,4034.00,496,4086.12,435,20251010,4057.50,4099.80,4023.00,4062.00,693,4068.92,635,20251013,4081.70,4198.90,4081.70,4196.40,429,4159.63,347,20251014,4196.40,4253.90,4169.80,4226.60,519,4214.9,451,20251015,4241.00,4297.70,4232.10,4265.50,736,4273.69,633,20251016,4290.40,4410.00,4280.50,4369.70,893,4338.2,790,20251017,4420.10,4455.00,4261.40,4276.80,1234,4381.15,959,20251020,4331.30,4460.00,4298.50,4425.40,670,4375.79,507,20251021,4436.70,4457.00,4156.10,4171.40,853,4298.23,765,20251022,4203.00,4232.50,4090.10,4128.00,632,4159.78,527,20251023,4174.90,4234.90,4155.90,4209.10,378,4201.32,301,20251024,4197.00,4220.70,4124.90,4201.30,320,4183.93,302,20251027,4159.70,4180.00,4049.00,4081.30,506,4114.31,410,20251028,4063.40,4093.00,3965.20,4043.70,411,4021.4,335,20251029,4007.90,4103.10,4007.90,4062.60,417,4068.7,345,20251030,4000.00,4103.30,3993.20,4079.00,302,4055.57,279,20251031,4103.00,4112.60,4045.60,4059.00,494,4079.03,347,20251103,4071.00,4104.70,4035.70,4077.20,261,4083.66,235,20251104,4069.40,4073.90,4000.00,4022.50,452,4031.32,425,20251105,4008.00,4061.40,4003.00,4055.70,336,4045.38,290,20251106,4041.60,4091.00,4036.90,4053.60,362,4061.73,288,20251107,4070.00,4097.00,4055.50,4072.80,152,4072.3,146,20251110,4080.00,4187.70,4080.00,4186.50,430,4150.02,357,20251111,4187.70,4218.30,4167.90,4180.90,513,4195.63,334,20251112,4205.20,4281.00,4173.80,4279.20,651,4230.8,429,20251113,4267.80,4313.80,4219.00,4261.70,514,4272.69,309,20251114,4248.90,4280.80,4100.00,4159.00,824,4194.06,571,20251117,4146.40,4170.00,4072.20,4139.50,631,4134.74,438,20251118,4120.00,4147.20,4066.20,4131.20,852,4110.83,562,20251119,4133.50,4199.00,4121.20,4148.30,944,4160.06,746,20251120,4144.30,4172.00,4095.00,4125.30,728,4136.93,566,20251121,4139.40,4165.00,4084.00,4144.90,1045,4121.76,861,20251124,4132.70,4201.20,4102.60,4159.60,563,4139.24,518,20251125,4197.50,4221.80,4173.20,4206.50,1587,4199.47,1261,20251126,4195.90,4238.00,4194.90,4231.80,1559,4223.79,1132,20251128,4228.20,4291.40,4204.20,4284.80,2456,4238.97,1809,20251201,4289.40,4330.00,4271.40,4305.70,2807,4301.96,2181,20251202,4294.20,4296.70,4225.00,4251.50,3074,4263.78,2001,20251203,4269.60,4303.50,4257.20,4263.20,2165,4277.04,1641,20251204,4265.60,4281.20,4234.40,4273.40,1530,4260.23,1221,20251205,4269.00,4320.90,4253.70,4273.80,1674,4283.84,1362,20251208,4260.70,4277.70,4235.00,4248.60,1318,4257.26,1116,20251209,4249.80,4282.20,4229.10,4267.40,1653,4259.58,1276,20251210,4267.10,4298.50,4239.10,4255.60,2052,4265.46,1387,20251211,4291.40,4348.20,4262.40,4344.40,3519,4306.8,2406,20251212,4337.90,4419.00,4317.40,4360.00,3465,4370.53,2394,20251215,4360.70,4415.00,4348.80,4367.00,2600,4384.1,1804,20251216,4367.00,4399.00,4329.70,4363.90,2347,4370.23,1903,20251217,4366.80,4414.40,4366.10,4405.50,2295,4394.4,1811,20251218,4400.50,4440.40,4369.60,4395.90,2556,4401.31,1885,20251219,4397.60,4419.90,4368.30,4418.80,1786,4399.93,1348,20251222,4401.40,4516.40,4400.20,4501.60,4525,4482.69,2829,20251223,4512.40,4563.20,4489.70,4538.10,5023,4534.8,3547,20251224,4550.00,4587.00,4506.90,4535.10,2746,4551,2091,20251226,4548.60,4616.50,4548.60,4585.70,5113,4584.63,3228,20251229,4601.90,4609.80,4348.60,4375.70,7547,4475.59,5702,20251230,4382.10,4452.00,4372.30,4418.90,2972,4415.92,2402,20251231,4388.40,4416.30,4317.60,4373.90,3816,4369.44,2996,20260102,4377.40,4446.70,4352.30,4361.90,2953,4406.53,2238,20260105,4395.90,4500.00,4387.80,4484.10,4680,4468.16,3364,20260106,4493.20,4541.00,4471.90,4529.10,4077,4512.65,2846,20260107,4540.70,4545.00,4465.80,4495.30,4192,4497.08,3095,20260108,4503.70,4521.50,4447.80,4493.90,3968,4478.53,3153,20260109,4519.80,4560.20,4496.60,4534.70,3576,4531.1,2726,20260112,4561.70,4674.60,4558.70,4649.20,7296,4636.91,5657,20260113,4639.00,4678.00,4611.00,4633.50,6271,4639.96,5059,20260114,4632.30,4685.00,4632.00,4670.10,7857,4665.94,5848,20260115,4670.70,4671.40,4618.00,4657.70,8713,4642.85,6304,20260116,4657.70,4658.80,4573.30,4629.40,10012,4628.47,7012,20260120,4661.00,4806.00,4659.50,4800.80,20405,4752.58,14735,20260121,4804.90,4925.10,4793.30,4873.10,28781,4874.98,20258,20260122,4871.00,4980.10,4807.90,4949.40,29392,4890.16,19185,20260123,4977.80,5028.30,4937.70,5017.00,30608,4994.88,21675,20260126,5042.80,5145.20,5022.90,5122.30,83726,5104.05,53274,20260127,5043.90,5229.80,5043.90,5120.60,91940,5125.9,59178,20260128,5218.60,5452.80,5193.60,5340.20,335433,5308.43,244435,20260129,5449.90,5626.80,5126.00,5354.80,535273,5453.48,389653,20260130,5410.00,5480.20,4700.40,4745.10,471965,5063.64,347329,20260202,4816.00,4905.60,4423.20,4652.60,360736,4700.51,278042,20260203,4691.00,5018.10,4690.20,4935.00,244229,4923.61,185601,20260204,4966.10,5113.90,4867.70,4950.80,227117,5009.67,168796,20260205,4986.60,5045.00,4779.60,4889.50,220040,4890.03,168030,20260206,4800.00,4995.60,4670.00,4979.80,162332,4877.87,122381,20260209,5003.60,5111.10,4988.60,5079.40,113012,5053.36,85188,20260210,5084.30,5102.70,5011.00,5031.00,97289,5056.95,73185,20260211,5048.00,5144.50,5036.30,5098.50,116736,5092.54,85306,20260212,5107.30,5122.80,4900.00,4948.40,147097,5017.32,109043,20260213,4950.00,5069.10,4907.10,5046.30,112783,5008.52,84368,20260217,5050.00,5074.40,4854.20,4905.90,156491,4944.22,115073,20260218,4898.50,5031.90,4868.50,5009.50,89152,4977.6,64870,20260219,4993.70,5042.80,4971.50,4997.40,80714,5013.01,59273,20260220,5015.00,5131.00,4999.30,5080.90,122265,5060.54,89502,20260223,5128.80,5257.30,5120.40,5225.60,129801,5194.74,96088,20260224,5247.50,5269.40,5109.50,5176.30,133586,5178.29,97377,20260225,5160.00,5237.30,5135.90,5226.20,102208,5202.93,75253,20260226,5175.30,5221.90,5144.80,5194.20,118374,5192.79,89293,20260227,5201.90,5299.00,5182.90,5247.90,136922,5234.26,100031,20260302,5360.00,5434.10,5272.90,5311.60,210669,5365.14,157496,20260303,5335.70,5394.20,5005.00,5123.70,244893,5183.42,184459,20260304,5110.00,5218.30,5092.80,5134.70,126108,5169.17,95127,20260305,5155.70,5204.30,5058.90,5078.70,132000,5128.75,98317,20260306,5099.70,5185.00,5071.00,5158.70,122732,5129.68,93148,20260309,5186.70,5210.40,5021.20,5103.70,143108,5104.82,108666,20260310,5152.40,5248.70,5127.10,5242.10,133668,5201.88,98283,20260311,5194.00,5230.90,5155.90,5179.10,99576,5192.64,75064,20260312,5185.40,5197.80,5058.20,5125.80,119006,5148.38,88714,20260313,5084.00,5132.40,5014.10,5061.70,136317,5080.18,99283,20260316,5010.00,5044.50,4970.10,5002.20,140663,5008.99,104310,20260317,5012.20,5049.40,4977.00,5008.20,97680,5015.48,72153,20260318,5010.60,5022.00,4809.30,4896.20,173157,4916.97,126932,20260319,4828.00,4868.70,4505.00,4605.70,256126,4660.11,192578,20260320,4653.90,4738.20,4478.40,4574.90,191786,4624.05,143871,20260323,4450.00,4537.10,4100.00,4407.30,336923,4355.47,257584,20260324,4414.80,4485.60,4306.30,4402.00,170808,4395.87,132601,20260325,4473.50,4601.00,4458.20,4552.30,182101,4552.24,133335,20260326,4508.90,4541.60,4348.20,4376.30,166626,4437.09,128484,20260327,4371.80,4552.10,4369.10,4492.50,21186,4442.74,15226,20260330,4482.80,4579.10,4413.40,4526.00,3547,4517.34,2623,20260331,4510.00,4684.10,4508.60,4647.60,867,4609,442,20260401,4668.40,4789.10,4668.00,4783.20,516,4734.7,280,20260402,4764.90,4784.40,4558.90,4651.50,380,4647.67,262,20260406,4656.10,4689.60,4605.00,4656.80,88,4675.65,75,20260407,4624.90,4676.30,4608.00,4657.10,154,4651.33,90,20260408,4760.00,4851.00,4738.80,4749.50,369,4797.39,240,20260409,4711.00,4711.10,4711.00,4711.00,6,4711.02,5
[2026-04-09 15:10:13] INFO     | trading.broker         | Fetched 472 historical bars for GCJ6
[2026-04-09 15:10:13] INFO     | trading.strategy.mgc_pullback | Last bar  date=2026-04-09  close=4711.00  SMA200=4208.69  SMA37=4899.57  RSI2=53.36
[2026-04-09 15:10:13] DEBUG    | ib_insync.client       | >>> 9,8,5,0,MGC,FUT,202604,0.0,,,COMEX,,USD,,,0,,,
[2026-04-09 15:10:14] DEBUG    | ib_insync.client       | <<< 10,5,MGC,FUT,20260428 13:30:00 US/Eastern,0,,COMEX,USD,MGCJ6,MGC,MGC,706903676,0.1,10,ACTIVETIM,AD,ADJUST,ALERT,ALGO,ALLOC,AVGCOST,BASKET,BENCHPX,COND,CONDORDER,DAY,DEACT,DEACTDIS,DEACTEOD,GAT,GTC,GTD,GTT,HID,ICE,IOC,LIT,LMT,LTH,MIT,MKT,MTL,NGCOMB,NONALGO,OCA,PEGBENCH,SCALE,SCALERST,SIZECHK,SNAPMID,SNAPMKT,SNAPREL,STP,STPLMT,TRAIL,TRAILLIT,TRAILLMT,TRAILMIT,WHATIF,COMEX,1,79702479,E-Micro Gold ,,202604,,,,US/Eastern,20260408:1800-20260409:1700;20260409:1800-20260410:1700;20260411:CLOSED;20260412:1800-20260413:1700;20260413:1800-20260414:1700;20260414:1800-20260415:1700,20260409:0930-20260409:1700;20260410:0930-20260410:1700;20260411:CLOSED;20260412:CLOSED;20260413:0930-20260413:1700;20260414:0930-20260414:1700;20260414:1800-20260415:1700,,,0,2147483647,MGC,IND,65,20260428,,1,1,1
[2026-04-09 15:10:14] DEBUG    | ib_insync.client       | <<< 52,1,5
[2026-04-09 15:10:14] INFO     | trading.broker         | Qualified contract: MGCJ6  conId=706903676
[2026-04-09 15:10:14] INFO     | trading.strategy.mgc_pullback | States  uptrend=True  pullback=False  exit_up=False  pos=0
[2026-04-09 15:10:14] INFO     | trading.main           | [DRY RUN] Signal: ENTRY_LONG | Reason: UpTrend & Pullback (RSI2 < 30)
[2026-04-09 15:10:14] INFO     | ib_insync.ib           | Disconnecting from 127.0.0.1:4002, 310 B sent in 11 messages, 42.2 kB received in 314 messages, session time 2.07 s.
[2026-04-09 15:10:14] INFO     | ib_insync.client       | Disconnecting
[2026-04-09 15:10:14] INFO     | trading.broker         | Disconnected from IBKR
[2026-04-09 15:10:14] INFO     | trading.db             | Database connection closed
[2026-04-09 15:10:14] INFO     | trading.main           | ALL STRATEGIES COMPLETE
[2026-04-09 15:19:38] DEBUG    | asyncio                | Using selector: KqueueSelector
[2026-04-09 15:19:38] INFO     | trading.main           | ============================================================
[2026-04-09 15:19:38] INFO     | trading.main           |   TRADING FRAMEWORK – STARTING
[2026-04-09 15:19:38] INFO     | trading.main           | ============================================================
[2026-04-09 15:19:38] INFO     | trading.db             | Database ready at /Users/rishabhmaniyar/Downloads/trading_framework/data/trading.db
[2026-04-09 15:19:39] INFO     | trading.broker         | Connecting to IBKR 127.0.0.1:4002 (attempt 1/3)
[2026-04-09 15:19:39] INFO     | ib_insync.client       | Connecting to 127.0.0.1:4002 with clientId 27...
[2026-04-09 15:19:39] INFO     | ib_insync.client       | Connected
[2026-04-09 15:19:39] DEBUG    | ib_insync.client       | <<< 176,20260409 15:19:38 India Standard Time
[2026-04-09 15:19:39] DEBUG    | ib_insync.client       | >>> 71,2,27,
[2026-04-09 15:19:39] INFO     | ib_insync.client       | Logged on to server version 176
[2026-04-09 15:19:39] DEBUG    | ib_insync.client       | <<< 15,1,DUM165609
[2026-04-09 15:19:39] DEBUG    | ib_insync.client       | <<< 9,1,1
[2026-04-09 15:19:39] INFO     | ib_insync.client       | API connection ready
[2026-04-09 15:19:39] DEBUG    | ib_insync.client       | >>> 61,1
[2026-04-09 15:19:39] DEBUG    | ib_insync.client       | >>> 5,1
[2026-04-09 15:19:39] DEBUG    | ib_insync.client       | >>> 99,0
[2026-04-09 15:19:39] DEBUG    | ib_insync.client       | >>> 6,2,1,DUM165609
[2026-04-09 15:19:39] DEBUG    | ib_insync.client       | >>> 76,1,1,DUM165609,,0
[2026-04-09 15:19:39] DEBUG    | ib_insync.client       | <<< 4,2,-1,2104,Market data farm connection is OK:usfarm,
[2026-04-09 15:19:39] INFO     | ib_insync.wrapper      | Warning 2104, reqId -1: Market data farm connection is OK:usfarm
[2026-04-09 15:19:39] DEBUG    | ib_insync.client       | <<< 4,2,-1,2106,HMDS data farm connection is OK:ushmds,
[2026-04-09 15:19:39] INFO     | ib_insync.wrapper      | Warning 2106, reqId -1: HMDS data farm connection is OK:ushmds
[2026-04-09 15:19:39] DEBUG    | ib_insync.client       | <<< 4,2,-1,2158,Sec-def data farm connection is OK:secdefil,
[2026-04-09 15:19:39] INFO     | ib_insync.wrapper      | Warning 2158, reqId -1: Sec-def data farm connection is OK:secdefil
[2026-04-09 15:19:39] DEBUG    | ib_insync.client       | <<< 61,3,DUM165609,770561194,MES,FUT,20260618,0.0,,5,,USD,MESM6,MES,3,33228.12
[2026-04-09 15:19:39] INFO     | ib_insync.wrapper      | position: Position(account='DUM165609', contract=Future(conId=770561194, symbol='MES', lastTradeDateOrContractMonth='20260618', multiplier='5', currency='USD', localSymbol='MESM6', tradingClass='MES'), position=3.0, avgCost=33228.12)
[2026-04-09 15:19:39] DEBUG    | ib_insync.client       | <<< 62,1
[2026-04-09 15:19:39] DEBUG    | ib_insync.client       | <<< 53,1
[2026-04-09 15:19:39] DEBUG    | ib_insync.client       | <<< 102
[2026-04-09 15:19:39] DEBUG    | ib_insync.client       | <<< 6,2,AccountCode,DUM165609,,DUM165609
[2026-04-09 15:19:39] DEBUG    | ib_insync.client       | <<< 6,2,AccountOrGroup,DUM165609,BASE,DUM165609
[2026-04-09 15:19:39] DEBUG    | ib_insync.client       | <<< 6,2,AccountOrGroup,DUM165609,USD,DUM165609
[2026-04-09 15:19:39] DEBUG    | ib_insync.client       | <<< 6,2,AccountReady,true,,DUM165609
[2026-04-09 15:19:39] DEBUG    | ib_insync.client       | <<< 6,2,AccountType,CORPORATION,,DUM165609
[2026-04-09 15:19:39] DEBUG    | ib_insync.client       | <<< 6,2,AccruedCash,141.71,BASE,DUM165609
[2026-04-09 15:19:39] DEBUG    | ib_insync.client       | <<< 6,2,AccruedCash,141.71,USD,DUM165609
[2026-04-09 15:19:39] DEBUG    | ib_insync.client       | <<< 6,2,AccruedCash-P,0.00,USD,DUM165609
[2026-04-09 15:19:39] DEBUG    | ib_insync.client       | <<< 6,2,AccruedCash-S,141.71,USD,DUM165609
[2026-04-09 15:19:39] DEBUG    | ib_insync.client       | <<< 6,2,AccruedDividend,0.00,USD,DUM165609
[2026-04-09 15:19:39] DEBUG    | ib_insync.client       | <<< 6,2,AccruedDividend-P,0.00,USD,DUM165609
[2026-04-09 15:19:39] DEBUG    | ib_insync.client       | <<< 6,2,AccruedDividend-S,0.00,USD,DUM165609
[2026-04-09 15:19:39] DEBUG    | ib_insync.client       | <<< 6,2,AvailableFunds,235822.41,USD,DUM165609
[2026-04-09 15:19:39] DEBUG    | ib_insync.client       | <<< 6,2,AvailableFunds-P,0.00,USD,DUM165609
[2026-04-09 15:19:39] DEBUG    | ib_insync.client       | <<< 6,2,AvailableFunds-S,235822.41,USD,DUM165609
[2026-04-09 15:19:39] DEBUG    | ib_insync.client       | <<< 6,2,Billable,0.00,USD,DUM165609
[2026-04-09 15:19:39] DEBUG    | ib_insync.client       | <<< 6,2,Billable-P,0.00,USD,DUM165609
[2026-04-09 15:19:39] DEBUG    | ib_insync.client       | <<< 6,2,Billable-S,0.00,USD,DUM165609
[2026-04-09 15:19:39] DEBUG    | ib_insync.client       | <<< 6,2,BuyingPower,1572149.42,USD,DUM165609
[2026-04-09 15:19:39] DEBUG    | ib_insync.client       | <<< 6,2,CashBalance,244861.04,BASE,DUM165609
[2026-04-09 15:19:39] DEBUG    | ib_insync.client       | <<< 6,2,CashBalance,244861.04,USD,DUM165609
[2026-04-09 15:19:39] DEBUG    | ib_insync.client       | <<< 6,2,ColumnPrio-P,5,,DUM165609
[2026-04-09 15:19:39] DEBUG    | ib_insync.client       | <<< 6,2,ColumnPrio-S,1,,DUM165609
[2026-04-09 15:19:39] DEBUG    | ib_insync.client       | <<< 6,2,CorporateBondValue,0.00,BASE,DUM165609
[2026-04-09 15:19:39] DEBUG    | ib_insync.client       | <<< 6,2,CorporateBondValue,0.00,USD,DUM165609
[2026-04-09 15:19:39] DEBUG    | ib_insync.client       | <<< 6,2,Cryptocurrency,0.00,BASE,DUM165609
[2026-04-09 15:19:39] DEBUG    | ib_insync.client       | <<< 6,2,Cryptocurrency,0.00,USD,DUM165609
[2026-04-09 15:19:39] DEBUG    | ib_insync.client       | <<< 6,2,Currency,BASE,BASE,DUM165609
[2026-04-09 15:19:39] DEBUG    | ib_insync.client       | <<< 6,2,Currency,USD,USD,DUM165609
[2026-04-09 15:19:39] DEBUG    | ib_insync.client       | <<< 6,2,Cushion,0.970416,,DUM165609
[2026-04-09 15:19:39] DEBUG    | ib_insync.client       | <<< 6,2,EquityWithLoanValue,245002.75,USD,DUM165609
[2026-04-09 15:19:39] DEBUG    | ib_insync.client       | <<< 6,2,EquityWithLoanValue-P,0.00,USD,DUM165609
[2026-04-09 15:19:39] DEBUG    | ib_insync.client       | <<< 6,2,EquityWithLoanValue-S,245002.75,USD,DUM165609
[2026-04-09 15:19:39] DEBUG    | ib_insync.client       | <<< 6,2,ExcessLiquidity,237754.57,USD,DUM165609
[2026-04-09 15:19:39] DEBUG    | ib_insync.client       | <<< 6,2,ExcessLiquidity-P,0.00,USD,DUM165609
[2026-04-09 15:19:39] DEBUG    | ib_insync.client       | <<< 6,2,ExcessLiquidity-S,237754.57,USD,DUM165609
[2026-04-09 15:19:39] DEBUG    | ib_insync.client       | <<< 6,2,ExchangeRate,1.00,BASE,DUM165609
[2026-04-09 15:19:39] DEBUG    | ib_insync.client       | <<< 6,2,ExchangeRate,1.00,USD,DUM165609
[2026-04-09 15:19:39] DEBUG    | ib_insync.client       | <<< 6,2,FullAvailableFunds,235822.41,USD,DUM165609
[2026-04-09 15:19:39] DEBUG    | ib_insync.client       | <<< 6,2,FullAvailableFunds-P,0.00,USD,DUM165609
[2026-04-09 15:19:39] DEBUG    | ib_insync.client       | <<< 6,2,FullAvailableFunds-S,235822.41,USD,DUM165609
[2026-04-09 15:19:39] DEBUG    | ib_insync.client       | <<< 6,2,FullExcessLiquidity,237754.57,USD,DUM165609
[2026-04-09 15:19:39] DEBUG    | ib_insync.client       | <<< 6,2,FullExcessLiquidity-P,0.00,USD,DUM165609
[2026-04-09 15:19:39] DEBUG    | ib_insync.client       | <<< 6,2,FullExcessLiquidity-S,237754.57,USD,DUM165609
[2026-04-09 15:19:39] DEBUG    | ib_insync.client       | <<< 6,2,FullInitMarginReq,9180.34,USD,DUM165609
[2026-04-09 15:19:39] DEBUG    | ib_insync.client       | <<< 6,2,FullInitMarginReq-P,0.00,USD,DUM165609
[2026-04-09 15:19:39] DEBUG    | ib_insync.client       | <<< 6,2,FullInitMarginReq-S,9180.34,USD,DUM165609
[2026-04-09 15:19:39] DEBUG    | ib_insync.client       | <<< 6,2,FullMaintMarginReq,7248.18,USD,DUM165609
[2026-04-09 15:19:39] DEBUG    | ib_insync.client       | <<< 6,2,FullMaintMarginReq-P,0.00,USD,DUM165609
[2026-04-09 15:19:39] DEBUG    | ib_insync.client       | <<< 6,2,FullMaintMarginReq-S,7248.18,USD,DUM165609
[2026-04-09 15:19:39] DEBUG    | ib_insync.client       | <<< 6,2,FundValue,0.00,BASE,DUM165609
[2026-04-09 15:19:39] DEBUG    | ib_insync.client       | <<< 6,2,FundValue,0.00,USD,DUM165609
[2026-04-09 15:19:39] DEBUG    | ib_insync.client       | <<< 6,2,FutureOptionValue,0.00,BASE,DUM165609
[2026-04-09 15:19:39] DEBUG    | ib_insync.client       | <<< 6,2,FutureOptionValue,0.00,USD,DUM165609
[2026-04-09 15:19:39] DEBUG    | ib_insync.client       | <<< 6,2,FuturesPNL,-352.50,BASE,DUM165609
[2026-04-09 15:19:39] DEBUG    | ib_insync.client       | <<< 6,2,FuturesPNL,-352.50,USD,DUM165609
[2026-04-09 15:19:39] DEBUG    | ib_insync.client       | <<< 6,2,FxCashBalance,0.00,BASE,DUM165609
[2026-04-09 15:19:39] DEBUG    | ib_insync.client       | <<< 6,2,FxCashBalance,0.00,USD,DUM165609
[2026-04-09 15:19:39] DEBUG    | ib_insync.client       | <<< 6,2,GrossPositionValue,0.00,USD,DUM165609
[2026-04-09 15:19:39] DEBUG    | ib_insync.client       | <<< 6,2,GrossPositionValue-S,0.00,USD,DUM165609
[2026-04-09 15:19:39] DEBUG    | ib_insync.client       | <<< 6,2,Guarantee,0.00,USD,DUM165609
[2026-04-09 15:19:39] DEBUG    | ib_insync.client       | <<< 6,2,Guarantee-P,0.00,USD,DUM165609
[2026-04-09 15:19:39] DEBUG    | ib_insync.client       | <<< 6,2,Guarantee-S,0.00,USD,DUM165609
[2026-04-09 15:19:39] DEBUG    | ib_insync.client       | <<< 6,2,IncentiveCoupons,0.00,USD,DUM165609
[2026-04-09 15:19:39] DEBUG    | ib_insync.client       | <<< 6,2,IncentiveCoupons-P,0.00,USD,DUM165609
[2026-04-09 15:19:39] DEBUG    | ib_insync.client       | <<< 6,2,IncentiveCoupons-S,0.00,USD,DUM165609
[2026-04-09 15:19:39] DEBUG    | ib_insync.client       | <<< 6,2,IndianStockHaircut,0.00,USD,DUM165609
[2026-04-09 15:19:39] DEBUG    | ib_insync.client       | <<< 6,2,IndianStockHaircut-P,0.00,USD,DUM165609
[2026-04-09 15:19:39] DEBUG    | ib_insync.client       | <<< 6,2,IndianStockHaircut-S,0.00,USD,DUM165609
[2026-04-09 15:19:39] DEBUG    | ib_insync.client       | <<< 6,2,InitMarginReq,9180.34,USD,DUM165609
[2026-04-09 15:19:39] DEBUG    | ib_insync.client       | <<< 6,2,InitMarginReq-P,0.00,USD,DUM165609
[2026-04-09 15:19:39] DEBUG    | ib_insync.client       | <<< 6,2,InitMarginReq-S,9180.34,USD,DUM165609
[2026-04-09 15:19:39] DEBUG    | ib_insync.client       | <<< 6,2,IssuerOptionValue,0.00,BASE,DUM165609
[2026-04-09 15:19:39] DEBUG    | ib_insync.client       | <<< 6,2,IssuerOptionValue,0.00,USD,DUM165609
[2026-04-09 15:19:39] DEBUG    | ib_insync.client       | <<< 6,2,Leverage-S,0.00,,DUM165609
[2026-04-09 15:19:39] DEBUG    | ib_insync.client       | <<< 6,2,LookAheadAvailableFunds,238576.51,USD,DUM165609
[2026-04-09 15:19:39] DEBUG    | ib_insync.client       | <<< 6,2,LookAheadAvailableFunds-P,0.00,USD,DUM165609
[2026-04-09 15:19:39] DEBUG    | ib_insync.client       | <<< 6,2,LookAheadAvailableFunds-S,238576.51,USD,DUM165609
[2026-04-09 15:19:39] DEBUG    | ib_insync.client       | <<< 6,2,LookAheadExcessLiquidity,239929.02,USD,DUM165609
[2026-04-09 15:19:39] DEBUG    | ib_insync.client       | <<< 6,2,LookAheadExcessLiquidity-P,0.00,USD,DUM165609
[2026-04-09 15:19:39] DEBUG    | ib_insync.client       | <<< 6,2,LookAheadExcessLiquidity-S,239929.02,USD,DUM165609
[2026-04-09 15:19:39] DEBUG    | ib_insync.client       | <<< 6,2,LookAheadInitMarginReq,6426.24,USD,DUM165609
[2026-04-09 15:19:39] DEBUG    | ib_insync.client       | <<< 6,2,LookAheadInitMarginReq-P,0.00,USD,DUM165609
[2026-04-09 15:19:39] DEBUG    | ib_insync.client       | <<< 6,2,LookAheadInitMarginReq-S,6426.24,USD,DUM165609
[2026-04-09 15:19:39] DEBUG    | ib_insync.client       | <<< 6,2,LookAheadMaintMarginReq,5073.73,USD,DUM165609
[2026-04-09 15:19:39] DEBUG    | ib_insync.client       | <<< 6,2,LookAheadMaintMarginReq-P,0.00,USD,DUM165609
[2026-04-09 15:19:39] DEBUG    | ib_insync.client       | <<< 6,2,LookAheadMaintMarginReq-S,5073.73,USD,DUM165609
[2026-04-09 15:19:39] DEBUG    | ib_insync.client       | <<< 6,2,LookAheadNextChange,1775741400,,DUM165609
[2026-04-09 15:19:39] DEBUG    | ib_insync.client       | <<< 6,2,MaintMarginReq,7248.18,USD,DUM165609
[2026-04-09 15:19:39] DEBUG    | ib_insync.client       | <<< 6,2,MaintMarginReq-P,0.00,USD,DUM165609
[2026-04-09 15:19:39] DEBUG    | ib_insync.client       | <<< 6,2,MaintMarginReq-S,7248.18,USD,DUM165609
[2026-04-09 15:19:39] DEBUG    | ib_insync.client       | <<< 6,2,MoneyMarketFundValue,0.00,BASE,DUM165609
[2026-04-09 15:19:39] DEBUG    | ib_insync.client       | <<< 6,2,MoneyMarketFundValue,0.00,USD,DUM165609
[2026-04-09 15:19:39] DEBUG    | ib_insync.client       | <<< 6,2,MutualFundValue,0.00,BASE,DUM165609
[2026-04-09 15:19:39] DEBUG    | ib_insync.client       | <<< 6,2,MutualFundValue,0.00,USD,DUM165609
[2026-04-09 15:19:39] DEBUG    | ib_insync.client       | <<< 6,2,NLVAndMarginInReview,false,,DUM165609
[2026-04-09 15:19:39] DEBUG    | ib_insync.client       | <<< 6,2,NetDividend,0.00,BASE,DUM165609
[2026-04-09 15:19:39] DEBUG    | ib_insync.client       | <<< 6,2,NetDividend,0.00,USD,DUM165609
[2026-04-09 15:19:39] DEBUG    | ib_insync.client       | <<< 6,2,NetLiquidation,245002.75,USD,DUM165609
[2026-04-09 15:19:39] DEBUG    | ib_insync.client       | <<< 6,2,NetLiquidation-P,0.00,USD,DUM165609
[2026-04-09 15:19:39] DEBUG    | ib_insync.client       | <<< 6,2,NetLiquidation-S,245002.75,USD,DUM165609
[2026-04-09 15:19:39] DEBUG    | ib_insync.client       | <<< 6,2,NetLiquidationByCurrency,245002.75,BASE,DUM165609
[2026-04-09 15:19:39] DEBUG    | ib_insync.client       | <<< 6,2,NetLiquidationByCurrency,245002.75,USD,DUM165609
[2026-04-09 15:19:39] DEBUG    | ib_insync.client       | <<< 6,2,NetLiquidationUncertainty,0.00,USD,DUM165609
[2026-04-09 15:19:39] DEBUG    | ib_insync.client       | <<< 6,2,OptionMarketValue,0.00,BASE,DUM165609
[2026-04-09 15:19:39] DEBUG    | ib_insync.client       | <<< 6,2,OptionMarketValue,0.00,USD,DUM165609
[2026-04-09 15:19:39] DEBUG    | ib_insync.client       | <<< 6,2,PASharesValue,0.00,USD,DUM165609
[2026-04-09 15:19:39] DEBUG    | ib_insync.client       | <<< 6,2,PASharesValue-P,0.00,USD,DUM165609
[2026-04-09 15:19:39] DEBUG    | ib_insync.client       | <<< 6,2,PASharesValue-S,0.00,USD,DUM165609
[2026-04-09 15:19:39] DEBUG    | ib_insync.client       | <<< 6,2,PhysicalCertificateValue,0.00,USD,DUM165609
[2026-04-09 15:19:39] DEBUG    | ib_insync.client       | <<< 6,2,PhysicalCertificateValue-P,0.00,USD,DUM165609
[2026-04-09 15:19:39] DEBUG    | ib_insync.client       | <<< 6,2,PhysicalCertificateValue-S,0.00,USD,DUM165609
[2026-04-09 15:19:39] DEBUG    | ib_insync.client       | <<< 6,2,PostExpirationExcess,0.00,USD,DUM165609
[2026-04-09 15:19:39] DEBUG    | ib_insync.client       | <<< 6,2,PostExpirationExcess-P,0.00,USD,DUM165609
[2026-04-09 15:19:39] DEBUG    | ib_insync.client       | <<< 6,2,PostExpirationExcess-S,0.00,USD,DUM165609
[2026-04-09 15:19:39] DEBUG    | ib_insync.client       | <<< 6,2,PostExpirationMargin,0.00,USD,DUM165609
[2026-04-09 15:19:39] DEBUG    | ib_insync.client       | <<< 6,2,PostExpirationMargin-P,0.00,USD,DUM165609
[2026-04-09 15:19:39] DEBUG    | ib_insync.client       | <<< 6,2,PostExpirationMargin-S,0.00,USD,DUM165609
[2026-04-09 15:19:39] DEBUG    | ib_insync.client       | <<< 6,2,RealCurrency,BASE,BASE,DUM165609
[2026-04-09 15:19:39] DEBUG    | ib_insync.client       | <<< 6,2,RealCurrency,USD,USD,DUM165609
[2026-04-09 15:19:39] DEBUG    | ib_insync.client       | <<< 6,2,RealizedPnL,0.00,BASE,DUM165609
[2026-04-09 15:19:39] DEBUG    | ib_insync.client       | <<< 6,2,RealizedPnL,0.00,USD,DUM165609
[2026-04-09 15:19:39] DEBUG    | ib_insync.client       | <<< 6,2,SegmentTitle-P,Crypto at Paxos,,DUM165609
[2026-04-09 15:19:39] DEBUG    | ib_insync.client       | <<< 6,2,SegmentTitle-S,Securities,,DUM165609
[2026-04-09 15:19:39] DEBUG    | ib_insync.client       | <<< 6,2,SettledCashByDate,20260409:245213.54;20260410:244861.03999999,,DUM165609
[2026-04-09 15:19:39] DEBUG    | ib_insync.client       | <<< 6,2,SettledCashByDate-P,20260409:0,,DUM165609
[2026-04-09 15:19:39] DEBUG    | ib_insync.client       | <<< 6,2,SettledCashByDate-S,20260409:245213.54;20260410:244861.03999999,,DUM165609
[2026-04-09 15:19:39] DEBUG    | ib_insync.client       | <<< 6,2,StockMarketValue,0.00,BASE,DUM165609
[2026-04-09 15:19:39] DEBUG    | ib_insync.client       | <<< 6,2,StockMarketValue,0.00,USD,DUM165609
[2026-04-09 15:19:39] DEBUG    | ib_insync.client       | <<< 6,2,TBillValue,0.00,BASE,DUM165609
[2026-04-09 15:19:39] DEBUG    | ib_insync.client       | <<< 6,2,TBillValue,0.00,USD,DUM165609
[2026-04-09 15:19:39] DEBUG    | ib_insync.client       | <<< 6,2,TBondValue,0.00,BASE,DUM165609
[2026-04-09 15:19:39] DEBUG    | ib_insync.client       | <<< 6,2,TBondValue,0.00,USD,DUM165609
[2026-04-09 15:19:39] DEBUG    | ib_insync.client       | <<< 6,2,TotalCashBalance,244861.04,BASE,DUM165609
[2026-04-09 15:19:39] DEBUG    | ib_insync.client       | <<< 6,2,TotalCashBalance,244861.04,USD,DUM165609
[2026-04-09 15:19:39] DEBUG    | ib_insync.client       | <<< 6,2,TotalCashValue,244861.04,USD,DUM165609
[2026-04-09 15:19:39] DEBUG    | ib_insync.client       | <<< 6,2,TotalCashValue-P,0.00,USD,DUM165609
[2026-04-09 15:19:39] DEBUG    | ib_insync.client       | <<< 6,2,TotalCashValue-S,244861.04,USD,DUM165609
[2026-04-09 15:19:39] DEBUG    | ib_insync.client       | <<< 6,2,TotalDebitCardPendingCharges,0.00,USD,DUM165609
[2026-04-09 15:19:39] DEBUG    | ib_insync.client       | <<< 6,2,TotalDebitCardPendingCharges-P,0.00,USD,DUM165609
[2026-04-09 15:19:39] DEBUG    | ib_insync.client       | <<< 6,2,TotalDebitCardPendingCharges-S,0.00,USD,DUM165609
[2026-04-09 15:19:39] DEBUG    | ib_insync.client       | <<< 6,2,TradingType-S,STKNOPT,,DUM165609
[2026-04-09 15:19:39] DEBUG    | ib_insync.client       | <<< 6,2,UnrealizedPnL,2319.39,BASE,DUM165609
[2026-04-09 15:19:39] DEBUG    | ib_insync.client       | <<< 6,2,UnrealizedPnL,2319.39,USD,DUM165609
[2026-04-09 15:19:39] DEBUG    | ib_insync.client       | <<< 6,2,WarrantValue,0.00,BASE,DUM165609
[2026-04-09 15:19:39] DEBUG    | ib_insync.client       | <<< 6,2,WarrantValue,0.00,USD,DUM165609
[2026-04-09 15:19:39] DEBUG    | ib_insync.client       | <<< 7,8,770561194,MES,FUT,20260618,0,0,5,CME,USD,MESM6,MES,3,6800.25,102003.75,33228.12,2319.39,0.0,DUM165609
[2026-04-09 15:19:39] INFO     | ib_insync.wrapper      | updatePortfolio: PortfolioItem(contract=Future(conId=770561194, symbol='MES', lastTradeDateOrContractMonth='20260618', right='0', multiplier='5', primaryExchange='CME', currency='USD', localSymbol='MESM6', tradingClass='MES'), position=3.0, marketPrice=6800.25, marketValue=102003.75, averageCost=33228.12, unrealizedPNL=2319.39, realizedPNL=0.0, account='DUM165609')
[2026-04-09 15:19:39] DEBUG    | ib_insync.client       | <<< 8,1,15:18
[2026-04-09 15:19:39] DEBUG    | ib_insync.client       | <<< 8,1,15:18
[2026-04-09 15:19:39] DEBUG    | ib_insync.client       | <<< 54,1,DUM165609
[2026-04-09 15:19:39] DEBUG    | ib_insync.client       | <<< 73,1,1,DUM165609,,AccountCode,DUM165609,
[2026-04-09 15:19:39] DEBUG    | ib_insync.client       | <<< 73,1,1,DUM165609,,AccountReady,true,
[2026-04-09 15:19:39] DEBUG    | ib_insync.client       | <<< 73,1,1,DUM165609,,AccountType,CORPORATION,
[2026-04-09 15:19:39] DEBUG    | ib_insync.client       | <<< 73,1,1,DUM165609,,AccruedCash,141.71,USD
[2026-04-09 15:19:39] DEBUG    | ib_insync.client       | <<< 73,1,1,DUM165609,,AccruedCash-P,0.00,USD
[2026-04-09 15:19:39] DEBUG    | ib_insync.client       | <<< 73,1,1,DUM165609,,AccruedCash-S,141.71,USD
[2026-04-09 15:19:39] DEBUG    | ib_insync.client       | <<< 73,1,1,DUM165609,,AccruedDividend,0.00,USD
[2026-04-09 15:19:39] DEBUG    | ib_insync.client       | <<< 73,1,1,DUM165609,,AccruedDividend-P,0.00,USD
[2026-04-09 15:19:39] DEBUG    | ib_insync.client       | <<< 73,1,1,DUM165609,,AccruedDividend-S,0.00,USD
[2026-04-09 15:19:39] DEBUG    | ib_insync.client       | <<< 73,1,1,DUM165609,,AvailableFunds,235822.41,USD
[2026-04-09 15:19:39] DEBUG    | ib_insync.client       | <<< 73,1,1,DUM165609,,AvailableFunds-P,0.00,USD
[2026-04-09 15:19:39] DEBUG    | ib_insync.client       | <<< 73,1,1,DUM165609,,AvailableFunds-S,235822.41,USD
[2026-04-09 15:19:39] DEBUG    | ib_insync.client       | <<< 73,1,1,DUM165609,,Billable,0.00,USD
[2026-04-09 15:19:39] DEBUG    | ib_insync.client       | <<< 73,1,1,DUM165609,,Billable-P,0.00,USD
[2026-04-09 15:19:39] DEBUG    | ib_insync.client       | <<< 73,1,1,DUM165609,,Billable-S,0.00,USD
[2026-04-09 15:19:39] DEBUG    | ib_insync.client       | <<< 73,1,1,DUM165609,,BuyingPower,1572149.42,USD
[2026-04-09 15:19:39] DEBUG    | ib_insync.client       | <<< 73,1,1,DUM165609,,ColumnPrio-P,5,
[2026-04-09 15:19:39] DEBUG    | ib_insync.client       | <<< 73,1,1,DUM165609,,ColumnPrio-S,1,
[2026-04-09 15:19:39] DEBUG    | ib_insync.client       | <<< 73,1,1,DUM165609,,Cushion,0.970416,
[2026-04-09 15:19:39] DEBUG    | ib_insync.client       | <<< 73,1,1,DUM165609,,EquityWithLoanValue,245002.75,USD
[2026-04-09 15:19:39] DEBUG    | ib_insync.client       | <<< 73,1,1,DUM165609,,EquityWithLoanValue-P,0.00,USD
[2026-04-09 15:19:39] DEBUG    | ib_insync.client       | <<< 73,1,1,DUM165609,,EquityWithLoanValue-S,245002.75,USD
[2026-04-09 15:19:39] DEBUG    | ib_insync.client       | <<< 73,1,1,DUM165609,,ExcessLiquidity,237754.57,USD
[2026-04-09 15:19:39] DEBUG    | ib_insync.client       | <<< 73,1,1,DUM165609,,ExcessLiquidity-P,0.00,USD
[2026-04-09 15:19:39] DEBUG    | ib_insync.client       | <<< 73,1,1,DUM165609,,ExcessLiquidity-S,237754.57,USD
[2026-04-09 15:19:39] DEBUG    | ib_insync.client       | <<< 73,1,1,DUM165609,,FullAvailableFunds,235822.41,USD
[2026-04-09 15:19:39] DEBUG    | ib_insync.client       | <<< 73,1,1,DUM165609,,FullAvailableFunds-P,0.00,USD
[2026-04-09 15:19:39] DEBUG    | ib_insync.client       | <<< 73,1,1,DUM165609,,FullAvailableFunds-S,235822.41,USD
[2026-04-09 15:19:39] DEBUG    | ib_insync.client       | <<< 73,1,1,DUM165609,,FullExcessLiquidity,237754.57,USD
[2026-04-09 15:19:39] DEBUG    | ib_insync.client       | <<< 73,1,1,DUM165609,,FullExcessLiquidity-P,0.00,USD
[2026-04-09 15:19:39] DEBUG    | ib_insync.client       | <<< 73,1,1,DUM165609,,FullExcessLiquidity-S,237754.57,USD
[2026-04-09 15:19:39] DEBUG    | ib_insync.client       | <<< 73,1,1,DUM165609,,FullInitMarginReq,9180.34,USD
[2026-04-09 15:19:39] DEBUG    | ib_insync.client       | <<< 73,1,1,DUM165609,,FullInitMarginReq-P,0.00,USD
[2026-04-09 15:19:39] DEBUG    | ib_insync.client       | <<< 73,1,1,DUM165609,,FullInitMarginReq-S,9180.34,USD
[2026-04-09 15:19:39] DEBUG    | ib_insync.client       | <<< 73,1,1,DUM165609,,FullMaintMarginReq,7248.18,USD
[2026-04-09 15:19:39] DEBUG    | ib_insync.client       | <<< 73,1,1,DUM165609,,FullMaintMarginReq-P,0.00,USD
[2026-04-09 15:19:39] DEBUG    | ib_insync.client       | <<< 73,1,1,DUM165609,,FullMaintMarginReq-S,7248.18,USD
[2026-04-09 15:19:39] DEBUG    | ib_insync.client       | <<< 73,1,1,DUM165609,,GrossPositionValue,0.00,USD
[2026-04-09 15:19:39] DEBUG    | ib_insync.client       | <<< 73,1,1,DUM165609,,GrossPositionValue-S,0.00,USD
[2026-04-09 15:19:39] DEBUG    | ib_insync.client       | <<< 73,1,1,DUM165609,,Guarantee,0.00,USD
[2026-04-09 15:19:39] DEBUG    | ib_insync.client       | <<< 73,1,1,DUM165609,,Guarantee-P,0.00,USD
[2026-04-09 15:19:39] DEBUG    | ib_insync.client       | <<< 73,1,1,DUM165609,,Guarantee-S,0.00,USD
[2026-04-09 15:19:39] DEBUG    | ib_insync.client       | <<< 73,1,1,DUM165609,,IncentiveCoupons,0.00,USD
[2026-04-09 15:19:39] DEBUG    | ib_insync.client       | <<< 73,1,1,DUM165609,,IncentiveCoupons-P,0.00,USD
[2026-04-09 15:19:39] DEBUG    | ib_insync.client       | <<< 73,1,1,DUM165609,,IncentiveCoupons-S,0.00,USD
[2026-04-09 15:19:39] DEBUG    | ib_insync.client       | <<< 73,1,1,DUM165609,,IndianStockHaircut,0.00,USD
[2026-04-09 15:19:39] DEBUG    | ib_insync.client       | <<< 73,1,1,DUM165609,,IndianStockHaircut-P,0.00,USD
[2026-04-09 15:19:39] DEBUG    | ib_insync.client       | <<< 73,1,1,DUM165609,,IndianStockHaircut-S,0.00,USD
[2026-04-09 15:19:39] DEBUG    | ib_insync.client       | <<< 73,1,1,DUM165609,,InitMarginReq,9180.34,USD
[2026-04-09 15:19:39] DEBUG    | ib_insync.client       | <<< 73,1,1,DUM165609,,InitMarginReq-P,0.00,USD
[2026-04-09 15:19:39] DEBUG    | ib_insync.client       | <<< 73,1,1,DUM165609,,InitMarginReq-S,9180.34,USD
[2026-04-09 15:19:39] DEBUG    | ib_insync.client       | <<< 73,1,1,DUM165609,,Leverage-S,0.00,
[2026-04-09 15:19:39] DEBUG    | ib_insync.client       | <<< 73,1,1,DUM165609,,LookAheadAvailableFunds,238576.51,USD
[2026-04-09 15:19:39] DEBUG    | ib_insync.client       | <<< 73,1,1,DUM165609,,LookAheadAvailableFunds-P,0.00,USD
[2026-04-09 15:19:39] DEBUG    | ib_insync.client       | <<< 73,1,1,DUM165609,,LookAheadAvailableFunds-S,238576.51,USD
[2026-04-09 15:19:39] DEBUG    | ib_insync.client       | <<< 73,1,1,DUM165609,,LookAheadExcessLiquidity,239929.02,USD
[2026-04-09 15:19:39] DEBUG    | ib_insync.client       | <<< 73,1,1,DUM165609,,LookAheadExcessLiquidity-P,0.00,USD
[2026-04-09 15:19:39] DEBUG    | ib_insync.client       | <<< 73,1,1,DUM165609,,LookAheadExcessLiquidity-S,239929.02,USD
[2026-04-09 15:19:39] DEBUG    | ib_insync.client       | <<< 73,1,1,DUM165609,,LookAheadInitMarginReq,6426.24,USD
[2026-04-09 15:19:39] DEBUG    | ib_insync.client       | <<< 73,1,1,DUM165609,,LookAheadInitMarginReq-P,0.00,USD
[2026-04-09 15:19:39] DEBUG    | ib_insync.client       | <<< 73,1,1,DUM165609,,LookAheadInitMarginReq-S,6426.24,USD
[2026-04-09 15:19:39] DEBUG    | ib_insync.client       | <<< 73,1,1,DUM165609,,LookAheadMaintMarginReq,5073.73,USD
[2026-04-09 15:19:39] DEBUG    | ib_insync.client       | <<< 73,1,1,DUM165609,,LookAheadMaintMarginReq-P,0.00,USD
[2026-04-09 15:19:39] DEBUG    | ib_insync.client       | <<< 73,1,1,DUM165609,,LookAheadMaintMarginReq-S,5073.73,USD
[2026-04-09 15:19:39] DEBUG    | ib_insync.client       | <<< 73,1,1,DUM165609,,LookAheadNextChange,1775741400,
[2026-04-09 15:19:39] DEBUG    | ib_insync.client       | <<< 73,1,1,DUM165609,,MaintMarginReq,7248.18,USD
[2026-04-09 15:19:39] DEBUG    | ib_insync.client       | <<< 73,1,1,DUM165609,,MaintMarginReq-P,0.00,USD
[2026-04-09 15:19:39] DEBUG    | ib_insync.client       | <<< 73,1,1,DUM165609,,MaintMarginReq-S,7248.18,USD
[2026-04-09 15:19:39] DEBUG    | ib_insync.client       | <<< 73,1,1,DUM165609,,NLVAndMarginInReview,false,
[2026-04-09 15:19:39] DEBUG    | ib_insync.client       | <<< 73,1,1,DUM165609,,NetLiquidation,245002.75,USD
[2026-04-09 15:19:39] DEBUG    | ib_insync.client       | <<< 73,1,1,DUM165609,,NetLiquidation-P,0.00,USD
[2026-04-09 15:19:39] DEBUG    | ib_insync.client       | <<< 73,1,1,DUM165609,,NetLiquidation-S,245002.75,USD
[2026-04-09 15:19:39] DEBUG    | ib_insync.client       | <<< 73,1,1,DUM165609,,NetLiquidationUncertainty,0.00,USD
[2026-04-09 15:19:39] DEBUG    | ib_insync.client       | <<< 73,1,1,DUM165609,,PASharesValue,0.00,USD
[2026-04-09 15:19:39] DEBUG    | ib_insync.client       | <<< 73,1,1,DUM165609,,PASharesValue-P,0.00,USD
[2026-04-09 15:19:39] DEBUG    | ib_insync.client       | <<< 73,1,1,DUM165609,,PASharesValue-S,0.00,USD
[2026-04-09 15:19:39] DEBUG    | ib_insync.client       | <<< 73,1,1,DUM165609,,PhysicalCertificateValue,0.00,USD
[2026-04-09 15:19:39] DEBUG    | ib_insync.client       | <<< 73,1,1,DUM165609,,PhysicalCertificateValue-P,0.00,USD
[2026-04-09 15:19:39] DEBUG    | ib_insync.client       | <<< 73,1,1,DUM165609,,PhysicalCertificateValue-S,0.00,USD
[2026-04-09 15:19:39] DEBUG    | ib_insync.client       | <<< 73,1,1,DUM165609,,PostExpirationExcess,0.00,USD
[2026-04-09 15:19:39] DEBUG    | ib_insync.client       | <<< 73,1,1,DUM165609,,PostExpirationExcess-P,0.00,USD
[2026-04-09 15:19:39] DEBUG    | ib_insync.client       | <<< 73,1,1,DUM165609,,PostExpirationExcess-S,0.00,USD
[2026-04-09 15:19:39] DEBUG    | ib_insync.client       | <<< 73,1,1,DUM165609,,PostExpirationMargin,0.00,USD
[2026-04-09 15:19:39] DEBUG    | ib_insync.client       | <<< 73,1,1,DUM165609,,PostExpirationMargin-P,0.00,USD
[2026-04-09 15:19:39] DEBUG    | ib_insync.client       | <<< 73,1,1,DUM165609,,PostExpirationMargin-S,0.00,USD
[2026-04-09 15:19:39] DEBUG    | ib_insync.client       | <<< 73,1,1,DUM165609,,SegmentTitle-P,Crypto at Paxos,
[2026-04-09 15:19:39] DEBUG    | ib_insync.client       | <<< 73,1,1,DUM165609,,SegmentTitle-S,Securities,
[2026-04-09 15:19:39] DEBUG    | ib_insync.client       | <<< 73,1,1,DUM165609,,SettledCashByDate,20260409:245213.54;20260410:244861.03999999,
[2026-04-09 15:19:39] DEBUG    | ib_insync.client       | <<< 73,1,1,DUM165609,,SettledCashByDate-P,20260409:0,
[2026-04-09 15:19:39] DEBUG    | ib_insync.client       | <<< 73,1,1,DUM165609,,SettledCashByDate-S,20260409:245213.54;20260410:244861.03999999,
[2026-04-09 15:19:39] DEBUG    | ib_insync.client       | <<< 73,1,1,DUM165609,,TotalCashValue,244861.04,USD
[2026-04-09 15:19:39] DEBUG    | ib_insync.client       | <<< 73,1,1,DUM165609,,TotalCashValue-P,0.00,USD
[2026-04-09 15:19:39] DEBUG    | ib_insync.client       | <<< 73,1,1,DUM165609,,TotalCashValue-S,244861.04,USD
[2026-04-09 15:19:39] DEBUG    | ib_insync.client       | <<< 73,1,1,DUM165609,,TotalDebitCardPendingCharges,0.00,USD
[2026-04-09 15:19:39] DEBUG    | ib_insync.client       | <<< 73,1,1,DUM165609,,TotalDebitCardPendingCharges-P,0.00,USD
[2026-04-09 15:19:39] DEBUG    | ib_insync.client       | <<< 73,1,1,DUM165609,,TotalDebitCardPendingCharges-S,0.00,USD
[2026-04-09 15:19:39] DEBUG    | ib_insync.client       | <<< 73,1,1,DUM165609,,TradingType-S,STKNOPT,
[2026-04-09 15:19:39] DEBUG    | ib_insync.client       | <<< 73,1,1,DUM165609,,Currency,USD,USD
[2026-04-09 15:19:39] DEBUG    | ib_insync.client       | <<< 73,1,1,DUM165609,,CashBalance,244861.04,USD
[2026-04-09 15:19:39] DEBUG    | ib_insync.client       | <<< 73,1,1,DUM165609,,TotalCashBalance,244861.04,USD
[2026-04-09 15:19:39] DEBUG    | ib_insync.client       | <<< 73,1,1,DUM165609,,AccruedCash,141.71,USD
[2026-04-09 15:19:39] DEBUG    | ib_insync.client       | <<< 73,1,1,DUM165609,,StockMarketValue,0.00,USD
[2026-04-09 15:19:39] DEBUG    | ib_insync.client       | <<< 73,1,1,DUM165609,,OptionMarketValue,0.00,USD
[2026-04-09 15:19:39] DEBUG    | ib_insync.client       | <<< 73,1,1,DUM165609,,FutureOptionValue,0.00,USD
[2026-04-09 15:19:39] DEBUG    | ib_insync.client       | <<< 73,1,1,DUM165609,,FuturesPNL,-352.50,USD
[2026-04-09 15:19:39] DEBUG    | ib_insync.client       | <<< 73,1,1,DUM165609,,NetLiquidationByCurrency,245002.75,USD
[2026-04-09 15:19:39] DEBUG    | ib_insync.client       | <<< 73,1,1,DUM165609,,UnrealizedPnL,2319.39,USD
[2026-04-09 15:19:39] DEBUG    | ib_insync.client       | <<< 73,1,1,DUM165609,,RealizedPnL,0.00,USD
[2026-04-09 15:19:39] DEBUG    | ib_insync.client       | <<< 73,1,1,DUM165609,,ExchangeRate,1.00,USD
[2026-04-09 15:19:39] DEBUG    | ib_insync.client       | <<< 73,1,1,DUM165609,,FundValue,0.00,USD
[2026-04-09 15:19:39] DEBUG    | ib_insync.client       | <<< 73,1,1,DUM165609,,NetDividend,0.00,USD
[2026-04-09 15:19:39] DEBUG    | ib_insync.client       | <<< 73,1,1,DUM165609,,MutualFundValue,0.00,USD
[2026-04-09 15:19:39] DEBUG    | ib_insync.client       | <<< 73,1,1,DUM165609,,MoneyMarketFundValue,0.00,USD
[2026-04-09 15:19:39] DEBUG    | ib_insync.client       | <<< 73,1,1,DUM165609,,CorporateBondValue,0.00,USD
[2026-04-09 15:19:39] DEBUG    | ib_insync.client       | <<< 73,1,1,DUM165609,,TBondValue,0.00,USD
[2026-04-09 15:19:39] DEBUG    | ib_insync.client       | <<< 73,1,1,DUM165609,,TBillValue,0.00,USD
[2026-04-09 15:19:39] DEBUG    | ib_insync.client       | <<< 73,1,1,DUM165609,,WarrantValue,0.00,USD
[2026-04-09 15:19:39] DEBUG    | ib_insync.client       | <<< 73,1,1,DUM165609,,FxCashBalance,0.00,USD
[2026-04-09 15:19:39] DEBUG    | ib_insync.client       | <<< 73,1,1,DUM165609,,AccountOrGroup,DUM165609,USD
[2026-04-09 15:19:39] DEBUG    | ib_insync.client       | <<< 73,1,1,DUM165609,,RealCurrency,USD,USD
[2026-04-09 15:19:39] DEBUG    | ib_insync.client       | <<< 73,1,1,DUM165609,,IssuerOptionValue,0.00,USD
[2026-04-09 15:19:39] DEBUG    | ib_insync.client       | <<< 73,1,1,DUM165609,,Cryptocurrency,0.00,USD
[2026-04-09 15:19:39] DEBUG    | ib_insync.client       | <<< 73,1,1,DUM165609,,Currency,BASE,BASE
[2026-04-09 15:19:39] DEBUG    | ib_insync.client       | <<< 73,1,1,DUM165609,,CashBalance,244861.04,BASE
[2026-04-09 15:19:39] DEBUG    | ib_insync.client       | <<< 73,1,1,DUM165609,,TotalCashBalance,244861.04,BASE
[2026-04-09 15:19:39] DEBUG    | ib_insync.client       | <<< 73,1,1,DUM165609,,AccruedCash,141.71,BASE
[2026-04-09 15:19:39] DEBUG    | ib_insync.client       | <<< 73,1,1,DUM165609,,StockMarketValue,0.00,BASE
[2026-04-09 15:19:39] DEBUG    | ib_insync.client       | <<< 73,1,1,DUM165609,,OptionMarketValue,0.00,BASE
[2026-04-09 15:19:39] DEBUG    | ib_insync.client       | <<< 73,1,1,DUM165609,,FutureOptionValue,0.00,BASE
[2026-04-09 15:19:39] DEBUG    | ib_insync.client       | <<< 73,1,1,DUM165609,,FuturesPNL,-352.50,BASE
[2026-04-09 15:19:39] DEBUG    | ib_insync.client       | <<< 73,1,1,DUM165609,,NetLiquidationByCurrency,245002.75,BASE
[2026-04-09 15:19:39] DEBUG    | ib_insync.client       | <<< 73,1,1,DUM165609,,UnrealizedPnL,2319.39,BASE
[2026-04-09 15:19:39] DEBUG    | ib_insync.client       | <<< 73,1,1,DUM165609,,RealizedPnL,0.00,BASE
[2026-04-09 15:19:39] DEBUG    | ib_insync.client       | <<< 73,1,1,DUM165609,,ExchangeRate,1.00,BASE
[2026-04-09 15:19:39] DEBUG    | ib_insync.client       | <<< 73,1,1,DUM165609,,FundValue,0.00,BASE
[2026-04-09 15:19:39] DEBUG    | ib_insync.client       | <<< 73,1,1,DUM165609,,NetDividend,0.00,BASE
[2026-04-09 15:19:39] DEBUG    | ib_insync.client       | <<< 73,1,1,DUM165609,,MutualFundValue,0.00,BASE
[2026-04-09 15:19:39] DEBUG    | ib_insync.client       | <<< 73,1,1,DUM165609,,MoneyMarketFundValue,0.00,BASE
[2026-04-09 15:19:39] DEBUG    | ib_insync.client       | <<< 73,1,1,DUM165609,,CorporateBondValue,0.00,BASE
[2026-04-09 15:19:39] DEBUG    | ib_insync.client       | <<< 73,1,1,DUM165609,,TBondValue,0.00,BASE
[2026-04-09 15:19:39] DEBUG    | ib_insync.client       | <<< 73,1,1,DUM165609,,TBillValue,0.00,BASE
[2026-04-09 15:19:39] DEBUG    | ib_insync.client       | <<< 73,1,1,DUM165609,,WarrantValue,0.00,BASE
[2026-04-09 15:19:39] DEBUG    | ib_insync.client       | <<< 73,1,1,DUM165609,,FxCashBalance,0.00,BASE
[2026-04-09 15:19:39] DEBUG    | ib_insync.client       | <<< 73,1,1,DUM165609,,AccountOrGroup,DUM165609,BASE
[2026-04-09 15:19:39] DEBUG    | ib_insync.client       | <<< 73,1,1,DUM165609,,RealCurrency,USD,BASE
[2026-04-09 15:19:39] DEBUG    | ib_insync.client       | <<< 73,1,1,DUM165609,,IssuerOptionValue,0.00,BASE
[2026-04-09 15:19:39] DEBUG    | ib_insync.client       | <<< 73,1,1,DUM165609,,Cryptocurrency,0.00,BASE
[2026-04-09 15:19:39] DEBUG    | ib_insync.client       | <<< 74,1,1
[2026-04-09 15:19:39] DEBUG    | ib_insync.client       | >>> 7,3,2,0,,,,,,
[2026-04-09 15:19:39] DEBUG    | ib_insync.client       | <<< 55,1,2
[2026-04-09 15:19:39] INFO     | ib_insync.ib           | Synchronization complete
[2026-04-09 15:19:39] INFO     | trading.broker         | Connected to IBKR
[2026-04-09 15:19:39] INFO     | trading.main           | [DRY RUN] Strategy: mgc_pullback
[2026-04-09 15:19:39] DEBUG    | ib_insync.client       | >>> 9,8,3,0,GC,FUT,202604,0.0,,,COMEX,,USD,,,0,,,
[2026-04-09 15:19:39] DEBUG    | ib_insync.client       | <<< 10,3,GC,FUT,20260428 13:30:00 US/Eastern,0,,COMEX,USD,GCJ6,GC,GC,706903673,0.1,100,ACTIVETIM,AD,ADJUST,ALERT,ALGO,ALLOC,AVGCOST,BASKET,BENCHPX,COND,CONDORDER,DAY,DEACT,DEACTDIS,DEACTEOD,GAT,GTC,GTD,GTT,HID,ICE,IOC,LIT,LMT,LTH,MIT,MKT,MTL,NGCOMB,NONALGO,OCA,PEGBENCH,SCALE,SCALERST,SIZECHK,SNAPMID,SNAPMKT,SNAPREL,STP,STPLMT,TRAIL,TRAILLIT,TRAILLMT,TRAILMIT,WHATIF,COMEX,QBALGO,1,17340718,Gold,,202604,,,,US/Eastern,20260408:1800-20260409:1700;20260409:1800-20260410:1700;20260411:CLOSED;20260412:1800-20260413:1700;20260413:1800-20260414:1700;20260414:1800-20260415:1700,20260409:0930-20260409:1700;20260410:0930-20260410:1700;20260411:CLOSED;20260412:CLOSED;20260413:0930-20260413:1700;20260414:0930-20260414:1700;20260414:1800-20260415:1700,,,0,2147483647,GC,IND,65,65,20260428,,1,1,1
[2026-04-09 15:19:39] DEBUG    | ib_insync.client       | <<< 52,1,3
[2026-04-09 15:19:39] INFO     | trading.broker         | Qualified contract: GCJ6  conId=706903673
[2026-04-09 15:19:39] DEBUG    | ib_insync.client       | >>> 20,4,706903673,GC,FUT,20260428,0.0,,100,COMEX,,USD,GCJ6,GC,0,,1 day,20 Y,0,TRADES,2,0,
[2026-04-09 15:19:40] DEBUG    | ib_insync.client       | <<< 17,4,20060409 05:49:39 US/Eastern,20260409 05:49:39 US/Eastern,472,20240531,2553.00,2553.00,2553.00,2553.00,0,2553,0,20240603,2575.70,2575.70,2575.70,2575.70,0,2575.7,0,20240604,2552.80,2552.80,2552.80,2552.80,0,2552.8,0,20240605,2581.00,2581.00,2581.00,2581.00,0,2581,0,20240606,2597.10,2597.10,2597.10,2597.10,0,2597.1,0,20240607,2530.40,2530.40,2530.40,2530.40,0,2530.4,0,20240610,2531.80,2531.80,2531.80,2531.80,0,2531.8,0,20240611,2531.40,2531.40,2531.40,2531.40,0,2531.4,0,20240612,2557.40,2557.40,2557.40,2557.40,0,2557.4,0,20240613,2518.00,2518.00,2518.00,2518.00,0,2518,0,20240614,2549.10,2549.10,2549.10,2549.10,0,2549.1,0,20240617,2530.40,2530.40,2530.40,2530.40,0,2530.4,0,20240618,2548.20,2548.20,2548.20,2548.20,0,2548.2,0,20240619,2548.20,2548.20,2548.20,2548.20,0,2548.2,0,20240620,2571.00,2571.00,2571.00,2571.00,0,2571,0,20240621,2532.10,2532.10,2532.10,2532.10,0,2532.1,0,20240624,2546.30,2546.30,2546.30,2546.30,0,2546.3,0,20240625,2532.80,2532.80,2532.80,2532.80,0,2532.8,0,20240626,2514.90,2514.90,2514.90,2514.90,0,2514.9,0,20240627,2536.90,2536.90,2536.90,2536.90,0,2536.9,0,20240628,2540.30,2540.30,2540.30,2540.30,0,2540.3,0,20240701,2540.20,2540.20,2540.20,2540.20,0,2540.2,0,20240702,2534.50,2534.50,2534.50,2534.50,0,2534.5,0,20240703,2571.80,2571.80,2571.80,2571.80,0,2571.8,0,20240704,2571.80,2571.80,2571.80,2571.80,0,2571.8,0,20240705,2600.40,2600.40,2600.40,2600.40,0,2600.4,0,20240708,2566.60,2566.60,2566.60,2566.60,0,2566.6,0,20240709,2570.90,2570.90,2570.90,2570.90,0,2570.9,0,20240710,2582.20,2582.20,2582.20,2582.20,0,2582.2,0,20240711,2623.40,2623.40,2623.40,2623.40,0,2623.4,0,20240712,2621.00,2621.00,2621.00,2621.00,0,2621,0,20240715,2629.10,2629.10,2629.10,2629.10,0,2629.1,0,20240716,2669.20,2669.20,2669.20,2669.20,0,2669.2,0,20240717,2662.60,2662.60,2662.60,2662.60,0,2662.6,0,20240718,2659.30,2659.30,2659.30,2659.30,0,2659.3,0,20240719,2600.30,2600.30,2600.30,2600.30,0,2600.3,0,20240722,2593.70,2593.70,2593.70,2593.70,0,2593.7,0,20240723,2606.80,2606.80,2606.80,2606.80,0,2606.8,0,20240724,2615.00,2615.00,2615.00,2615.00,0,2615,0,20240725,2548.80,2548.80,2548.80,2548.80,0,2548.8,0,20240726,2577.20,2577.20,2577.20,2577.20,0,2577.2,0,20240729,2575.00,2575.00,2575.00,2575.00,0,2575,0,20240730,2602.20,2602.20,2602.20,2602.20,0,2602.2,0,20240731,2624.70,2624.70,2624.70,2624.70,0,2624.7,0,20240801,2628.60,2628.60,2628.60,2628.60,0,2628.6,0,20240802,2608.20,2608.20,2608.20,2608.20,0,2608.2,0,20240805,2575.10,2575.10,2575.10,2575.10,0,2575.1,0,20240806,2563.90,2563.90,2563.90,2563.90,0,2563.9,0,20240807,2565.30,2565.30,2565.30,2565.30,0,2565.3,0,20240808,2597.40,2597.40,2597.40,2597.40,0,2597.4,0,20240809,2608.40,2608.40,2608.40,2608.40,0,2608.4,0,20240812,2641.90,2641.90,2641.90,2641.90,0,2641.9,0,20240813,2644.40,2644.40,2644.40,2644.40,0,2644.4,0,20240814,2615.50,2615.50,2615.50,2615.50,0,2615.5,0,20240815,2630.60,2630.60,2630.60,2630.60,0,2630.6,0,20240816,2678.20,2678.20,2678.20,2678.20,0,2678.2,0,20240819,2682.10,2682.10,2682.10,2682.10,0,2682.1,0,20240820,2692.30,2692.30,2692.30,2692.30,0,2692.3,0,20240821,2688.20,2688.20,2688.20,2688.20,0,2688.2,0,20240822,2657.20,2657.20,2657.20,2657.20,0,2657.2,0,20240823,2686.50,2686.50,2686.50,2686.50,0,2686.5,0,20240826,2695.40,2695.40,2695.40,2695.40,0,2695.4,0,20240827,2692.80,2692.80,2692.80,2692.80,0,2692.8,0,20240828,2677.80,2677.80,2677.80,2677.80,0,2677.8,0,20240829,2699.60,2699.60,2699.60,2699.60,0,2699.6,0,20240830,2666.60,2666.60,2666.60,2666.60,0,2666.6,0,20240902,2666.60,2666.60,2666.60,2666.60,0,2666.6,0,20240903,2661.50,2661.50,2661.50,2661.50,0,2661.5,0,20240904,2662.10,2662.10,2662.10,2662.10,0,2662.1,0,20240905,2678.20,2678.20,2678.20,2678.20,0,2678.2,0,20240906,2656.00,2656.00,2656.00,2656.00,0,2656,0,20240909,2662.70,2662.70,2662.70,2662.70,0,2662.7,0,20240910,2672.40,2672.40,2672.40,2672.40,0,2672.4,0,20240911,2672.10,2672.10,2672.10,2672.10,0,2672.1,0,20240912,2711.80,2711.80,2711.80,2711.80,0,2711.8,0,20240913,2740.90,2740.90,2740.90,2740.90,0,2740.9,0,20240916,2737.30,2737.30,2737.30,2737.30,0,2737.3,0,20240917,2721.50,2721.50,2721.50,2721.50,0,2721.5,0,20240918,2728.50,2728.50,2728.50,2728.50,0,2728.5,0,20240919,2744.20,2744.20,2744.20,2744.20,0,2744.2,0,20240920,2777.40,2777.40,2777.40,2777.40,0,2777.4,0,20240923,2783.70,2783.70,2783.70,2783.70,0,2783.7,0,20240924,2805.00,2810.10,2805.00,2810.10,1,2805,1,20240925,2818.00,2818.00,2818.00,2818.00,0,2818,0,20240926,2829.90,2829.90,2829.90,2829.90,0,2829.9,0,20240927,2801.60,2801.60,2801.60,2801.60,0,2801.6,0,20240930,2784.90,2794.70,2784.90,2794.70,1,2784.9,1,20241001,2822.00,2827.00,2822.00,2827.00,1,2822,1,20241002,2807.90,2807.90,2807.90,2807.90,0,2807.9,0,20241003,2817.70,2817.70,2817.70,2817.70,0,2817.7,0,20241004,2799.90,2813.70,2799.90,2813.70,1,2799.9,1,20241007,2814.80,2814.80,2814.80,2814.80,0,2814.8,0,20241008,2780.00,2782.60,2780.00,2782.60,1,2780,1,20241009,2774.20,2774.20,2774.20,2774.20,0,2774.2,0,20241010,2792.10,2792.10,2789.20,2789.20,2,2792,2,20241011,2825.80,2825.80,2825.80,2825.80,0,2825.8,0,20241014,2816.20,2816.20,2816.20,2816.20,0,2816.2,0,20241015,2825.00,2829.00,2825.00,2829.00,1,2825,1,20241016,2842.20,2842.20,2842.20,2842.20,0,2842.2,0,20241017,2846.40,2858.70,2845.70,2858.70,3,2846.37,3,20241018,2885.60,2885.60,2882.90,2882.90,1,2885.6,1,20241021,2893.70,2893.70,2893.70,2893.70,0,2893.7,0,20241022,2915.80,2915.80,2915.80,2915.80,0,2915.8,0,20241023,2886.40,2886.40,2886.40,2886.40,0,2886.4,0,20241024,2905.70,2905.70,2905.70,2905.70,0,2905.7,0,20241025,2911.30,2911.30,2911.30,2911.30,0,2911.3,0,20241028,2914.90,2914.90,2914.90,2914.90,0,2914.9,0,20241029,2939.80,2939.80,2939.80,2939.80,0,2939.8,0,20241030,2963.00,2963.00,2963.00,2963.00,0,2963,0,20241031,2911.70,2911.70,2911.70,2911.70,0,2911.7,0,20241101,2910.60,2910.60,2910.60,2910.60,0,2910.6,0,20241104,2908.50,2908.50,2908.50,2908.50,0,2908.5,0,20241105,2915.00,2915.00,2915.00,2915.00,0,2915,0,20241106,2880.00,2880.00,2840.30,2840.30,2,2866.9,2,20241107,2820.90,2870.20,2820.90,2870.20,2,2844.45,2,20241108,2858.70,2859.00,2858.70,2859.00,1,2858.7,1,20241111,2791.80,2791.80,2779.90,2779.90,1,2791.8,1,20241112,2768.30,2768.30,2768.30,2768.30,0,2768.3,0,20241113,2745.90,2745.90,2745.90,2745.90,0,2745.9,0,20241114,2705.60,2731.50,2705.60,2731.50,10,2705.6,8,20241115,2728.70,2728.70,2728.70,2728.70,0,2728.7,0,20241118,2775.50,2775.50,2775.50,2775.50,0,2775.5,0,20241119,2791.70,2791.70,2791.70,2791.70,0,2791.7,0,20241120,2800.00,2814.50,2800.00,2814.50,1,2800,1,20241121,2825.10,2839.10,2825.10,2839.10,1,2825.1,1,20241122,2880.20,2880.20,2880.20,2880.20,0,2880.2,0,20241125,2782.30,2782.30,2782.30,2782.30,0,2782.3,0,20241126,2786.00,2786.00,2786.00,2786.00,0,2786,0,20241127,2802.70,2802.70,2802.70,2802.70,0,2802.7,0,20241128,2802.70,2802.70,2802.70,2802.70,0,2802.7,0,20241129,2819.30,2819.30,2819.30,2819.30,0,2819.3,0,20241202,2797.20,2797.20,2797.20,2797.20,0,2797.2,0,20241203,2805.70,2805.70,2805.70,2805.70,0,2805.7,0,20241204,2812.80,2812.80,2812.80,2812.80,0,2812.8,0,20241205,2783.90,2783.90,2783.90,2783.90,0,2783.9,0,20241206,2794.90,2794.90,2794.90,2794.90,0,2794.9,0,20241209,2825.50,2825.50,2825.50,2825.50,0,2825.5,0,20241210,2858.00,2858.00,2858.00,2858.00,0,2858,0,20241211,2893.60,2893.60,2893.60,2893.60,0,2893.6,0,20241212,2850.20,2850.20,2850.20,2850.20,0,2850.2,0,20241213,2817.70,2817.70,2817.70,2817.70,0,2817.7,0,20241216,2812.30,2812.30,2812.30,2812.30,0,2812.3,0,20241217,2805.30,2805.30,2805.30,2805.30,0,2805.3,0,20241218,2805.00,2805.00,2799.30,2799.30,1,2805,1,20241219,2757.60,2757.60,2757.60,2757.60,0,2757.6,0,20241220,2793.60,2793.60,2793.60,2793.60,0,2793.6,0,20241223,2778.20,2778.20,2778.20,2778.20,0,2778.2,0,20241224,2788.10,2788.10,2788.10,2788.10,0,2788.1,0,20241226,2809.10,2809.10,2809.10,2809.10,0,2809.1,0,20241227,2789.60,2789.60,2789.60,2789.60,0,2789.6,0,20241230,2780.40,2780.40,2780.40,2780.40,0,2780.4,0,20241231,2809.70,2809.70,2809.70,2809.70,0,2809.7,0,20250102,2824.30,2832.50,2824.30,2832.50,1,2824.3,1,20250103,2835.10,2835.10,2813.60,2813.60,1,2835.1,1,20250106,2795.00,2804.90,2795.00,2804.90,1,2795,1,20250107,2824.10,2824.10,2824.10,2824.10,0,2824.1,0,20250108,2833.30,2833.30,2833.30,2833.30,0,2833.3,0,20250109,2840.10,2851.70,2840.10,2851.70,2,2840.1,2,20250110,2876.70,2876.70,2876.70,2876.70,0,2876.7,0,20250113,2837.10,2837.10,2837.10,2837.10,0,2837.1,0,20250114,2843.80,2843.80,2843.80,2843.80,0,2843.8,0,20250115,2879.60,2879.60,2879.60,2879.60,0,2879.6,0,20250116,2914.80,2914.80,2914.80,2914.80,0,2914.8,0,20250117,2913.20,2913.20,2913.20,2913.20,0,2913.2,0,20250120,2913.20,2913.20,2913.20,2913.20,0,2913.2,0,20250121,2925.20,2925.20,2925.20,2925.20,0,2925.2,0,20250122,2937.70,2937.70,2937.70,2937.70,0,2937.7,0,20250123,2932.20,2932.20,2932.20,2932.20,0,2932.2,0,20250124,2948.00,2948.00,2948.00,2948.00,0,2948,0,20250127,2908.50,2908.50,2908.50,2908.50,0,2908.5,0,20250128,2942.40,2942.40,2942.40,2942.40,0,2942.4,0,20250129,2936.10,2936.10,2936.10,2936.10,0,2936.1,0,20250130,2987.50,2987.50,2987.50,2987.50,0,2987.5,0,20250131,2991.00,2996.00,2975.60,2975.60,2,2993.5,2,20250203,2961.00,2995.00,2958.90,2995.00,3,2964.93,3,20250204,3015.70,3015.70,3015.70,3015.70,0,3015.7,0,20250205,3034.10,3034.10,3034.10,3034.10,0,3034.1,0,20250206,3024.00,3024.00,3000.00,3021.40,3,3016,3,20250207,3029.80,3045.10,3026.70,3036.90,14,3031.7,14,20250210,3086.30,3086.30,3086.30,3086.30,0,3086.3,0,20250211,3082.40,3087.90,3082.40,3087.90,1,3082.4,1,20250212,3084.50,3084.50,3084.50,3084.50,0,3084.5,0,20250213,3099.20,3099.20,3099.20,3099.20,0,3099.2,0,20250214,3051.40,3051.40,3051.40,3051.40,0,3051.4,0,20250217,3045.30,3051.40,3045.30,3051.40,1,3045.3,1,20250218,3094.20,3099.80,3094.00,3099.80,2,3094.1,2,20250219,3082.80,3082.80,3082.80,3082.80,0,3082.8,0,20250220,3118.10,3118.10,3103.30,3103.30,1,3118.1,1,20250221,3099.60,3099.60,3099.60,3099.60,0,3099.6,0,20250224,3111.50,3111.50,3111.50,3111.50,0,3111.5,0,20250225,3068.00,3068.00,3066.50,3066.50,1,3068,1,20250226,3077.40,3078.90,3077.40,3078.90,4,3077.4,3,20250227,3043.90,3043.90,3043.90,3043.90,0,3043.9,0,20250228,3013.40,3013.40,2995.00,2995.00,3,3011.33,3,20250303,3030.00,3049.20,3030.00,3049.20,12,3038.2,9,20250304,3085.40,3085.40,3068.30,3068.30,1,3085.4,1,20250305,3072.90,3074.70,3072.20,3073.20,16,3073.11,15,20250306,3074.00,3074.00,3074.00,3074.00,0,3074,0,20250307,3060.20,3060.20,3060.20,3060.20,0,3060.2,0,20250310,3043.50,3043.50,3043.50,3043.50,0,3043.5,0,20250311,3066.00,3066.00,3066.00,3066.00,0,3066,0,20250312,3090.90,3090.90,3090.90,3090.90,0,3090.9,0,20250313,3103.50,3136.40,3103.50,3136.40,1,3103.5,1,20250314,3140.90,3145.60,3140.90,3145.60,2,3140.95,2,20250317,3141.00,3152.10,3141.00,3150.70,7,3149.57,7,20250318,3187.40,3188.70,3178.20,3188.70,6,3184.6,5,20250319,3189.60,3189.60,3189.60,3189.60,0,3189.6,0,20250320,3191.00,3191.00,3191.00,3191.00,0,3191,0,20250321,3150.00,3164.50,3150.00,3164.30,4,3160.88,2,20250324,3159.00,3159.00,3159.00,3159.00,0,3159,0,20250325,3166.50,3170.40,3166.50,3170.40,9,3167.28,6,20250326,3167.00,3167.00,3167.00,3167.00,0,3167,0,20250327,3204.60,3206.20,3204.60,3206.20,1,3204.6,1,20250328,3229.00,3230.40,3229.00,3230.40,1,3229,1,20250331,3238.80,3267.50,3238.80,3267.50,4,3248.05,4,20250401,3262.70,3263.00,3262.20,3263.00,3,3262.53,3,20250402,3300.30,3300.30,3285.00,3285.00,1,3300.3,1,20250403,3304.10,3304.10,3231.70,3239.00,12,3256.88,10,20250404,3174.70,3174.70,3148.00,3148.00,6,3159.05,5,20250407,3150.60,3156.80,3085.90,3085.90,3,3146.93,3,20250408,3144.20,3144.60,3105.20,3105.20,7,3129.8,5,20250409,3194.20,3207.90,3194.20,3200.40,6,3199.48,4,20250410,3300.90,3300.90,3300.90,3300.90,0,3300.9,0,20250411,3356.00,3373.90,3339.70,3373.90,3,3352.8,3,20250414,3364.40,3364.40,3340.00,3352.80,3,3351.2,3,20250415,3367.60,3367.60,3367.60,3367.60,0,3367.6,0,20250416,3416.20,3478.00,3416.20,3478.00,3,3432.33,3,20250417,3468.00,3470.10,3436.50,3459.40,11,3465.32,11,20250421,3518.80,3567.30,3518.70,3558.20,45,3554.13,39,20250422,3575.30,3626.90,3519.20,3553.30,41,3579.2,37,20250423,3485.30,3485.30,3405.00,3425.90,31,3418.45,31,20250424,3495.10,3495.80,3471.50,3482.50,5,3485.82,4,20250425,3435.60,3435.60,3417.70,3430.60,19,3429.81,15,20250428,3424.20,3485.80,3424.20,3480.70,5,3469.66,5,20250429,3466.00,3466.00,3466.00,3466.00,0,3466,0,20250430,3449.30,3449.30,3449.20,3449.20,4,3449.25,2,20250501,3376.30,3378.10,3347.00,3350.40,37,3367.38,35,20250502,3367.50,3398.00,3367.40,3372.50,19,3384.12,19,20250505,3408.30,3458.80,3392.40,3454.60,17,3435.08,16,20250506,3464.40,3557.60,3464.40,3557.60,6,3482.58,5,20250507,3525.20,3534.40,3501.10,3527.60,18,3525.23,14,20250508,3545.10,3551.70,3439.60,3439.60,31,3504.11,28,20250509,3447.40,3481.30,3447.40,3477.80,13,3476.76,10,20250512,3372.00,3375.90,3345.00,3360.60,26,3363.04,19,20250513,3388.80,3394.10,3382.00,3382.00,7,3388.03,7,20250514,3321.20,3321.80,3310.00,3320.20,11,3318.47,10,20250515,3300.00,3373.30,3300.00,3357.30,14,3347.66,13,20250516,3343.90,3343.90,3300.00,3316.80,25,3322.58,19,20250519,3343.00,3381.00,3343.00,3365.60,10,3363.46,10,20250520,3355.00,3418.70,3348.00,3415.70,17,3389.35,15,20250521,3449.00,3453.50,3445.70,3447.40,8,3448.88,8,20250522,3454.90,3475.70,3425.00,3428.90,65,3432.89,43,20250523,3429.10,3502.20,3429.10,3501.50,16,3466.77,16,20250527,3471.00,3484.90,3427.50,3436.80,61,3464.7,56,20250528,3439.00,3452.60,3428.60,3429.40,10,3440.89,10,20250529,3448.00,3448.30,3448.00,3448.30,5,3448.02,5,20250530,3440.20,3441.80,3419.60,3419.60,4,3430.43,4,20250602,3484.00,3507.00,3482.80,3503.50,14,3489,11,20250603,3492.00,3492.00,3478.10,3485.20,9,3485.11,9,20250604,3485.10,3506.70,3477.50,3506.70,11,3487.13,10,20250605,3510.50,3510.50,3470.00,3482.00,24,3489.56,24,20250606,3485.40,3498.00,3453.60,3453.60,13,3481.12,11,20250609,3461.90,3461.90,3461.50,3461.50,4,3461.78,4,20250610,3473.90,3473.90,3450.00,3450.30,6,3454.18,6,20250611,3457.00,3457.00,3450.00,3450.00,4,3451.9,4,20250612,3491.00,3522.00,3466.40,3507.90,13,3504.98,10,20250613,3559.30,3560.20,3559.30,3559.60,4,3559.65,4,20250616,3575.80,3575.80,3523.80,3523.80,8,3539.33,5,20250617,3508.50,3515.10,3505.50,3515.10,6,3507.55,5,20250618,3499.00,3520.80,3491.70,3515.10,19,3509.35,17,20250620,3499.50,3500.70,3473.60,3492.60,13,3489.23,13,20250623,3490.40,3501.20,3490.40,3501.20,1,3490.4,1,20250624,3467.40,3470.70,3440.20,3440.20,12,3460.55,8,20250625,3451.20,3456.00,3449.00,3449.70,12,3453.38,11,20250626,3454.00,3455.30,3452.60,3454.30,8,3453.61,7,20250627,3396.10,3400.00,3385.00,3392.70,9,3392.31,8,20250630,3377.10,3415.00,3377.00,3412.90,16,3400.12,15,20250701,3448.00,3465.90,3445.00,3455.50,46,3457.53,37,20250702,3461.00,3468.90,3454.30,3466.00,63,3463.17,44,20250703,3478.00,3478.00,3441.40,3450.30,57,3450.21,37,20250707,3450.80,3459.10,3425.30,3450.30,74,3448.72,45,20250708,3456.00,3456.00,3423.90,3424.50,51,3425.67,33,20250709,3419.20,3427.80,3399.00,3427.50,56,3425.34,37,20250710,3438.70,3438.70,3428.30,3432.10,11,3431.46,10,20250711,3440.00,3487.40,3440.00,3470.30,90,3466.87,45,20250714,3487.00,3494.00,3457.80,3466.80,64,3470.91,52,20250715,3477.60,3477.60,3437.30,3444.40,188,3457.37,136,20250716,3452.10,3489.50,3433.70,3466.10,76,3456.74,60,20250717,3427.20,3452.90,3422.80,3452.60,42,3443.1,38,20250718,3452.00,3471.50,3452.00,3465.50,26,3466.57,26,20250721,3465.50,3523.50,3465.50,3515.40,62,3502.48,44,20250722,3524.00,3558.00,3506.90,3555.20,66,3531.53,44,20250723,3554.00,3554.10,3504.10,3507.30,209,3533.24,138,20250724,3506.00,3506.00,3464.60,3483.90,148,3479.04,104,20250725,3459.70,3460.80,3434.30,3443.80,133,3446.74,88,20250728,3445.80,3449.80,3410.40,3418.00,232,3430.86,165,20250729,3415.60,3437.30,3415.60,3432.40,192,3428.48,156,20250730,3434.60,3438.60,3372.40,3403.70,181,3405.12,157,20250731,3389.70,3413.40,3387.10,3400.00,48,3397.46,48,20250801,3397.80,3458.50,3388.30,3449.90,44,3428.42,40,20250804,3457.70,3482.80,3456.90,3476.90,67,3473.32,61,20250805,3483.30,3487.70,3453.80,3485.70,45,3481,45,20250806,3484.50,3488.20,3463.20,3484.30,46,3480.62,43,20250807,3484.10,3518.10,3484.10,3503.30,57,3501.16,54,20250808,3559.30,3560.00,3504.00,3539.30,153,3527.89,109,20250811,3516.00,3516.10,3453.30,3457.50,290,3466.42,210,20250812,3458.50,3458.50,3433.80,3451.50,202,3449.42,176,20250813,3454.40,3469.60,3447.50,3460.80,136,3458.45,119,20250814,3470.60,3470.60,3428.00,3435.20,222,3445.15,163,20250815,3433.90,3442.60,3432.10,3434.00,78,3437.18,70,20250818,3429.30,3450.40,3420.00,3429.40,83,3436.19,73,20250819,3433.80,3439.60,3409.10,3409.30,128,3416.27,112,20250820,3409.50,3442.90,3404.00,3439.50,45,3419.85,40,20250821,3435.60,3441.20,3421.30,3433.00,53,3433.91,43,20250822,3429.70,3473.10,3415.20,3469.60,151,3453.06,102,20250825,3467.00,3472.60,3457.20,3469.00,43,3466.2,42,20250826,3455.60,3491.00,3450.00,3485.20,145,3472.92,112,20250827,3494.00,3504.00,3476.70,3501.90,62,3488.25,55,20250828,3502.50,3530.50,3497.50,3526.80,128,3513.94,86,20250829,3527.80,3573.00,3518.60,3569.60,83,3546.6,70,20250902,3563.60,3653.20,3560.70,3646.10,148,3612.9,131,20250903,3651.00,3694.20,3651.00,3689.90,97,3677.18,70,20250904,3672.00,3672.00,3631.30,3661.30,218,3652.7,137,20250905,3664.00,3709.30,3661.70,3707.50,159,3693.83,141,20250908,3687.30,3738.10,3678.40,3731.20,347,3722.46,261,20250909,3726.00,3765.40,3718.80,3735.90,148,3743.38,137,20250910,3716.80,3748.80,3710.40,3735.80,65,3733.77,58,20250911,3735.80,3740.00,3705.50,3726.80,167,3722.11,155,20250912,3726.40,3746.70,3723.60,3740.30,211,3739.78,181,20250915,3736.10,3777.80,3717.10,3773.10,195,3744.54,152,20250916,3770.10,3793.70,3768.40,3779.50,171,3780.34,132,20250917,3786.60,3795.90,3735.00,3772.50,317,3763.45,249,20250918,3750.50,3760.60,3720.90,3732.60,114,3740.98,106,20250919,3730.70,3773.20,3722.70,3760.50,122,3751.76,91,20250922,3776.00,3838.00,3776.00,3830.50,243,3813.72,180,20250923,3833.50,3878.00,3830.00,3872.30,287,3857.7,233,20250924,3853.00,3867.50,3807.90,3824.70,194,3840.89,165,20250925,3825.40,3847.70,3810.00,3828.80,239,3831.53,184,20250926,3839.90,3870.70,3823.00,3866.90,168,3845.9,147,20250929,3847.00,3920.50,3847.00,3914.60,208,3901.45,185,20250930,3917.10,3958.40,3880.50,3932.10,707,3926.8,390,20251001,3945.80,3982.30,3941.90,3956.90,391,3963.22,298,20251002,3952.00,3981.00,3903.00,3926.50,407,3932.98,286,20251003,3940.40,3973.90,3922.00,3967.60,260,3959.18,192,20251006,3970.00,4053.20,3970.00,4037.10,308,4019.94,227,20251007,4046.20,4075.50,4028.20,4066.60,316,4057.76,225,20251008,4075.00,4143.60,4069.80,4133.70,557,4122.66,462,20251009,4118.00,4140.00,4024.80,4034.00,496,4086.12,435,20251010,4057.50,4099.80,4023.00,4062.00,693,4068.92,635,20251013,4081.70,4198.90,4081.70,4196.40,429,4159.63,347,20251014,4196.40,4253.90,4169.80,4226.60,519,4214.9,451,20251015,4241.00,4297.70,4232.10,4265.50,736,4273.69,633,20251016,4290.40,4410.00,4280.50,4369.70,893,4338.2,790,20251017,4420.10,4455.00,4261.40,4276.80,1234,4381.15,959,20251020,4331.30,4460.00,4298.50,4425.40,670,4375.79,507,20251021,4436.70,4457.00,4156.10,4171.40,853,4298.23,765,20251022,4203.00,4232.50,4090.10,4128.00,632,4159.78,527,20251023,4174.90,4234.90,4155.90,4209.10,378,4201.32,301,20251024,4197.00,4220.70,4124.90,4201.30,320,4183.93,302,20251027,4159.70,4180.00,4049.00,4081.30,506,4114.31,410,20251028,4063.40,4093.00,3965.20,4043.70,411,4021.4,335,20251029,4007.90,4103.10,4007.90,4062.60,417,4068.7,345,20251030,4000.00,4103.30,3993.20,4079.00,302,4055.57,279,20251031,4103.00,4112.60,4045.60,4059.00,494,4079.03,347,20251103,4071.00,4104.70,4035.70,4077.20,261,4083.66,235,20251104,4069.40,4073.90,4000.00,4022.50,452,4031.32,425,20251105,4008.00,4061.40,4003.00,4055.70,336,4045.38,290,20251106,4041.60,4091.00,4036.90,4053.60,362,4061.73,288,20251107,4070.00,4097.00,4055.50,4072.80,152,4072.3,146,20251110,4080.00,4187.70,4080.00,4186.50,430,4150.02,357,20251111,4187.70,4218.30,4167.90,4180.90,513,4195.63,334,20251112,4205.20,4281.00,4173.80,4279.20,651,4230.8,429,20251113,4267.80,4313.80,4219.00,4261.70,514,4272.69,309,20251114,4248.90,4280.80,4100.00,4159.00,824,4194.06,571,20251117,4146.40,4170.00,4072.20,4139.50,631,4134.74,438,20251118,4120.00,4147.20,4066.20,4131.20,852,4110.83,562,20251119,4133.50,4199.00,4121.20,4148.30,944,4160.06,746,20251120,4144.30,4172.00,4095.00,4125.30,728,4136.93,566,20251121,4139.40,4165.00,4084.00,4144.90,1045,4121.76,861,20251124,4132.70,4201.20,4102.60,4159.60,563,4139.24,518,20251125,4197.50,4221.80,4173.20,4206.50,1587,4199.47,1261,20251126,4195.90,4238.00,4194.90,4231.80,1559,4223.79,1132,20251128,4228.20,4291.40,4204.20,4284.80,2456,4238.97,1809,20251201,4289.40,4330.00,4271.40,4305.70,2807,4301.96,2181,20251202,4294.20,4296.70,4225.00,4251.50,3074,4263.78,2001,20251203,4269.60,4303.50,4257.20,4263.20,2165,4277.04,1641,20251204,4265.60,4281.20,4234.40,4273.40,1530,4260.23,1221,20251205,4269.00,4320.90,4253.70,4273.80,1674,4283.84,1362,20251208,4260.70,4277.70,4235.00,4248.60,1318,4257.26,1116,20251209,4249.80,4282.20,4229.10,4267.40,1653,4259.58,1276,20251210,4267.10,4298.50,4239.10,4255.60,2052,4265.46,1387,20251211,4291.40,4348.20,4262.40,4344.40,3519,4306.8,2406,20251212,4337.90,4419.00,4317.40,4360.00,3465,4370.53,2394,20251215,4360.70,4415.00,4348.80,4367.00,2600,4384.1,1804,20251216,4367.00,4399.00,4329.70,4363.90,2347,4370.23,1903,20251217,4366.80,4414.40,4366.10,4405.50,2295,4394.4,1811,20251218,4400.50,4440.40,4369.60,4395.90,2556,4401.31,1885,20251219,4397.60,4419.90,4368.30,4418.80,1786,4399.93,1348,20251222,4401.40,4516.40,4400.20,4501.60,4525,4482.69,2829,20251223,4512.40,4563.20,4489.70,4538.10,5023,4534.8,3547,20251224,4550.00,4587.00,4506.90,4535.10,2746,4551,2091,20251226,4548.60,4616.50,4548.60,4585.70,5113,4584.63,3228,20251229,4601.90,4609.80,4348.60,4375.70,7547,4475.59,5702,20251230,4382.10,4452.00,4372.30,4418.90,2972,4415.92,2402,20251231,4388.40,4416.30,4317.60,4373.90,3816,4369.44,2996,20260102,4377.40,4446.70,4352.30,4361.90,2953,4406.53,2238,20260105,4395.90,4500.00,4387.80,4484.10,4680,4468.16,3364,20260106,4493.20,4541.00,4471.90,4529.10,4077,4512.65,2846,20260107,4540.70,4545.00,4465.80,4495.30,4192,4497.08,3095,20260108,4503.70,4521.50,4447.80,4493.90,3968,4478.53,3153,20260109,4519.80,4560.20,4496.60,4534.70,3576,4531.1,2726,20260112,4561.70,4674.60,4558.70,4649.20,7296,4636.91,5657,20260113,4639.00,4678.00,4611.00,4633.50,6271,4639.96,5059,20260114,4632.30,4685.00,4632.00,4670.10,7857,4665.94,5848,20260115,4670.70,4671.40,4618.00,4657.70,8713,4642.85,6304,20260116,4657.70,4658.80,4573.30,4629.40,10012,4628.47,7012,20260120,4661.00,4806.00,4659.50,4800.80,20405,4752.58,14735,20260121,4804.90,4925.10,4793.30,4873.10,28781,4874.98,20258,20260122,4871.00,4980.10,4807.90,4949.40,29392,4890.16,19185,20260123,4977.80,5028.30,4937.70,5017.00,30608,4994.88,21675,20260126,5042.80,5145.20,5022.90,5122.30,83726,5104.05,53274,20260127,5043.90,5229.80,5043.90,5120.60,91940,5125.9,59178,20260128,5218.60,5452.80,5193.60,5340.20,335433,5308.43,244435,20260129,5449.90,5626.80,5126.00,5354.80,535273,5453.48,389653,20260130,5410.00,5480.20,4700.40,4745.10,471965,5063.64,347329,20260202,4816.00,4905.60,4423.20,4652.60,360736,4700.51,278042,20260203,4691.00,5018.10,4690.20,4935.00,244229,4923.61,185601,20260204,4966.10,5113.90,4867.70,4950.80,227117,5009.67,168796,20260205,4986.60,5045.00,4779.60,4889.50,220040,4890.03,168030,20260206,4800.00,4995.60,4670.00,4979.80,162332,4877.87,122381,20260209,5003.60,5111.10,4988.60,5079.40,113012,5053.36,85188,20260210,5084.30,5102.70,5011.00,5031.00,97289,5056.95,73185,20260211,5048.00,5144.50,5036.30,5098.50,116736,5092.54,85306,20260212,5107.30,5122.80,4900.00,4948.40,147097,5017.32,109043,20260213,4950.00,5069.10,4907.10,5046.30,112783,5008.52,84368,20260217,5050.00,5074.40,4854.20,4905.90,156491,4944.22,115073,20260218,4898.50,5031.90,4868.50,5009.50,89152,4977.6,64870,20260219,4993.70,5042.80,4971.50,4997.40,80714,5013.01,59273,20260220,5015.00,5131.00,4999.30,5080.90,122265,5060.54,89502,20260223,5128.80,5257.30,5120.40,5225.60,129801,5194.74,96088,20260224,5247.50,5269.40,5109.50,5176.30,133586,5178.29,97377,20260225,5160.00,5237.30,5135.90,5226.20,102208,5202.93,75253,20260226,5175.30,5221.90,5144.80,5194.20,118374,5192.79,89293,20260227,5201.90,5299.00,5182.90,5247.90,136922,5234.26,100031,20260302,5360.00,5434.10,5272.90,5311.60,210669,5365.14,157496,20260303,5335.70,5394.20,5005.00,5123.70,244893,5183.42,184459,20260304,5110.00,5218.30,5092.80,5134.70,126108,5169.17,95127,20260305,5155.70,5204.30,5058.90,5078.70,132000,5128.75,98317,20260306,5099.70,5185.00,5071.00,5158.70,122732,5129.68,93148,20260309,5186.70,5210.40,5021.20,5103.70,143108,5104.82,108666,20260310,5152.40,5248.70,5127.10,5242.10,133668,5201.88,98283,20260311,5194.00,5230.90,5155.90,5179.10,99576,5192.64,75064,20260312,5185.40,5197.80,5058.20,5125.80,119006,5148.38,88714,20260313,5084.00,5132.40,5014.10,5061.70,136317,5080.18,99283,20260316,5010.00,5044.50,4970.10,5002.20,140663,5008.99,104310,20260317,5012.20,5049.40,4977.00,5008.20,97680,5015.48,72153,20260318,5010.60,5022.00,4809.30,4896.20,173157,4916.97,126932,20260319,4828.00,4868.70,4505.00,4605.70,256126,4660.11,192578,20260320,4653.90,4738.20,4478.40,4574.90,191786,4624.05,143871,20260323,4450.00,4537.10,4100.00,4407.30,336923,4355.47,257584,20260324,4414.80,4485.60,4306.30,4402.00,170808,4395.87,132601,20260325,4473.50,4601.00,4458.20,4552.30,182101,4552.24,133335,20260326,4508.90,4541.60,4348.20,4376.30,166626,4437.09,128484,20260327,4371.80,4552.10,4369.10,4492.50,21186,4442.74,15226,20260330,4482.80,4579.10,4413.40,4526.00,3547,4517.34,2623,20260331,4510.00,4684.10,4508.60,4647.60,867,4609,442,20260401,4668.40,4789.10,4668.00,4783.20,516,4734.7,280,20260402,4764.90,4784.40,4558.90,4651.50,380,4647.67,262,20260406,4656.10,4689.60,4605.00,4656.80,88,4675.65,75,20260407,4624.90,4676.30,4608.00,4657.10,154,4651.33,90,20260408,4760.00,4851.00,4738.80,4749.50,369,4797.39,240,20260409,4711.00,4711.10,4711.00,4711.00,6,4711.02,5
[2026-04-09 15:19:40] INFO     | trading.broker         | Fetched 472 historical bars for GCJ6
[2026-04-09 15:19:40] INFO     | trading.strategy.mgc_pullback | Last bar  date=2026-04-09  close=4711.00  SMA200=4208.69  SMA37=4899.57  RSI2=53.36
[2026-04-09 15:19:40] DEBUG    | ib_insync.client       | >>> 9,8,5,0,MGC,FUT,202604,0.0,,,COMEX,,USD,,,0,,,
[2026-04-09 15:19:41] DEBUG    | ib_insync.client       | <<< 10,5,MGC,FUT,20260428 13:30:00 US/Eastern,0,,COMEX,USD,MGCJ6,MGC,MGC,706903676,0.1,10,ACTIVETIM,AD,ADJUST,ALERT,ALGO,ALLOC,AVGCOST,BASKET,BENCHPX,COND,CONDORDER,DAY,DEACT,DEACTDIS,DEACTEOD,GAT,GTC,GTD,GTT,HID,ICE,IOC,LIT,LMT,LTH,MIT,MKT,MTL,NGCOMB,NONALGO,OCA,PEGBENCH,SCALE,SCALERST,SIZECHK,SNAPMID,SNAPMKT,SNAPREL,STP,STPLMT,TRAIL,TRAILLIT,TRAILLMT,TRAILMIT,WHATIF,COMEX,1,79702479,E-Micro Gold ,,202604,,,,US/Eastern,20260408:1800-20260409:1700;20260409:1800-20260410:1700;20260411:CLOSED;20260412:1800-20260413:1700;20260413:1800-20260414:1700;20260414:1800-20260415:1700,20260409:0930-20260409:1700;20260410:0930-20260410:1700;20260411:CLOSED;20260412:CLOSED;20260413:0930-20260413:1700;20260414:0930-20260414:1700;20260414:1800-20260415:1700,,,0,2147483647,MGC,IND,65,20260428,,1,1,1
[2026-04-09 15:19:41] DEBUG    | ib_insync.client       | <<< 52,1,5
[2026-04-09 15:19:41] INFO     | trading.broker         | Qualified contract: MGCJ6  conId=706903676
[2026-04-09 15:19:41] INFO     | trading.strategy.mgc_pullback | States  uptrend=True  pullback=False  exit_up=False  pos=0
[2026-04-09 15:19:41] INFO     | trading.main           | [DRY RUN] Signal: ENTRY_LONG | Reason: UpTrend & Pullback (RSI2 < 30)
[2026-04-09 15:19:41] INFO     | ib_insync.ib           | Disconnecting from 127.0.0.1:4002, 310 B sent in 11 messages, 42.2 kB received in 314 messages, session time 2.13 s.
[2026-04-09 15:19:41] INFO     | ib_insync.client       | Disconnecting
[2026-04-09 15:19:41] INFO     | trading.broker         | Disconnected from IBKR
[2026-04-09 15:19:41] INFO     | trading.db             | Database connection closed
[2026-04-09 15:19:41] INFO     | trading.main           | ALL STRATEGIES COMPLETE
[2026-04-09 15:19:50] DEBUG    | asyncio                | Using selector: KqueueSelector
[2026-04-09 15:19:51] INFO     | trading.main           | ============================================================
[2026-04-09 15:19:51] INFO     | trading.main           |   TRADING FRAMEWORK – STARTING
[2026-04-09 15:19:51] INFO     | trading.main           | ============================================================
[2026-04-09 15:19:51] INFO     | trading.db             | Database ready at /Users/rishabhmaniyar/Downloads/trading_framework/data/trading.db
[2026-04-09 15:19:51] INFO     | trading.broker         | Connecting to IBKR 127.0.0.1:4002 (attempt 1/3)
[2026-04-09 15:19:51] INFO     | ib_insync.client       | Connecting to 127.0.0.1:4002 with clientId 27...
[2026-04-09 15:19:51] INFO     | ib_insync.client       | Connected
[2026-04-09 15:19:51] DEBUG    | ib_insync.client       | <<< 176,20260409 15:19:50 India Standard Time
[2026-04-09 15:19:51] DEBUG    | ib_insync.client       | >>> 71,2,27,
[2026-04-09 15:19:51] INFO     | ib_insync.client       | Logged on to server version 176
[2026-04-09 15:19:51] DEBUG    | ib_insync.client       | <<< 15,1,DUM165609
[2026-04-09 15:19:51] DEBUG    | ib_insync.client       | <<< 9,1,1
[2026-04-09 15:19:51] DEBUG    | ib_insync.client       | <<< 4,2,-1,2104,Market data farm connection is OK:usfarm,
[2026-04-09 15:19:51] INFO     | ib_insync.wrapper      | Warning 2104, reqId -1: Market data farm connection is OK:usfarm
[2026-04-09 15:19:51] INFO     | ib_insync.client       | API connection ready
[2026-04-09 15:19:51] DEBUG    | ib_insync.client       | >>> 61,1
[2026-04-09 15:19:51] DEBUG    | ib_insync.client       | >>> 5,1
[2026-04-09 15:19:51] DEBUG    | ib_insync.client       | >>> 99,0
[2026-04-09 15:19:51] DEBUG    | ib_insync.client       | >>> 6,2,1,DUM165609
[2026-04-09 15:19:51] DEBUG    | ib_insync.client       | >>> 76,1,1,DUM165609,,0
[2026-04-09 15:19:51] DEBUG    | ib_insync.client       | <<< 4,2,-1,2106,HMDS data farm connection is OK:ushmds,
[2026-04-09 15:19:51] INFO     | ib_insync.wrapper      | Warning 2106, reqId -1: HMDS data farm connection is OK:ushmds
[2026-04-09 15:19:51] DEBUG    | ib_insync.client       | <<< 4,2,-1,2158,Sec-def data farm connection is OK:secdefil,
[2026-04-09 15:19:51] INFO     | ib_insync.wrapper      | Warning 2158, reqId -1: Sec-def data farm connection is OK:secdefil
[2026-04-09 15:19:51] DEBUG    | ib_insync.client       | <<< 61,3,DUM165609,770561194,MES,FUT,20260618,0.0,,5,,USD,MESM6,MES,3,33228.12
[2026-04-09 15:19:51] INFO     | ib_insync.wrapper      | position: Position(account='DUM165609', contract=Future(conId=770561194, symbol='MES', lastTradeDateOrContractMonth='20260618', multiplier='5', currency='USD', localSymbol='MESM6', tradingClass='MES'), position=3.0, avgCost=33228.12)
[2026-04-09 15:19:51] DEBUG    | ib_insync.client       | <<< 62,1
[2026-04-09 15:19:51] DEBUG    | ib_insync.client       | <<< 53,1
[2026-04-09 15:19:51] DEBUG    | ib_insync.client       | <<< 102
[2026-04-09 15:19:51] DEBUG    | ib_insync.client       | <<< 6,2,AccountCode,DUM165609,,DUM165609
[2026-04-09 15:19:51] DEBUG    | ib_insync.client       | <<< 6,2,AccountOrGroup,DUM165609,BASE,DUM165609
[2026-04-09 15:19:51] DEBUG    | ib_insync.client       | <<< 6,2,AccountOrGroup,DUM165609,USD,DUM165609
[2026-04-09 15:19:51] DEBUG    | ib_insync.client       | <<< 6,2,AccountReady,true,,DUM165609
[2026-04-09 15:19:51] DEBUG    | ib_insync.client       | <<< 6,2,AccountType,CORPORATION,,DUM165609
[2026-04-09 15:19:51] DEBUG    | ib_insync.client       | <<< 6,2,AccruedCash,141.71,BASE,DUM165609
[2026-04-09 15:19:51] DEBUG    | ib_insync.client       | <<< 6,2,AccruedCash,141.71,USD,DUM165609
[2026-04-09 15:19:51] DEBUG    | ib_insync.client       | <<< 6,2,AccruedCash-P,0.00,USD,DUM165609
[2026-04-09 15:19:51] DEBUG    | ib_insync.client       | <<< 6,2,AccruedCash-S,141.71,USD,DUM165609
[2026-04-09 15:19:51] DEBUG    | ib_insync.client       | <<< 6,2,AccruedDividend,0.00,USD,DUM165609
[2026-04-09 15:19:51] DEBUG    | ib_insync.client       | <<< 6,2,AccruedDividend-P,0.00,USD,DUM165609
[2026-04-09 15:19:51] DEBUG    | ib_insync.client       | <<< 6,2,AccruedDividend-S,0.00,USD,DUM165609
[2026-04-09 15:19:51] DEBUG    | ib_insync.client       | <<< 6,2,AvailableFunds,235822.41,USD,DUM165609
[2026-04-09 15:19:51] DEBUG    | ib_insync.client       | <<< 6,2,AvailableFunds-P,0.00,USD,DUM165609
[2026-04-09 15:19:51] DEBUG    | ib_insync.client       | <<< 6,2,AvailableFunds-S,235822.41,USD,DUM165609
[2026-04-09 15:19:51] DEBUG    | ib_insync.client       | <<< 6,2,Billable,0.00,USD,DUM165609
[2026-04-09 15:19:51] DEBUG    | ib_insync.client       | <<< 6,2,Billable-P,0.00,USD,DUM165609
[2026-04-09 15:19:51] DEBUG    | ib_insync.client       | <<< 6,2,Billable-S,0.00,USD,DUM165609
[2026-04-09 15:19:51] DEBUG    | ib_insync.client       | <<< 6,2,BuyingPower,1572149.42,USD,DUM165609
[2026-04-09 15:19:51] DEBUG    | ib_insync.client       | <<< 6,2,CashBalance,244861.04,BASE,DUM165609
[2026-04-09 15:19:51] DEBUG    | ib_insync.client       | <<< 6,2,CashBalance,244861.04,USD,DUM165609
[2026-04-09 15:19:51] DEBUG    | ib_insync.client       | <<< 6,2,ColumnPrio-P,5,,DUM165609
[2026-04-09 15:19:51] DEBUG    | ib_insync.client       | <<< 6,2,ColumnPrio-S,1,,DUM165609
[2026-04-09 15:19:51] DEBUG    | ib_insync.client       | <<< 6,2,CorporateBondValue,0.00,BASE,DUM165609
[2026-04-09 15:19:51] DEBUG    | ib_insync.client       | <<< 6,2,CorporateBondValue,0.00,USD,DUM165609
[2026-04-09 15:19:51] DEBUG    | ib_insync.client       | <<< 6,2,Cryptocurrency,0.00,BASE,DUM165609
[2026-04-09 15:19:51] DEBUG    | ib_insync.client       | <<< 6,2,Cryptocurrency,0.00,USD,DUM165609
[2026-04-09 15:19:51] DEBUG    | ib_insync.client       | <<< 6,2,Currency,BASE,BASE,DUM165609
[2026-04-09 15:19:51] DEBUG    | ib_insync.client       | <<< 6,2,Currency,USD,USD,DUM165609
[2026-04-09 15:19:51] DEBUG    | ib_insync.client       | <<< 6,2,Cushion,0.970416,,DUM165609
[2026-04-09 15:19:51] DEBUG    | ib_insync.client       | <<< 6,2,EquityWithLoanValue,245002.75,USD,DUM165609
[2026-04-09 15:19:51] DEBUG    | ib_insync.client       | <<< 6,2,EquityWithLoanValue-P,0.00,USD,DUM165609
[2026-04-09 15:19:51] DEBUG    | ib_insync.client       | <<< 6,2,EquityWithLoanValue-S,245002.75,USD,DUM165609
[2026-04-09 15:19:51] DEBUG    | ib_insync.client       | <<< 6,2,ExcessLiquidity,237754.57,USD,DUM165609
[2026-04-09 15:19:51] DEBUG    | ib_insync.client       | <<< 6,2,ExcessLiquidity-P,0.00,USD,DUM165609
[2026-04-09 15:19:51] DEBUG    | ib_insync.client       | <<< 6,2,ExcessLiquidity-S,237754.57,USD,DUM165609
[2026-04-09 15:19:51] DEBUG    | ib_insync.client       | <<< 6,2,ExchangeRate,1.00,BASE,DUM165609
[2026-04-09 15:19:51] DEBUG    | ib_insync.client       | <<< 6,2,ExchangeRate,1.00,USD,DUM165609
[2026-04-09 15:19:51] DEBUG    | ib_insync.client       | <<< 6,2,FullAvailableFunds,235822.41,USD,DUM165609
[2026-04-09 15:19:51] DEBUG    | ib_insync.client       | <<< 6,2,FullAvailableFunds-P,0.00,USD,DUM165609
[2026-04-09 15:19:51] DEBUG    | ib_insync.client       | <<< 6,2,FullAvailableFunds-S,235822.41,USD,DUM165609
[2026-04-09 15:19:51] DEBUG    | ib_insync.client       | <<< 6,2,FullExcessLiquidity,237754.57,USD,DUM165609
[2026-04-09 15:19:51] DEBUG    | ib_insync.client       | <<< 6,2,FullExcessLiquidity-P,0.00,USD,DUM165609
[2026-04-09 15:19:51] DEBUG    | ib_insync.client       | <<< 6,2,FullExcessLiquidity-S,237754.57,USD,DUM165609
[2026-04-09 15:19:51] DEBUG    | ib_insync.client       | <<< 6,2,FullInitMarginReq,9180.34,USD,DUM165609
[2026-04-09 15:19:51] DEBUG    | ib_insync.client       | <<< 6,2,FullInitMarginReq-P,0.00,USD,DUM165609
[2026-04-09 15:19:51] DEBUG    | ib_insync.client       | <<< 6,2,FullInitMarginReq-S,9180.34,USD,DUM165609
[2026-04-09 15:19:51] DEBUG    | ib_insync.client       | <<< 6,2,FullMaintMarginReq,7248.18,USD,DUM165609
[2026-04-09 15:19:51] DEBUG    | ib_insync.client       | <<< 6,2,FullMaintMarginReq-P,0.00,USD,DUM165609
[2026-04-09 15:19:51] DEBUG    | ib_insync.client       | <<< 6,2,FullMaintMarginReq-S,7248.18,USD,DUM165609
[2026-04-09 15:19:51] DEBUG    | ib_insync.client       | <<< 6,2,FundValue,0.00,BASE,DUM165609
[2026-04-09 15:19:51] DEBUG    | ib_insync.client       | <<< 6,2,FundValue,0.00,USD,DUM165609
[2026-04-09 15:19:51] DEBUG    | ib_insync.client       | <<< 6,2,FutureOptionValue,0.00,BASE,DUM165609
[2026-04-09 15:19:51] DEBUG    | ib_insync.client       | <<< 6,2,FutureOptionValue,0.00,USD,DUM165609
[2026-04-09 15:19:51] DEBUG    | ib_insync.client       | <<< 6,2,FuturesPNL,-352.50,BASE,DUM165609
[2026-04-09 15:19:51] DEBUG    | ib_insync.client       | <<< 6,2,FuturesPNL,-352.50,USD,DUM165609
[2026-04-09 15:19:51] DEBUG    | ib_insync.client       | <<< 6,2,FxCashBalance,0.00,BASE,DUM165609
[2026-04-09 15:19:51] DEBUG    | ib_insync.client       | <<< 6,2,FxCashBalance,0.00,USD,DUM165609
[2026-04-09 15:19:51] DEBUG    | ib_insync.client       | <<< 6,2,GrossPositionValue,0.00,USD,DUM165609
[2026-04-09 15:19:51] DEBUG    | ib_insync.client       | <<< 6,2,GrossPositionValue-S,0.00,USD,DUM165609
[2026-04-09 15:19:51] DEBUG    | ib_insync.client       | <<< 6,2,Guarantee,0.00,USD,DUM165609
[2026-04-09 15:19:51] DEBUG    | ib_insync.client       | <<< 6,2,Guarantee-P,0.00,USD,DUM165609
[2026-04-09 15:19:51] DEBUG    | ib_insync.client       | <<< 6,2,Guarantee-S,0.00,USD,DUM165609
[2026-04-09 15:19:51] DEBUG    | ib_insync.client       | <<< 6,2,IncentiveCoupons,0.00,USD,DUM165609
[2026-04-09 15:19:51] DEBUG    | ib_insync.client       | <<< 6,2,IncentiveCoupons-P,0.00,USD,DUM165609
[2026-04-09 15:19:51] DEBUG    | ib_insync.client       | <<< 6,2,IncentiveCoupons-S,0.00,USD,DUM165609
[2026-04-09 15:19:51] DEBUG    | ib_insync.client       | <<< 6,2,IndianStockHaircut,0.00,USD,DUM165609
[2026-04-09 15:19:51] DEBUG    | ib_insync.client       | <<< 6,2,IndianStockHaircut-P,0.00,USD,DUM165609
[2026-04-09 15:19:51] DEBUG    | ib_insync.client       | <<< 6,2,IndianStockHaircut-S,0.00,USD,DUM165609
[2026-04-09 15:19:51] DEBUG    | ib_insync.client       | <<< 6,2,InitMarginReq,9180.34,USD,DUM165609
[2026-04-09 15:19:51] DEBUG    | ib_insync.client       | <<< 6,2,InitMarginReq-P,0.00,USD,DUM165609
[2026-04-09 15:19:51] DEBUG    | ib_insync.client       | <<< 6,2,InitMarginReq-S,9180.34,USD,DUM165609
[2026-04-09 15:19:51] DEBUG    | ib_insync.client       | <<< 6,2,IssuerOptionValue,0.00,BASE,DUM165609
[2026-04-09 15:19:51] DEBUG    | ib_insync.client       | <<< 6,2,IssuerOptionValue,0.00,USD,DUM165609
[2026-04-09 15:19:51] DEBUG    | ib_insync.client       | <<< 6,2,Leverage-S,0.00,,DUM165609
[2026-04-09 15:19:51] DEBUG    | ib_insync.client       | <<< 6,2,LookAheadAvailableFunds,238576.51,USD,DUM165609
[2026-04-09 15:19:51] DEBUG    | ib_insync.client       | <<< 6,2,LookAheadAvailableFunds-P,0.00,USD,DUM165609
[2026-04-09 15:19:51] DEBUG    | ib_insync.client       | <<< 6,2,LookAheadAvailableFunds-S,238576.51,USD,DUM165609
[2026-04-09 15:19:51] DEBUG    | ib_insync.client       | <<< 6,2,LookAheadExcessLiquidity,239929.02,USD,DUM165609
[2026-04-09 15:19:51] DEBUG    | ib_insync.client       | <<< 6,2,LookAheadExcessLiquidity-P,0.00,USD,DUM165609
[2026-04-09 15:19:51] DEBUG    | ib_insync.client       | <<< 6,2,LookAheadExcessLiquidity-S,239929.02,USD,DUM165609
[2026-04-09 15:19:51] DEBUG    | ib_insync.client       | <<< 6,2,LookAheadInitMarginReq,6426.24,USD,DUM165609
[2026-04-09 15:19:51] DEBUG    | ib_insync.client       | <<< 6,2,LookAheadInitMarginReq-P,0.00,USD,DUM165609
[2026-04-09 15:19:51] DEBUG    | ib_insync.client       | <<< 6,2,LookAheadInitMarginReq-S,6426.24,USD,DUM165609
[2026-04-09 15:19:51] DEBUG    | ib_insync.client       | <<< 6,2,LookAheadMaintMarginReq,5073.73,USD,DUM165609
[2026-04-09 15:19:51] DEBUG    | ib_insync.client       | <<< 6,2,LookAheadMaintMarginReq-P,0.00,USD,DUM165609
[2026-04-09 15:19:51] DEBUG    | ib_insync.client       | <<< 6,2,LookAheadMaintMarginReq-S,5073.73,USD,DUM165609
[2026-04-09 15:19:51] DEBUG    | ib_insync.client       | <<< 6,2,LookAheadNextChange,1775741400,,DUM165609
[2026-04-09 15:19:51] DEBUG    | ib_insync.client       | <<< 6,2,MaintMarginReq,7248.18,USD,DUM165609
[2026-04-09 15:19:51] DEBUG    | ib_insync.client       | <<< 6,2,MaintMarginReq-P,0.00,USD,DUM165609
[2026-04-09 15:19:51] DEBUG    | ib_insync.client       | <<< 6,2,MaintMarginReq-S,7248.18,USD,DUM165609
[2026-04-09 15:19:51] DEBUG    | ib_insync.client       | <<< 6,2,MoneyMarketFundValue,0.00,BASE,DUM165609
[2026-04-09 15:19:51] DEBUG    | ib_insync.client       | <<< 6,2,MoneyMarketFundValue,0.00,USD,DUM165609
[2026-04-09 15:19:51] DEBUG    | ib_insync.client       | <<< 6,2,MutualFundValue,0.00,BASE,DUM165609
[2026-04-09 15:19:51] DEBUG    | ib_insync.client       | <<< 6,2,MutualFundValue,0.00,USD,DUM165609
[2026-04-09 15:19:51] DEBUG    | ib_insync.client       | <<< 6,2,NLVAndMarginInReview,false,,DUM165609
[2026-04-09 15:19:51] DEBUG    | ib_insync.client       | <<< 6,2,NetDividend,0.00,BASE,DUM165609
[2026-04-09 15:19:51] DEBUG    | ib_insync.client       | <<< 6,2,NetDividend,0.00,USD,DUM165609
[2026-04-09 15:19:51] DEBUG    | ib_insync.client       | <<< 6,2,NetLiquidation,245002.75,USD,DUM165609
[2026-04-09 15:19:51] DEBUG    | ib_insync.client       | <<< 6,2,NetLiquidation-P,0.00,USD,DUM165609
[2026-04-09 15:19:51] DEBUG    | ib_insync.client       | <<< 6,2,NetLiquidation-S,245002.75,USD,DUM165609
[2026-04-09 15:19:51] DEBUG    | ib_insync.client       | <<< 6,2,NetLiquidationByCurrency,245002.75,BASE,DUM165609
[2026-04-09 15:19:51] DEBUG    | ib_insync.client       | <<< 6,2,NetLiquidationByCurrency,245002.75,USD,DUM165609
[2026-04-09 15:19:51] DEBUG    | ib_insync.client       | <<< 6,2,NetLiquidationUncertainty,0.00,USD,DUM165609
[2026-04-09 15:19:51] DEBUG    | ib_insync.client       | <<< 6,2,OptionMarketValue,0.00,BASE,DUM165609
[2026-04-09 15:19:51] DEBUG    | ib_insync.client       | <<< 6,2,OptionMarketValue,0.00,USD,DUM165609
[2026-04-09 15:19:51] DEBUG    | ib_insync.client       | <<< 6,2,PASharesValue,0.00,USD,DUM165609
[2026-04-09 15:19:51] DEBUG    | ib_insync.client       | <<< 6,2,PASharesValue-P,0.00,USD,DUM165609
[2026-04-09 15:19:51] DEBUG    | ib_insync.client       | <<< 6,2,PASharesValue-S,0.00,USD,DUM165609
[2026-04-09 15:19:51] DEBUG    | ib_insync.client       | <<< 6,2,PhysicalCertificateValue,0.00,USD,DUM165609
[2026-04-09 15:19:51] DEBUG    | ib_insync.client       | <<< 6,2,PhysicalCertificateValue-P,0.00,USD,DUM165609
[2026-04-09 15:19:51] DEBUG    | ib_insync.client       | <<< 6,2,PhysicalCertificateValue-S,0.00,USD,DUM165609
[2026-04-09 15:19:51] DEBUG    | ib_insync.client       | <<< 6,2,PostExpirationExcess,0.00,USD,DUM165609
[2026-04-09 15:19:51] DEBUG    | ib_insync.client       | <<< 6,2,PostExpirationExcess-P,0.00,USD,DUM165609
[2026-04-09 15:19:51] DEBUG    | ib_insync.client       | <<< 6,2,PostExpirationExcess-S,0.00,USD,DUM165609
[2026-04-09 15:19:51] DEBUG    | ib_insync.client       | <<< 6,2,PostExpirationMargin,0.00,USD,DUM165609
[2026-04-09 15:19:51] DEBUG    | ib_insync.client       | <<< 6,2,PostExpirationMargin-P,0.00,USD,DUM165609
[2026-04-09 15:19:51] DEBUG    | ib_insync.client       | <<< 6,2,PostExpirationMargin-S,0.00,USD,DUM165609
[2026-04-09 15:19:51] DEBUG    | ib_insync.client       | <<< 6,2,RealCurrency,BASE,BASE,DUM165609
[2026-04-09 15:19:51] DEBUG    | ib_insync.client       | <<< 6,2,RealCurrency,USD,USD,DUM165609
[2026-04-09 15:19:51] DEBUG    | ib_insync.client       | <<< 6,2,RealizedPnL,0.00,BASE,DUM165609
[2026-04-09 15:19:51] DEBUG    | ib_insync.client       | <<< 6,2,RealizedPnL,0.00,USD,DUM165609
[2026-04-09 15:19:51] DEBUG    | ib_insync.client       | <<< 6,2,SegmentTitle-P,Crypto at Paxos,,DUM165609
[2026-04-09 15:19:51] DEBUG    | ib_insync.client       | <<< 6,2,SegmentTitle-S,Securities,,DUM165609
[2026-04-09 15:19:51] DEBUG    | ib_insync.client       | <<< 6,2,SettledCashByDate,20260409:245213.54;20260410:244861.03999999,,DUM165609
[2026-04-09 15:19:51] DEBUG    | ib_insync.client       | <<< 6,2,SettledCashByDate-P,20260409:0,,DUM165609
[2026-04-09 15:19:51] DEBUG    | ib_insync.client       | <<< 6,2,SettledCashByDate-S,20260409:245213.54;20260410:244861.03999999,,DUM165609
[2026-04-09 15:19:51] DEBUG    | ib_insync.client       | <<< 6,2,StockMarketValue,0.00,BASE,DUM165609
[2026-04-09 15:19:51] DEBUG    | ib_insync.client       | <<< 6,2,StockMarketValue,0.00,USD,DUM165609
[2026-04-09 15:19:51] DEBUG    | ib_insync.client       | <<< 6,2,TBillValue,0.00,BASE,DUM165609
[2026-04-09 15:19:51] DEBUG    | ib_insync.client       | <<< 6,2,TBillValue,0.00,USD,DUM165609
[2026-04-09 15:19:51] DEBUG    | ib_insync.client       | <<< 6,2,TBondValue,0.00,BASE,DUM165609
[2026-04-09 15:19:51] DEBUG    | ib_insync.client       | <<< 6,2,TBondValue,0.00,USD,DUM165609
[2026-04-09 15:19:51] DEBUG    | ib_insync.client       | <<< 6,2,TotalCashBalance,244861.04,BASE,DUM165609
[2026-04-09 15:19:51] DEBUG    | ib_insync.client       | <<< 6,2,TotalCashBalance,244861.04,USD,DUM165609
[2026-04-09 15:19:51] DEBUG    | ib_insync.client       | <<< 6,2,TotalCashValue,244861.04,USD,DUM165609
[2026-04-09 15:19:51] DEBUG    | ib_insync.client       | <<< 6,2,TotalCashValue-P,0.00,USD,DUM165609
[2026-04-09 15:19:51] DEBUG    | ib_insync.client       | <<< 6,2,TotalCashValue-S,244861.04,USD,DUM165609
[2026-04-09 15:19:51] DEBUG    | ib_insync.client       | <<< 6,2,TotalDebitCardPendingCharges,0.00,USD,DUM165609
[2026-04-09 15:19:51] DEBUG    | ib_insync.client       | <<< 6,2,TotalDebitCardPendingCharges-P,0.00,USD,DUM165609
[2026-04-09 15:19:51] DEBUG    | ib_insync.client       | <<< 6,2,TotalDebitCardPendingCharges-S,0.00,USD,DUM165609
[2026-04-09 15:19:51] DEBUG    | ib_insync.client       | <<< 6,2,TradingType-S,STKNOPT,,DUM165609
[2026-04-09 15:19:51] DEBUG    | ib_insync.client       | <<< 6,2,UnrealizedPnL,2319.39,BASE,DUM165609
[2026-04-09 15:19:51] DEBUG    | ib_insync.client       | <<< 6,2,UnrealizedPnL,2319.39,USD,DUM165609
[2026-04-09 15:19:51] DEBUG    | ib_insync.client       | <<< 6,2,WarrantValue,0.00,BASE,DUM165609
[2026-04-09 15:19:51] DEBUG    | ib_insync.client       | <<< 6,2,WarrantValue,0.00,USD,DUM165609
[2026-04-09 15:19:51] DEBUG    | ib_insync.client       | <<< 7,8,770561194,MES,FUT,20260618,0,0,5,CME,USD,MESM6,MES,3,6800.25,102003.75,33228.12,2319.39,0.0,DUM165609
[2026-04-09 15:19:51] INFO     | ib_insync.wrapper      | updatePortfolio: PortfolioItem(contract=Future(conId=770561194, symbol='MES', lastTradeDateOrContractMonth='20260618', right='0', multiplier='5', primaryExchange='CME', currency='USD', localSymbol='MESM6', tradingClass='MES'), position=3.0, marketPrice=6800.25, marketValue=102003.75, averageCost=33228.12, unrealizedPNL=2319.39, realizedPNL=0.0, account='DUM165609')
[2026-04-09 15:19:51] DEBUG    | ib_insync.client       | <<< 8,1,15:18
[2026-04-09 15:19:51] DEBUG    | ib_insync.client       | <<< 8,1,15:18
[2026-04-09 15:19:51] DEBUG    | ib_insync.client       | <<< 54,1,DUM165609
[2026-04-09 15:19:51] DEBUG    | ib_insync.client       | <<< 73,1,1,DUM165609,,AccountCode,DUM165609,
[2026-04-09 15:19:51] DEBUG    | ib_insync.client       | <<< 73,1,1,DUM165609,,AccountReady,true,
[2026-04-09 15:19:51] DEBUG    | ib_insync.client       | <<< 73,1,1,DUM165609,,AccountType,CORPORATION,
[2026-04-09 15:19:51] DEBUG    | ib_insync.client       | <<< 73,1,1,DUM165609,,AccruedCash,141.71,USD
[2026-04-09 15:19:51] DEBUG    | ib_insync.client       | <<< 73,1,1,DUM165609,,AccruedCash-P,0.00,USD
[2026-04-09 15:19:51] DEBUG    | ib_insync.client       | <<< 73,1,1,DUM165609,,AccruedCash-S,141.71,USD
[2026-04-09 15:19:51] DEBUG    | ib_insync.client       | <<< 73,1,1,DUM165609,,AccruedDividend,0.00,USD
[2026-04-09 15:19:51] DEBUG    | ib_insync.client       | <<< 73,1,1,DUM165609,,AccruedDividend-P,0.00,USD
[2026-04-09 15:19:51] DEBUG    | ib_insync.client       | <<< 73,1,1,DUM165609,,AccruedDividend-S,0.00,USD
[2026-04-09 15:19:51] DEBUG    | ib_insync.client       | <<< 73,1,1,DUM165609,,AvailableFunds,235822.41,USD
[2026-04-09 15:19:51] DEBUG    | ib_insync.client       | <<< 73,1,1,DUM165609,,AvailableFunds-P,0.00,USD
[2026-04-09 15:19:51] DEBUG    | ib_insync.client       | <<< 73,1,1,DUM165609,,AvailableFunds-S,235822.41,USD
[2026-04-09 15:19:51] DEBUG    | ib_insync.client       | <<< 73,1,1,DUM165609,,Billable,0.00,USD
[2026-04-09 15:19:51] DEBUG    | ib_insync.client       | <<< 73,1,1,DUM165609,,Billable-P,0.00,USD
[2026-04-09 15:19:51] DEBUG    | ib_insync.client       | <<< 73,1,1,DUM165609,,Billable-S,0.00,USD
[2026-04-09 15:19:51] DEBUG    | ib_insync.client       | <<< 73,1,1,DUM165609,,BuyingPower,1572149.42,USD
[2026-04-09 15:19:51] DEBUG    | ib_insync.client       | <<< 73,1,1,DUM165609,,ColumnPrio-P,5,
[2026-04-09 15:19:51] DEBUG    | ib_insync.client       | <<< 73,1,1,DUM165609,,ColumnPrio-S,1,
[2026-04-09 15:19:51] DEBUG    | ib_insync.client       | <<< 73,1,1,DUM165609,,Cushion,0.970416,
[2026-04-09 15:19:51] DEBUG    | ib_insync.client       | <<< 73,1,1,DUM165609,,EquityWithLoanValue,245002.75,USD
[2026-04-09 15:19:51] DEBUG    | ib_insync.client       | <<< 73,1,1,DUM165609,,EquityWithLoanValue-P,0.00,USD
[2026-04-09 15:19:51] DEBUG    | ib_insync.client       | <<< 73,1,1,DUM165609,,EquityWithLoanValue-S,245002.75,USD
[2026-04-09 15:19:51] DEBUG    | ib_insync.client       | <<< 73,1,1,DUM165609,,ExcessLiquidity,237754.57,USD
[2026-04-09 15:19:51] DEBUG    | ib_insync.client       | <<< 73,1,1,DUM165609,,ExcessLiquidity-P,0.00,USD
[2026-04-09 15:19:51] DEBUG    | ib_insync.client       | <<< 73,1,1,DUM165609,,ExcessLiquidity-S,237754.57,USD
[2026-04-09 15:19:51] DEBUG    | ib_insync.client       | <<< 73,1,1,DUM165609,,FullAvailableFunds,235822.41,USD
[2026-04-09 15:19:51] DEBUG    | ib_insync.client       | <<< 73,1,1,DUM165609,,FullAvailableFunds-P,0.00,USD
[2026-04-09 15:19:51] DEBUG    | ib_insync.client       | <<< 73,1,1,DUM165609,,FullAvailableFunds-S,235822.41,USD
[2026-04-09 15:19:51] DEBUG    | ib_insync.client       | <<< 73,1,1,DUM165609,,FullExcessLiquidity,237754.57,USD
[2026-04-09 15:19:51] DEBUG    | ib_insync.client       | <<< 73,1,1,DUM165609,,FullExcessLiquidity-P,0.00,USD
[2026-04-09 15:19:51] DEBUG    | ib_insync.client       | <<< 73,1,1,DUM165609,,FullExcessLiquidity-S,237754.57,USD
[2026-04-09 15:19:51] DEBUG    | ib_insync.client       | <<< 73,1,1,DUM165609,,FullInitMarginReq,9180.34,USD
[2026-04-09 15:19:51] DEBUG    | ib_insync.client       | <<< 73,1,1,DUM165609,,FullInitMarginReq-P,0.00,USD
[2026-04-09 15:19:51] DEBUG    | ib_insync.client       | <<< 73,1,1,DUM165609,,FullInitMarginReq-S,9180.34,USD
[2026-04-09 15:19:51] DEBUG    | ib_insync.client       | <<< 73,1,1,DUM165609,,FullMaintMarginReq,7248.18,USD
[2026-04-09 15:19:51] DEBUG    | ib_insync.client       | <<< 73,1,1,DUM165609,,FullMaintMarginReq-P,0.00,USD
[2026-04-09 15:19:51] DEBUG    | ib_insync.client       | <<< 73,1,1,DUM165609,,FullMaintMarginReq-S,7248.18,USD
[2026-04-09 15:19:51] DEBUG    | ib_insync.client       | <<< 73,1,1,DUM165609,,GrossPositionValue,0.00,USD
[2026-04-09 15:19:51] DEBUG    | ib_insync.client       | <<< 73,1,1,DUM165609,,GrossPositionValue-S,0.00,USD
[2026-04-09 15:19:51] DEBUG    | ib_insync.client       | <<< 73,1,1,DUM165609,,Guarantee,0.00,USD
[2026-04-09 15:19:51] DEBUG    | ib_insync.client       | <<< 73,1,1,DUM165609,,Guarantee-P,0.00,USD
[2026-04-09 15:19:51] DEBUG    | ib_insync.client       | <<< 73,1,1,DUM165609,,Guarantee-S,0.00,USD
[2026-04-09 15:19:51] DEBUG    | ib_insync.client       | <<< 73,1,1,DUM165609,,IncentiveCoupons,0.00,USD
[2026-04-09 15:19:51] DEBUG    | ib_insync.client       | <<< 73,1,1,DUM165609,,IncentiveCoupons-P,0.00,USD
[2026-04-09 15:19:51] DEBUG    | ib_insync.client       | <<< 73,1,1,DUM165609,,IncentiveCoupons-S,0.00,USD
[2026-04-09 15:19:51] DEBUG    | ib_insync.client       | <<< 73,1,1,DUM165609,,IndianStockHaircut,0.00,USD
[2026-04-09 15:19:51] DEBUG    | ib_insync.client       | <<< 73,1,1,DUM165609,,IndianStockHaircut-P,0.00,USD
[2026-04-09 15:19:51] DEBUG    | ib_insync.client       | <<< 73,1,1,DUM165609,,IndianStockHaircut-S,0.00,USD
[2026-04-09 15:19:51] DEBUG    | ib_insync.client       | <<< 73,1,1,DUM165609,,InitMarginReq,9180.34,USD
[2026-04-09 15:19:51] DEBUG    | ib_insync.client       | <<< 73,1,1,DUM165609,,InitMarginReq-P,0.00,USD
[2026-04-09 15:19:51] DEBUG    | ib_insync.client       | <<< 73,1,1,DUM165609,,InitMarginReq-S,9180.34,USD
[2026-04-09 15:19:51] DEBUG    | ib_insync.client       | <<< 73,1,1,DUM165609,,Leverage-S,0.00,
[2026-04-09 15:19:51] DEBUG    | ib_insync.client       | <<< 73,1,1,DUM165609,,LookAheadAvailableFunds,238576.51,USD
[2026-04-09 15:19:51] DEBUG    | ib_insync.client       | <<< 73,1,1,DUM165609,,LookAheadAvailableFunds-P,0.00,USD
[2026-04-09 15:19:51] DEBUG    | ib_insync.client       | <<< 73,1,1,DUM165609,,LookAheadAvailableFunds-S,238576.51,USD
[2026-04-09 15:19:51] DEBUG    | ib_insync.client       | <<< 73,1,1,DUM165609,,LookAheadExcessLiquidity,239929.02,USD
[2026-04-09 15:19:51] DEBUG    | ib_insync.client       | <<< 73,1,1,DUM165609,,LookAheadExcessLiquidity-P,0.00,USD
[2026-04-09 15:19:51] DEBUG    | ib_insync.client       | <<< 73,1,1,DUM165609,,LookAheadExcessLiquidity-S,239929.02,USD
[2026-04-09 15:19:51] DEBUG    | ib_insync.client       | <<< 73,1,1,DUM165609,,LookAheadInitMarginReq,6426.24,USD
[2026-04-09 15:19:51] DEBUG    | ib_insync.client       | <<< 73,1,1,DUM165609,,LookAheadInitMarginReq-P,0.00,USD
[2026-04-09 15:19:51] DEBUG    | ib_insync.client       | <<< 73,1,1,DUM165609,,LookAheadInitMarginReq-S,6426.24,USD
[2026-04-09 15:19:51] DEBUG    | ib_insync.client       | <<< 73,1,1,DUM165609,,LookAheadMaintMarginReq,5073.73,USD
[2026-04-09 15:19:51] DEBUG    | ib_insync.client       | <<< 73,1,1,DUM165609,,LookAheadMaintMarginReq-P,0.00,USD
[2026-04-09 15:19:51] DEBUG    | ib_insync.client       | <<< 73,1,1,DUM165609,,LookAheadMaintMarginReq-S,5073.73,USD
[2026-04-09 15:19:51] DEBUG    | ib_insync.client       | <<< 73,1,1,DUM165609,,LookAheadNextChange,1775741400,
[2026-04-09 15:19:51] DEBUG    | ib_insync.client       | <<< 73,1,1,DUM165609,,MaintMarginReq,7248.18,USD
[2026-04-09 15:19:51] DEBUG    | ib_insync.client       | <<< 73,1,1,DUM165609,,MaintMarginReq-P,0.00,USD
[2026-04-09 15:19:51] DEBUG    | ib_insync.client       | <<< 73,1,1,DUM165609,,MaintMarginReq-S,7248.18,USD
[2026-04-09 15:19:51] DEBUG    | ib_insync.client       | <<< 73,1,1,DUM165609,,NLVAndMarginInReview,false,
[2026-04-09 15:19:51] DEBUG    | ib_insync.client       | <<< 73,1,1,DUM165609,,NetLiquidation,245002.75,USD
[2026-04-09 15:19:51] DEBUG    | ib_insync.client       | <<< 73,1,1,DUM165609,,NetLiquidation-P,0.00,USD
[2026-04-09 15:19:51] DEBUG    | ib_insync.client       | <<< 73,1,1,DUM165609,,NetLiquidation-S,245002.75,USD
[2026-04-09 15:19:51] DEBUG    | ib_insync.client       | <<< 73,1,1,DUM165609,,NetLiquidationUncertainty,0.00,USD
[2026-04-09 15:19:51] DEBUG    | ib_insync.client       | <<< 73,1,1,DUM165609,,PASharesValue,0.00,USD
[2026-04-09 15:19:51] DEBUG    | ib_insync.client       | <<< 73,1,1,DUM165609,,PASharesValue-P,0.00,USD
[2026-04-09 15:19:51] DEBUG    | ib_insync.client       | <<< 73,1,1,DUM165609,,PASharesValue-S,0.00,USD
[2026-04-09 15:19:51] DEBUG    | ib_insync.client       | <<< 73,1,1,DUM165609,,PhysicalCertificateValue,0.00,USD
[2026-04-09 15:19:51] DEBUG    | ib_insync.client       | <<< 73,1,1,DUM165609,,PhysicalCertificateValue-P,0.00,USD
[2026-04-09 15:19:51] DEBUG    | ib_insync.client       | <<< 73,1,1,DUM165609,,PhysicalCertificateValue-S,0.00,USD
[2026-04-09 15:19:51] DEBUG    | ib_insync.client       | <<< 73,1,1,DUM165609,,PostExpirationExcess,0.00,USD
[2026-04-09 15:19:51] DEBUG    | ib_insync.client       | <<< 73,1,1,DUM165609,,PostExpirationExcess-P,0.00,USD
[2026-04-09 15:19:51] DEBUG    | ib_insync.client       | <<< 73,1,1,DUM165609,,PostExpirationExcess-S,0.00,USD
[2026-04-09 15:19:51] DEBUG    | ib_insync.client       | <<< 73,1,1,DUM165609,,PostExpirationMargin,0.00,USD
[2026-04-09 15:19:51] DEBUG    | ib_insync.client       | <<< 73,1,1,DUM165609,,PostExpirationMargin-P,0.00,USD
[2026-04-09 15:19:51] DEBUG    | ib_insync.client       | <<< 73,1,1,DUM165609,,PostExpirationMargin-S,0.00,USD
[2026-04-09 15:19:51] DEBUG    | ib_insync.client       | <<< 73,1,1,DUM165609,,SegmentTitle-P,Crypto at Paxos,
[2026-04-09 15:19:51] DEBUG    | ib_insync.client       | <<< 73,1,1,DUM165609,,SegmentTitle-S,Securities,
[2026-04-09 15:19:51] DEBUG    | ib_insync.client       | <<< 73,1,1,DUM165609,,SettledCashByDate,20260409:245213.54;20260410:244861.03999999,
[2026-04-09 15:19:51] DEBUG    | ib_insync.client       | <<< 73,1,1,DUM165609,,SettledCashByDate-P,20260409:0,
[2026-04-09 15:19:51] DEBUG    | ib_insync.client       | <<< 73,1,1,DUM165609,,SettledCashByDate-S,20260409:245213.54;20260410:244861.03999999,
[2026-04-09 15:19:51] DEBUG    | ib_insync.client       | <<< 73,1,1,DUM165609,,TotalCashValue,244861.04,USD
[2026-04-09 15:19:51] DEBUG    | ib_insync.client       | <<< 73,1,1,DUM165609,,TotalCashValue-P,0.00,USD
[2026-04-09 15:19:51] DEBUG    | ib_insync.client       | <<< 73,1,1,DUM165609,,TotalCashValue-S,244861.04,USD
[2026-04-09 15:19:51] DEBUG    | ib_insync.client       | <<< 73,1,1,DUM165609,,TotalDebitCardPendingCharges,0.00,USD
[2026-04-09 15:19:51] DEBUG    | ib_insync.client       | <<< 73,1,1,DUM165609,,TotalDebitCardPendingCharges-P,0.00,USD
[2026-04-09 15:19:51] DEBUG    | ib_insync.client       | <<< 73,1,1,DUM165609,,TotalDebitCardPendingCharges-S,0.00,USD
[2026-04-09 15:19:51] DEBUG    | ib_insync.client       | <<< 73,1,1,DUM165609,,TradingType-S,STKNOPT,
[2026-04-09 15:19:51] DEBUG    | ib_insync.client       | <<< 73,1,1,DUM165609,,Currency,USD,USD
[2026-04-09 15:19:51] DEBUG    | ib_insync.client       | <<< 73,1,1,DUM165609,,CashBalance,244861.04,USD
[2026-04-09 15:19:51] DEBUG    | ib_insync.client       | <<< 73,1,1,DUM165609,,TotalCashBalance,244861.04,USD
[2026-04-09 15:19:51] DEBUG    | ib_insync.client       | <<< 73,1,1,DUM165609,,AccruedCash,141.71,USD
[2026-04-09 15:19:51] DEBUG    | ib_insync.client       | <<< 73,1,1,DUM165609,,StockMarketValue,0.00,USD
[2026-04-09 15:19:51] DEBUG    | ib_insync.client       | <<< 73,1,1,DUM165609,,OptionMarketValue,0.00,USD
[2026-04-09 15:19:51] DEBUG    | ib_insync.client       | <<< 73,1,1,DUM165609,,FutureOptionValue,0.00,USD
[2026-04-09 15:19:51] DEBUG    | ib_insync.client       | <<< 73,1,1,DUM165609,,FuturesPNL,-352.50,USD
[2026-04-09 15:19:51] DEBUG    | ib_insync.client       | <<< 73,1,1,DUM165609,,NetLiquidationByCurrency,245002.75,USD
[2026-04-09 15:19:51] DEBUG    | ib_insync.client       | <<< 73,1,1,DUM165609,,UnrealizedPnL,2319.39,USD
[2026-04-09 15:19:51] DEBUG    | ib_insync.client       | <<< 73,1,1,DUM165609,,RealizedPnL,0.00,USD
[2026-04-09 15:19:51] DEBUG    | ib_insync.client       | <<< 73,1,1,DUM165609,,ExchangeRate,1.00,USD
[2026-04-09 15:19:51] DEBUG    | ib_insync.client       | <<< 73,1,1,DUM165609,,FundValue,0.00,USD
[2026-04-09 15:19:51] DEBUG    | ib_insync.client       | <<< 73,1,1,DUM165609,,NetDividend,0.00,USD
[2026-04-09 15:19:51] DEBUG    | ib_insync.client       | <<< 73,1,1,DUM165609,,MutualFundValue,0.00,USD
[2026-04-09 15:19:51] DEBUG    | ib_insync.client       | <<< 73,1,1,DUM165609,,MoneyMarketFundValue,0.00,USD
[2026-04-09 15:19:51] DEBUG    | ib_insync.client       | <<< 73,1,1,DUM165609,,CorporateBondValue,0.00,USD
[2026-04-09 15:19:51] DEBUG    | ib_insync.client       | <<< 73,1,1,DUM165609,,TBondValue,0.00,USD
[2026-04-09 15:19:51] DEBUG    | ib_insync.client       | <<< 73,1,1,DUM165609,,TBillValue,0.00,USD
[2026-04-09 15:19:51] DEBUG    | ib_insync.client       | <<< 73,1,1,DUM165609,,WarrantValue,0.00,USD
[2026-04-09 15:19:51] DEBUG    | ib_insync.client       | <<< 73,1,1,DUM165609,,FxCashBalance,0.00,USD
[2026-04-09 15:19:51] DEBUG    | ib_insync.client       | <<< 73,1,1,DUM165609,,AccountOrGroup,DUM165609,USD
[2026-04-09 15:19:51] DEBUG    | ib_insync.client       | <<< 73,1,1,DUM165609,,RealCurrency,USD,USD
[2026-04-09 15:19:51] DEBUG    | ib_insync.client       | <<< 73,1,1,DUM165609,,IssuerOptionValue,0.00,USD
[2026-04-09 15:19:51] DEBUG    | ib_insync.client       | <<< 73,1,1,DUM165609,,Cryptocurrency,0.00,USD
[2026-04-09 15:19:51] DEBUG    | ib_insync.client       | <<< 73,1,1,DUM165609,,Currency,BASE,BASE
[2026-04-09 15:19:51] DEBUG    | ib_insync.client       | <<< 73,1,1,DUM165609,,CashBalance,244861.04,BASE
[2026-04-09 15:19:51] DEBUG    | ib_insync.client       | <<< 73,1,1,DUM165609,,TotalCashBalance,244861.04,BASE
[2026-04-09 15:19:51] DEBUG    | ib_insync.client       | <<< 73,1,1,DUM165609,,AccruedCash,141.71,BASE
[2026-04-09 15:19:51] DEBUG    | ib_insync.client       | <<< 73,1,1,DUM165609,,StockMarketValue,0.00,BASE
[2026-04-09 15:19:51] DEBUG    | ib_insync.client       | <<< 73,1,1,DUM165609,,OptionMarketValue,0.00,BASE
[2026-04-09 15:19:51] DEBUG    | ib_insync.client       | <<< 73,1,1,DUM165609,,FutureOptionValue,0.00,BASE
[2026-04-09 15:19:51] DEBUG    | ib_insync.client       | <<< 73,1,1,DUM165609,,FuturesPNL,-352.50,BASE
[2026-04-09 15:19:51] DEBUG    | ib_insync.client       | <<< 73,1,1,DUM165609,,NetLiquidationByCurrency,245002.75,BASE
[2026-04-09 15:19:51] DEBUG    | ib_insync.client       | <<< 73,1,1,DUM165609,,UnrealizedPnL,2319.39,BASE
[2026-04-09 15:19:51] DEBUG    | ib_insync.client       | <<< 73,1,1,DUM165609,,RealizedPnL,0.00,BASE
[2026-04-09 15:19:51] DEBUG    | ib_insync.client       | <<< 73,1,1,DUM165609,,ExchangeRate,1.00,BASE
[2026-04-09 15:19:51] DEBUG    | ib_insync.client       | <<< 73,1,1,DUM165609,,FundValue,0.00,BASE
[2026-04-09 15:19:51] DEBUG    | ib_insync.client       | <<< 73,1,1,DUM165609,,NetDividend,0.00,BASE
[2026-04-09 15:19:51] DEBUG    | ib_insync.client       | <<< 73,1,1,DUM165609,,MutualFundValue,0.00,BASE
[2026-04-09 15:19:51] DEBUG    | ib_insync.client       | <<< 73,1,1,DUM165609,,MoneyMarketFundValue,0.00,BASE
[2026-04-09 15:19:51] DEBUG    | ib_insync.client       | <<< 73,1,1,DUM165609,,CorporateBondValue,0.00,BASE
[2026-04-09 15:19:51] DEBUG    | ib_insync.client       | <<< 73,1,1,DUM165609,,TBondValue,0.00,BASE
[2026-04-09 15:19:51] DEBUG    | ib_insync.client       | <<< 73,1,1,DUM165609,,TBillValue,0.00,BASE
[2026-04-09 15:19:51] DEBUG    | ib_insync.client       | <<< 73,1,1,DUM165609,,WarrantValue,0.00,BASE
[2026-04-09 15:19:51] DEBUG    | ib_insync.client       | <<< 73,1,1,DUM165609,,FxCashBalance,0.00,BASE
[2026-04-09 15:19:51] DEBUG    | ib_insync.client       | <<< 73,1,1,DUM165609,,AccountOrGroup,DUM165609,BASE
[2026-04-09 15:19:51] DEBUG    | ib_insync.client       | <<< 73,1,1,DUM165609,,RealCurrency,USD,BASE
[2026-04-09 15:19:51] DEBUG    | ib_insync.client       | <<< 73,1,1,DUM165609,,IssuerOptionValue,0.00,BASE
[2026-04-09 15:19:51] DEBUG    | ib_insync.client       | <<< 73,1,1,DUM165609,,Cryptocurrency,0.00,BASE
[2026-04-09 15:19:51] DEBUG    | ib_insync.client       | <<< 74,1,1
[2026-04-09 15:19:51] DEBUG    | ib_insync.client       | >>> 7,3,2,0,,,,,,
[2026-04-09 15:19:51] DEBUG    | ib_insync.client       | <<< 55,1,2
[2026-04-09 15:19:51] INFO     | ib_insync.ib           | Synchronization complete
[2026-04-09 15:19:51] INFO     | trading.broker         | Connected to IBKR
[2026-04-09 15:19:51] INFO     | trading.strategy.mgc_pullback | ==================================================
[2026-04-09 15:19:51] INFO     | trading.strategy.mgc_pullback | EXECUTING STRATEGY: mgc_pullback
[2026-04-09 15:19:51] INFO     | trading.strategy.mgc_pullback | ==================================================
[2026-04-09 15:19:51] INFO     | trading.strategy.mgc_pullback | [1] Qualifying contracts...
[2026-04-09 15:19:51] DEBUG    | ib_insync.client       | >>> 9,8,3,0,MGC,FUT,202604,0.0,,,COMEX,,USD,,,0,,,
[2026-04-09 15:19:51] DEBUG    | ib_insync.client       | <<< 10,3,MGC,FUT,20260428 13:30:00 US/Eastern,0,,COMEX,USD,MGCJ6,MGC,MGC,706903676,0.1,10,ACTIVETIM,AD,ADJUST,ALERT,ALGO,ALLOC,AVGCOST,BASKET,BENCHPX,COND,CONDORDER,DAY,DEACT,DEACTDIS,DEACTEOD,GAT,GTC,GTD,GTT,HID,ICE,IOC,LIT,LMT,LTH,MIT,MKT,MTL,NGCOMB,NONALGO,OCA,PEGBENCH,SCALE,SCALERST,SIZECHK,SNAPMID,SNAPMKT,SNAPREL,STP,STPLMT,TRAIL,TRAILLIT,TRAILLMT,TRAILMIT,WHATIF,COMEX,1,79702479,E-Micro Gold ,,202604,,,,US/Eastern,20260408:1800-20260409:1700;20260409:1800-20260410:1700;20260411:CLOSED;20260412:1800-20260413:1700;20260413:1800-20260414:1700;20260414:1800-20260415:1700,20260409:0930-20260409:1700;20260410:0930-20260410:1700;20260411:CLOSED;20260412:CLOSED;20260413:0930-20260413:1700;20260414:0930-20260414:1700;20260414:1800-20260415:1700,,,0,2147483647,MGC,IND,65,20260428,,1,1,1
[2026-04-09 15:19:51] DEBUG    | ib_insync.client       | <<< 52,1,3
[2026-04-09 15:19:51] INFO     | trading.broker         | Qualified contract: MGCJ6  conId=706903676
[2026-04-09 15:19:51] DEBUG    | ib_insync.client       | >>> 9,8,4,0,GC,FUT,202604,0.0,,,COMEX,,USD,,,0,,,
[2026-04-09 15:19:52] DEBUG    | ib_insync.client       | <<< 10,4,GC,FUT,20260428 13:30:00 US/Eastern,0,,COMEX,USD,GCJ6,GC,GC,706903673,0.1,100,ACTIVETIM,AD,ADJUST,ALERT,ALGO,ALLOC,AVGCOST,BASKET,BENCHPX,COND,CONDORDER,DAY,DEACT,DEACTDIS,DEACTEOD,GAT,GTC,GTD,GTT,HID,ICE,IOC,LIT,LMT,LTH,MIT,MKT,MTL,NGCOMB,NONALGO,OCA,PEGBENCH,SCALE,SCALERST,SIZECHK,SNAPMID,SNAPMKT,SNAPREL,STP,STPLMT,TRAIL,TRAILLIT,TRAILLMT,TRAILMIT,WHATIF,COMEX,QBALGO,1,17340718,Gold,,202604,,,,US/Eastern,20260408:1800-20260409:1700;20260409:1800-20260410:1700;20260411:CLOSED;20260412:1800-20260413:1700;20260413:1800-20260414:1700;20260414:1800-20260415:1700,20260409:0930-20260409:1700;20260410:0930-20260410:1700;20260411:CLOSED;20260412:CLOSED;20260413:0930-20260413:1700;20260414:0930-20260414:1700;20260414:1800-20260415:1700,,,0,2147483647,GC,IND,65,65,20260428,,1,1,1
[2026-04-09 15:19:52] DEBUG    | ib_insync.client       | <<< 52,1,4
[2026-04-09 15:19:52] INFO     | trading.broker         | Qualified contract: GCJ6  conId=706903673
[2026-04-09 15:19:52] INFO     | trading.strategy.mgc_pullback | [2] Fetching historical data...
[2026-04-09 15:19:52] DEBUG    | ib_insync.client       | >>> 9,8,5,0,GC,FUT,202604,0.0,,,COMEX,,USD,,,0,,,
[2026-04-09 15:19:52] DEBUG    | ib_insync.client       | <<< 10,5,GC,FUT,20260428 13:30:00 US/Eastern,0,,COMEX,USD,GCJ6,GC,GC,706903673,0.1,100,ACTIVETIM,AD,ADJUST,ALERT,ALGO,ALLOC,AVGCOST,BASKET,BENCHPX,COND,CONDORDER,DAY,DEACT,DEACTDIS,DEACTEOD,GAT,GTC,GTD,GTT,HID,ICE,IOC,LIT,LMT,LTH,MIT,MKT,MTL,NGCOMB,NONALGO,OCA,PEGBENCH,SCALE,SCALERST,SIZECHK,SNAPMID,SNAPMKT,SNAPREL,STP,STPLMT,TRAIL,TRAILLIT,TRAILLMT,TRAILMIT,WHATIF,COMEX,QBALGO,1,17340718,Gold,,202604,,,,US/Eastern,20260408:1800-20260409:1700;20260409:1800-20260410:1700;20260411:CLOSED;20260412:1800-20260413:1700;20260413:1800-20260414:1700;20260414:1800-20260415:1700,20260409:0930-20260409:1700;20260410:0930-20260410:1700;20260411:CLOSED;20260412:CLOSED;20260413:0930-20260413:1700;20260414:0930-20260414:1700;20260414:1800-20260415:1700,,,0,2147483647,GC,IND,65,65,20260428,,1,1,1
[2026-04-09 15:19:52] DEBUG    | ib_insync.client       | <<< 52,1,5
[2026-04-09 15:19:52] INFO     | trading.broker         | Qualified contract: GCJ6  conId=706903673
[2026-04-09 15:19:52] DEBUG    | ib_insync.client       | >>> 20,6,706903673,GC,FUT,20260428,0.0,,100,COMEX,,USD,GCJ6,GC,0,,1 day,20 Y,0,TRADES,2,0,
[2026-04-09 15:19:53] DEBUG    | ib_insync.client       | <<< 17,6,20060409 05:49:52 US/Eastern,20260409 05:49:52 US/Eastern,472,20240531,2553.00,2553.00,2553.00,2553.00,0,2553,0,20240603,2575.70,2575.70,2575.70,2575.70,0,2575.7,0,20240604,2552.80,2552.80,2552.80,2552.80,0,2552.8,0,20240605,2581.00,2581.00,2581.00,2581.00,0,2581,0,20240606,2597.10,2597.10,2597.10,2597.10,0,2597.1,0,20240607,2530.40,2530.40,2530.40,2530.40,0,2530.4,0,20240610,2531.80,2531.80,2531.80,2531.80,0,2531.8,0,20240611,2531.40,2531.40,2531.40,2531.40,0,2531.4,0,20240612,2557.40,2557.40,2557.40,2557.40,0,2557.4,0,20240613,2518.00,2518.00,2518.00,2518.00,0,2518,0,20240614,2549.10,2549.10,2549.10,2549.10,0,2549.1,0,20240617,2530.40,2530.40,2530.40,2530.40,0,2530.4,0,20240618,2548.20,2548.20,2548.20,2548.20,0,2548.2,0,20240619,2548.20,2548.20,2548.20,2548.20,0,2548.2,0,20240620,2571.00,2571.00,2571.00,2571.00,0,2571,0,20240621,2532.10,2532.10,2532.10,2532.10,0,2532.1,0,20240624,2546.30,2546.30,2546.30,2546.30,0,2546.3,0,20240625,2532.80,2532.80,2532.80,2532.80,0,2532.8,0,20240626,2514.90,2514.90,2514.90,2514.90,0,2514.9,0,20240627,2536.90,2536.90,2536.90,2536.90,0,2536.9,0,20240628,2540.30,2540.30,2540.30,2540.30,0,2540.3,0,20240701,2540.20,2540.20,2540.20,2540.20,0,2540.2,0,20240702,2534.50,2534.50,2534.50,2534.50,0,2534.5,0,20240703,2571.80,2571.80,2571.80,2571.80,0,2571.8,0,20240704,2571.80,2571.80,2571.80,2571.80,0,2571.8,0,20240705,2600.40,2600.40,2600.40,2600.40,0,2600.4,0,20240708,2566.60,2566.60,2566.60,2566.60,0,2566.6,0,20240709,2570.90,2570.90,2570.90,2570.90,0,2570.9,0,20240710,2582.20,2582.20,2582.20,2582.20,0,2582.2,0,20240711,2623.40,2623.40,2623.40,2623.40,0,2623.4,0,20240712,2621.00,2621.00,2621.00,2621.00,0,2621,0,20240715,2629.10,2629.10,2629.10,2629.10,0,2629.1,0,20240716,2669.20,2669.20,2669.20,2669.20,0,2669.2,0,20240717,2662.60,2662.60,2662.60,2662.60,0,2662.6,0,20240718,2659.30,2659.30,2659.30,2659.30,0,2659.3,0,20240719,2600.30,2600.30,2600.30,2600.30,0,2600.3,0,20240722,2593.70,2593.70,2593.70,2593.70,0,2593.7,0,20240723,2606.80,2606.80,2606.80,2606.80,0,2606.8,0,20240724,2615.00,2615.00,2615.00,2615.00,0,2615,0,20240725,2548.80,2548.80,2548.80,2548.80,0,2548.8,0,20240726,2577.20,2577.20,2577.20,2577.20,0,2577.2,0,20240729,2575.00,2575.00,2575.00,2575.00,0,2575,0,20240730,2602.20,2602.20,2602.20,2602.20,0,2602.2,0,20240731,2624.70,2624.70,2624.70,2624.70,0,2624.7,0,20240801,2628.60,2628.60,2628.60,2628.60,0,2628.6,0,20240802,2608.20,2608.20,2608.20,2608.20,0,2608.2,0,20240805,2575.10,2575.10,2575.10,2575.10,0,2575.1,0,20240806,2563.90,2563.90,2563.90,2563.90,0,2563.9,0,20240807,2565.30,2565.30,2565.30,2565.30,0,2565.3,0,20240808,2597.40,2597.40,2597.40,2597.40,0,2597.4,0,20240809,2608.40,2608.40,2608.40,2608.40,0,2608.4,0,20240812,2641.90,2641.90,2641.90,2641.90,0,2641.9,0,20240813,2644.40,2644.40,2644.40,2644.40,0,2644.4,0,20240814,2615.50,2615.50,2615.50,2615.50,0,2615.5,0,20240815,2630.60,2630.60,2630.60,2630.60,0,2630.6,0,20240816,2678.20,2678.20,2678.20,2678.20,0,2678.2,0,20240819,2682.10,2682.10,2682.10,2682.10,0,2682.1,0,20240820,2692.30,2692.30,2692.30,2692.30,0,2692.3,0,20240821,2688.20,2688.20,2688.20,2688.20,0,2688.2,0,20240822,2657.20,2657.20,2657.20,2657.20,0,2657.2,0,20240823,2686.50,2686.50,2686.50,2686.50,0,2686.5,0,20240826,2695.40,2695.40,2695.40,2695.40,0,2695.4,0,20240827,2692.80,2692.80,2692.80,2692.80,0,2692.8,0,20240828,2677.80,2677.80,2677.80,2677.80,0,2677.8,0,20240829,2699.60,2699.60,2699.60,2699.60,0,2699.6,0,20240830,2666.60,2666.60,2666.60,2666.60,0,2666.6,0,20240902,2666.60,2666.60,2666.60,2666.60,0,2666.6,0,20240903,2661.50,2661.50,2661.50,2661.50,0,2661.5,0,20240904,2662.10,2662.10,2662.10,2662.10,0,2662.1,0,20240905,2678.20,2678.20,2678.20,2678.20,0,2678.2,0,20240906,2656.00,2656.00,2656.00,2656.00,0,2656,0,20240909,2662.70,2662.70,2662.70,2662.70,0,2662.7,0,20240910,2672.40,2672.40,2672.40,2672.40,0,2672.4,0,20240911,2672.10,2672.10,2672.10,2672.10,0,2672.1,0,20240912,2711.80,2711.80,2711.80,2711.80,0,2711.8,0,20240913,2740.90,2740.90,2740.90,2740.90,0,2740.9,0,20240916,2737.30,2737.30,2737.30,2737.30,0,2737.3,0,20240917,2721.50,2721.50,2721.50,2721.50,0,2721.5,0,20240918,2728.50,2728.50,2728.50,2728.50,0,2728.5,0,20240919,2744.20,2744.20,2744.20,2744.20,0,2744.2,0,20240920,2777.40,2777.40,2777.40,2777.40,0,2777.4,0,20240923,2783.70,2783.70,2783.70,2783.70,0,2783.7,0,20240924,2805.00,2810.10,2805.00,2810.10,1,2805,1,20240925,2818.00,2818.00,2818.00,2818.00,0,2818,0,20240926,2829.90,2829.90,2829.90,2829.90,0,2829.9,0,20240927,2801.60,2801.60,2801.60,2801.60,0,2801.6,0,20240930,2784.90,2794.70,2784.90,2794.70,1,2784.9,1,20241001,2822.00,2827.00,2822.00,2827.00,1,2822,1,20241002,2807.90,2807.90,2807.90,2807.90,0,2807.9,0,20241003,2817.70,2817.70,2817.70,2817.70,0,2817.7,0,20241004,2799.90,2813.70,2799.90,2813.70,1,2799.9,1,20241007,2814.80,2814.80,2814.80,2814.80,0,2814.8,0,20241008,2780.00,2782.60,2780.00,2782.60,1,2780,1,20241009,2774.20,2774.20,2774.20,2774.20,0,2774.2,0,20241010,2792.10,2792.10,2789.20,2789.20,2,2792,2,20241011,2825.80,2825.80,2825.80,2825.80,0,2825.8,0,20241014,2816.20,2816.20,2816.20,2816.20,0,2816.2,0,20241015,2825.00,2829.00,2825.00,2829.00,1,2825,1,20241016,2842.20,2842.20,2842.20,2842.20,0,2842.2,0,20241017,2846.40,2858.70,2845.70,2858.70,3,2846.37,3,20241018,2885.60,2885.60,2882.90,2882.90,1,2885.6,1,20241021,2893.70,2893.70,2893.70,2893.70,0,2893.7,0,20241022,2915.80,2915.80,2915.80,2915.80,0,2915.8,0,20241023,2886.40,2886.40,2886.40,2886.40,0,2886.4,0,20241024,2905.70,2905.70,2905.70,2905.70,0,2905.7,0,20241025,2911.30,2911.30,2911.30,2911.30,0,2911.3,0,20241028,2914.90,2914.90,2914.90,2914.90,0,2914.9,0,20241029,2939.80,2939.80,2939.80,2939.80,0,2939.8,0,20241030,2963.00,2963.00,2963.00,2963.00,0,2963,0,20241031,2911.70,2911.70,2911.70,2911.70,0,2911.7,0,20241101,2910.60,2910.60,2910.60,2910.60,0,2910.6,0,20241104,2908.50,2908.50,2908.50,2908.50,0,2908.5,0,20241105,2915.00,2915.00,2915.00,2915.00,0,2915,0,20241106,2880.00,2880.00,2840.30,2840.30,2,2866.9,2,20241107,2820.90,2870.20,2820.90,2870.20,2,2844.45,2,20241108,2858.70,2859.00,2858.70,2859.00,1,2858.7,1,20241111,2791.80,2791.80,2779.90,2779.90,1,2791.8,1,20241112,2768.30,2768.30,2768.30,2768.30,0,2768.3,0,20241113,2745.90,2745.90,2745.90,2745.90,0,2745.9,0,20241114,2705.60,2731.50,2705.60,2731.50,10,2705.6,8,20241115,2728.70,2728.70,2728.70,2728.70,0,2728.7,0,20241118,2775.50,2775.50,2775.50,2775.50,0,2775.5,0,20241119,2791.70,2791.70,2791.70,2791.70,0,2791.7,0,20241120,2800.00,2814.50,2800.00,2814.50,1,2800,1,20241121,2825.10,2839.10,2825.10,2839.10,1,2825.1,1,20241122,2880.20,2880.20,2880.20,2880.20,0,2880.2,0,20241125,2782.30,2782.30,2782.30,2782.30,0,2782.3,0,20241126,2786.00,2786.00,2786.00,2786.00,0,2786,0,20241127,2802.70,2802.70,2802.70,2802.70,0,2802.7,0,20241128,2802.70,2802.70,2802.70,2802.70,0,2802.7,0,20241129,2819.30,2819.30,2819.30,2819.30,0,2819.3,0,20241202,2797.20,2797.20,2797.20,2797.20,0,2797.2,0,20241203,2805.70,2805.70,2805.70,2805.70,0,2805.7,0,20241204,2812.80,2812.80,2812.80,2812.80,0,2812.8,0,20241205,2783.90,2783.90,2783.90,2783.90,0,2783.9,0,20241206,2794.90,2794.90,2794.90,2794.90,0,2794.9,0,20241209,2825.50,2825.50,2825.50,2825.50,0,2825.5,0,20241210,2858.00,2858.00,2858.00,2858.00,0,2858,0,20241211,2893.60,2893.60,2893.60,2893.60,0,2893.6,0,20241212,2850.20,2850.20,2850.20,2850.20,0,2850.2,0,20241213,2817.70,2817.70,2817.70,2817.70,0,2817.7,0,20241216,2812.30,2812.30,2812.30,2812.30,0,2812.3,0,20241217,2805.30,2805.30,2805.30,2805.30,0,2805.3,0,20241218,2805.00,2805.00,2799.30,2799.30,1,2805,1,20241219,2757.60,2757.60,2757.60,2757.60,0,2757.6,0,20241220,2793.60,2793.60,2793.60,2793.60,0,2793.6,0,20241223,2778.20,2778.20,2778.20,2778.20,0,2778.2,0,20241224,2788.10,2788.10,2788.10,2788.10,0,2788.1,0,20241226,2809.10,2809.10,2809.10,2809.10,0,2809.1,0,20241227,2789.60,2789.60,2789.60,2789.60,0,2789.6,0,20241230,2780.40,2780.40,2780.40,2780.40,0,2780.4,0,20241231,2809.70,2809.70,2809.70,2809.70,0,2809.7,0,20250102,2824.30,2832.50,2824.30,2832.50,1,2824.3,1,20250103,2835.10,2835.10,2813.60,2813.60,1,2835.1,1,20250106,2795.00,2804.90,2795.00,2804.90,1,2795,1,20250107,2824.10,2824.10,2824.10,2824.10,0,2824.1,0,20250108,2833.30,2833.30,2833.30,2833.30,0,2833.3,0,20250109,2840.10,2851.70,2840.10,2851.70,2,2840.1,2,20250110,2876.70,2876.70,2876.70,2876.70,0,2876.7,0,20250113,2837.10,2837.10,2837.10,2837.10,0,2837.1,0,20250114,2843.80,2843.80,2843.80,2843.80,0,2843.8,0,20250115,2879.60,2879.60,2879.60,2879.60,0,2879.6,0,20250116,2914.80,2914.80,2914.80,2914.80,0,2914.8,0,20250117,2913.20,2913.20,2913.20,2913.20,0,2913.2,0,20250120,2913.20,2913.20,2913.20,2913.20,0,2913.2,0,20250121,2925.20,2925.20,2925.20,2925.20,0,2925.2,0,20250122,2937.70,2937.70,2937.70,2937.70,0,2937.7,0,20250123,2932.20,2932.20,2932.20,2932.20,0,2932.2,0,20250124,2948.00,2948.00,2948.00,2948.00,0,2948,0,20250127,2908.50,2908.50,2908.50,2908.50,0,2908.5,0,20250128,2942.40,2942.40,2942.40,2942.40,0,2942.4,0,20250129,2936.10,2936.10,2936.10,2936.10,0,2936.1,0,20250130,2987.50,2987.50,2987.50,2987.50,0,2987.5,0,20250131,2991.00,2996.00,2975.60,2975.60,2,2993.5,2,20250203,2961.00,2995.00,2958.90,2995.00,3,2964.93,3,20250204,3015.70,3015.70,3015.70,3015.70,0,3015.7,0,20250205,3034.10,3034.10,3034.10,3034.10,0,3034.1,0,20250206,3024.00,3024.00,3000.00,3021.40,3,3016,3,20250207,3029.80,3045.10,3026.70,3036.90,14,3031.7,14,20250210,3086.30,3086.30,3086.30,3086.30,0,3086.3,0,20250211,3082.40,3087.90,3082.40,3087.90,1,3082.4,1,20250212,3084.50,3084.50,3084.50,3084.50,0,3084.5,0,20250213,3099.20,3099.20,3099.20,3099.20,0,3099.2,0,20250214,3051.40,3051.40,3051.40,3051.40,0,3051.4,0,20250217,3045.30,3051.40,3045.30,3051.40,1,3045.3,1,20250218,3094.20,3099.80,3094.00,3099.80,2,3094.1,2,20250219,3082.80,3082.80,3082.80,3082.80,0,3082.8,0,20250220,3118.10,3118.10,3103.30,3103.30,1,3118.1,1,20250221,3099.60,3099.60,3099.60,3099.60,0,3099.6,0,20250224,3111.50,3111.50,3111.50,3111.50,0,3111.5,0,20250225,3068.00,3068.00,3066.50,3066.50,1,3068,1,20250226,3077.40,3078.90,3077.40,3078.90,4,3077.4,3,20250227,3043.90,3043.90,3043.90,3043.90,0,3043.9,0,20250228,3013.40,3013.40,2995.00,2995.00,3,3011.33,3,20250303,3030.00,3049.20,3030.00,3049.20,12,3038.2,9,20250304,3085.40,3085.40,3068.30,3068.30,1,3085.4,1,20250305,3072.90,3074.70,3072.20,3073.20,16,3073.11,15,20250306,3074.00,3074.00,3074.00,3074.00,0,3074,0,20250307,3060.20,3060.20,3060.20,3060.20,0,3060.2,0,20250310,3043.50,3043.50,3043.50,3043.50,0,3043.5,0,20250311,3066.00,3066.00,3066.00,3066.00,0,3066,0,20250312,3090.90,3090.90,3090.90,3090.90,0,3090.9,0,20250313,3103.50,3136.40,3103.50,3136.40,1,3103.5,1,20250314,3140.90,3145.60,3140.90,3145.60,2,3140.95,2,20250317,3141.00,3152.10,3141.00,3150.70,7,3149.57,7,20250318,3187.40,3188.70,3178.20,3188.70,6,3184.6,5,20250319,3189.60,3189.60,3189.60,3189.60,0,3189.6,0,20250320,3191.00,3191.00,3191.00,3191.00,0,3191,0,20250321,3150.00,3164.50,3150.00,3164.30,4,3160.88,2,20250324,3159.00,3159.00,3159.00,3159.00,0,3159,0,20250325,3166.50,3170.40,3166.50,3170.40,9,3167.28,6,20250326,3167.00,3167.00,3167.00,3167.00,0,3167,0,20250327,3204.60,3206.20,3204.60,3206.20,1,3204.6,1,20250328,3229.00,3230.40,3229.00,3230.40,1,3229,1,20250331,3238.80,3267.50,3238.80,3267.50,4,3248.05,4,20250401,3262.70,3263.00,3262.20,3263.00,3,3262.53,3,20250402,3300.30,3300.30,3285.00,3285.00,1,3300.3,1,20250403,3304.10,3304.10,3231.70,3239.00,12,3256.88,10,20250404,3174.70,3174.70,3148.00,3148.00,6,3159.05,5,20250407,3150.60,3156.80,3085.90,3085.90,3,3146.93,3,20250408,3144.20,3144.60,3105.20,3105.20,7,3129.8,5,20250409,3194.20,3207.90,3194.20,3200.40,6,3199.48,4,20250410,3300.90,3300.90,3300.90,3300.90,0,3300.9,0,20250411,3356.00,3373.90,3339.70,3373.90,3,3352.8,3,20250414,3364.40,3364.40,3340.00,3352.80,3,3351.2,3,20250415,3367.60,3367.60,3367.60,3367.60,0,3367.6,0,20250416,3416.20,3478.00,3416.20,3478.00,3,3432.33,3,20250417,3468.00,3470.10,3436.50,3459.40,11,3465.32,11,20250421,3518.80,3567.30,3518.70,3558.20,45,3554.13,39,20250422,3575.30,3626.90,3519.20,3553.30,41,3579.2,37,20250423,3485.30,3485.30,3405.00,3425.90,31,3418.45,31,20250424,3495.10,3495.80,3471.50,3482.50,5,3485.82,4,20250425,3435.60,3435.60,3417.70,3430.60,19,3429.81,15,20250428,3424.20,3485.80,3424.20,3480.70,5,3469.66,5,20250429,3466.00,3466.00,3466.00,3466.00,0,3466,0,20250430,3449.30,3449.30,3449.20,3449.20,4,3449.25,2,20250501,3376.30,3378.10,3347.00,3350.40,37,3367.38,35,20250502,3367.50,3398.00,3367.40,3372.50,19,3384.12,19,20250505,3408.30,3458.80,3392.40,3454.60,17,3435.08,16,20250506,3464.40,3557.60,3464.40,3557.60,6,3482.58,5,20250507,3525.20,3534.40,3501.10,3527.60,18,3525.23,14,20250508,3545.10,3551.70,3439.60,3439.60,31,3504.11,28,20250509,3447.40,3481.30,3447.40,3477.80,13,3476.76,10,20250512,3372.00,3375.90,3345.00,3360.60,26,3363.04,19,20250513,3388.80,3394.10,3382.00,3382.00,7,3388.03,7,20250514,3321.20,3321.80,3310.00,3320.20,11,3318.47,10,20250515,3300.00,3373.30,3300.00,3357.30,14,3347.66,13,20250516,3343.90,3343.90,3300.00,3316.80,25,3322.58,19,20250519,3343.00,3381.00,3343.00,3365.60,10,3363.46,10,20250520,3355.00,3418.70,3348.00,3415.70,17,3389.35,15,20250521,3449.00,3453.50,3445.70,3447.40,8,3448.88,8,20250522,3454.90,3475.70,3425.00,3428.90,65,3432.89,43,20250523,3429.10,3502.20,3429.10,3501.50,16,3466.77,16,20250527,3471.00,3484.90,3427.50,3436.80,61,3464.7,56,20250528,3439.00,3452.60,3428.60,3429.40,10,3440.89,10,20250529,3448.00,3448.30,3448.00,3448.30,5,3448.02,5,20250530,3440.20,3441.80,3419.60,3419.60,4,3430.43,4,20250602,3484.00,3507.00,3482.80,3503.50,14,3489,11,20250603,3492.00,3492.00,3478.10,3485.20,9,3485.11,9,20250604,3485.10,3506.70,3477.50,3506.70,11,3487.13,10,20250605,3510.50,3510.50,3470.00,3482.00,24,3489.56,24,20250606,3485.40,3498.00,3453.60,3453.60,13,3481.12,11,20250609,3461.90,3461.90,3461.50,3461.50,4,3461.78,4,20250610,3473.90,3473.90,3450.00,3450.30,6,3454.18,6,20250611,3457.00,3457.00,3450.00,3450.00,4,3451.9,4,20250612,3491.00,3522.00,3466.40,3507.90,13,3504.98,10,20250613,3559.30,3560.20,3559.30,3559.60,4,3559.65,4,20250616,3575.80,3575.80,3523.80,3523.80,8,3539.33,5,20250617,3508.50,3515.10,3505.50,3515.10,6,3507.55,5,20250618,3499.00,3520.80,3491.70,3515.10,19,3509.35,17,20250620,3499.50,3500.70,3473.60,3492.60,13,3489.23,13,20250623,3490.40,3501.20,3490.40,3501.20,1,3490.4,1,20250624,3467.40,3470.70,3440.20,3440.20,12,3460.55,8,20250625,3451.20,3456.00,3449.00,3449.70,12,3453.38,11,20250626,3454.00,3455.30,3452.60,3454.30,8,3453.61,7,20250627,3396.10,3400.00,3385.00,3392.70,9,3392.31,8,20250630,3377.10,3415.00,3377.00,3412.90,16,3400.12,15,20250701,3448.00,3465.90,3445.00,3455.50,46,3457.53,37,20250702,3461.00,3468.90,3454.30,3466.00,63,3463.17,44,20250703,3478.00,3478.00,3441.40,3450.30,57,3450.21,37,20250707,3450.80,3459.10,3425.30,3450.30,74,3448.72,45,20250708,3456.00,3456.00,3423.90,3424.50,51,3425.67,33,20250709,3419.20,3427.80,3399.00,3427.50,56,3425.34,37,20250710,3438.70,3438.70,3428.30,3432.10,11,3431.46,10,20250711,3440.00,3487.40,3440.00,3470.30,90,3466.87,45,20250714,3487.00,3494.00,3457.80,3466.80,64,3470.91,52,20250715,3477.60,3477.60,3437.30,3444.40,188,3457.37,136,20250716,3452.10,3489.50,3433.70,3466.10,76,3456.74,60,20250717,3427.20,3452.90,3422.80,3452.60,42,3443.1,38,20250718,3452.00,3471.50,3452.00,3465.50,26,3466.57,26,20250721,3465.50,3523.50,3465.50,3515.40,62,3502.48,44,20250722,3524.00,3558.00,3506.90,3555.20,66,3531.53,44,20250723,3554.00,3554.10,3504.10,3507.30,209,3533.24,138,20250724,3506.00,3506.00,3464.60,3483.90,148,3479.04,104,20250725,3459.70,3460.80,3434.30,3443.80,133,3446.74,88,20250728,3445.80,3449.80,3410.40,3418.00,232,3430.86,165,20250729,3415.60,3437.30,3415.60,3432.40,192,3428.48,156,20250730,3434.60,3438.60,3372.40,3403.70,181,3405.12,157,20250731,3389.70,3413.40,3387.10,3400.00,48,3397.46,48,20250801,3397.80,3458.50,3388.30,3449.90,44,3428.42,40,20250804,3457.70,3482.80,3456.90,3476.90,67,3473.32,61,20250805,3483.30,3487.70,3453.80,3485.70,45,3481,45,20250806,3484.50,3488.20,3463.20,3484.30,46,3480.62,43,20250807,3484.10,3518.10,3484.10,3503.30,57,3501.16,54,20250808,3559.30,3560.00,3504.00,3539.30,153,3527.89,109,20250811,3516.00,3516.10,3453.30,3457.50,290,3466.42,210,20250812,3458.50,3458.50,3433.80,3451.50,202,3449.42,176,20250813,3454.40,3469.60,3447.50,3460.80,136,3458.45,119,20250814,3470.60,3470.60,3428.00,3435.20,222,3445.15,163,20250815,3433.90,3442.60,3432.10,3434.00,78,3437.18,70,20250818,3429.30,3450.40,3420.00,3429.40,83,3436.19,73,20250819,3433.80,3439.60,3409.10,3409.30,128,3416.27,112,20250820,3409.50,3442.90,3404.00,3439.50,45,3419.85,40,20250821,3435.60,3441.20,3421.30,3433.00,53,3433.91,43,20250822,3429.70,3473.10,3415.20,3469.60,151,3453.06,102,20250825,3467.00,3472.60,3457.20,3469.00,43,3466.2,42,20250826,3455.60,3491.00,3450.00,3485.20,145,3472.92,112,20250827,3494.00,3504.00,3476.70,3501.90,62,3488.25,55,20250828,3502.50,3530.50,3497.50,3526.80,128,3513.94,86,20250829,3527.80,3573.00,3518.60,3569.60,83,3546.6,70,20250902,3563.60,3653.20,3560.70,3646.10,148,3612.9,131,20250903,3651.00,3694.20,3651.00,3689.90,97,3677.18,70,20250904,3672.00,3672.00,3631.30,3661.30,218,3652.7,137,20250905,3664.00,3709.30,3661.70,3707.50,159,3693.83,141,20250908,3687.30,3738.10,3678.40,3731.20,347,3722.46,261,20250909,3726.00,3765.40,3718.80,3735.90,148,3743.38,137,20250910,3716.80,3748.80,3710.40,3735.80,65,3733.77,58,20250911,3735.80,3740.00,3705.50,3726.80,167,3722.11,155,20250912,3726.40,3746.70,3723.60,3740.30,211,3739.78,181,20250915,3736.10,3777.80,3717.10,3773.10,195,3744.54,152,20250916,3770.10,3793.70,3768.40,3779.50,171,3780.34,132,20250917,3786.60,3795.90,3735.00,3772.50,317,3763.45,249,20250918,3750.50,3760.60,3720.90,3732.60,114,3740.98,106,20250919,3730.70,3773.20,3722.70,3760.50,122,3751.76,91,20250922,3776.00,3838.00,3776.00,3830.50,243,3813.72,180,20250923,3833.50,3878.00,3830.00,3872.30,287,3857.7,233,20250924,3853.00,3867.50,3807.90,3824.70,194,3840.89,165,20250925,3825.40,3847.70,3810.00,3828.80,239,3831.53,184,20250926,3839.90,3870.70,3823.00,3866.90,168,3845.9,147,20250929,3847.00,3920.50,3847.00,3914.60,208,3901.45,185,20250930,3917.10,3958.40,3880.50,3932.10,707,3926.8,390,20251001,3945.80,3982.30,3941.90,3956.90,391,3963.22,298,20251002,3952.00,3981.00,3903.00,3926.50,407,3932.98,286,20251003,3940.40,3973.90,3922.00,3967.60,260,3959.18,192,20251006,3970.00,4053.20,3970.00,4037.10,308,4019.94,227,20251007,4046.20,4075.50,4028.20,4066.60,316,4057.76,225,20251008,4075.00,4143.60,4069.80,4133.70,557,4122.66,462,20251009,4118.00,4140.00,4024.80,4034.00,496,4086.12,435,20251010,4057.50,4099.80,4023.00,4062.00,693,4068.92,635,20251013,4081.70,4198.90,4081.70,4196.40,429,4159.63,347,20251014,4196.40,4253.90,4169.80,4226.60,519,4214.9,451,20251015,4241.00,4297.70,4232.10,4265.50,736,4273.69,633,20251016,4290.40,4410.00,4280.50,4369.70,893,4338.2,790,20251017,4420.10,4455.00,4261.40,4276.80,1234,4381.15,959,20251020,4331.30,4460.00,4298.50,4425.40,670,4375.79,507,20251021,4436.70,4457.00,4156.10,4171.40,853,4298.23,765,20251022,4203.00,4232.50,4090.10,4128.00,632,4159.78,527,20251023,4174.90,4234.90,4155.90,4209.10,378,4201.32,301,20251024,4197.00,4220.70,4124.90,4201.30,320,4183.93,302,20251027,4159.70,4180.00,4049.00,4081.30,506,4114.31,410,20251028,4063.40,4093.00,3965.20,4043.70,411,4021.4,335,20251029,4007.90,4103.10,4007.90,4062.60,417,4068.7,345,20251030,4000.00,4103.30,3993.20,4079.00,302,4055.57,279,20251031,4103.00,4112.60,4045.60,4059.00,494,4079.03,347,20251103,4071.00,4104.70,4035.70,4077.20,261,4083.66,235,20251104,4069.40,4073.90,4000.00,4022.50,452,4031.32,425,20251105,4008.00,4061.40,4003.00,4055.70,336,4045.38,290,20251106,4041.60,4091.00,4036.90,4053.60,362,4061.73,288,20251107,4070.00,4097.00,4055.50,4072.80,152,4072.3,146,20251110,4080.00,4187.70,4080.00,4186.50,430,4150.02,357,20251111,4187.70,4218.30,4167.90,4180.90,513,4195.63,334,20251112,4205.20,4281.00,4173.80,4279.20,651,4230.8,429,20251113,4267.80,4313.80,4219.00,4261.70,514,4272.69,309,20251114,4248.90,4280.80,4100.00,4159.00,824,4194.06,571,20251117,4146.40,4170.00,4072.20,4139.50,631,4134.74,438,20251118,4120.00,4147.20,4066.20,4131.20,852,4110.83,562,20251119,4133.50,4199.00,4121.20,4148.30,944,4160.06,746,20251120,4144.30,4172.00,4095.00,4125.30,728,4136.93,566,20251121,4139.40,4165.00,4084.00,4144.90,1045,4121.76,861,20251124,4132.70,4201.20,4102.60,4159.60,563,4139.24,518,20251125,4197.50,4221.80,4173.20,4206.50,1587,4199.47,1261,20251126,4195.90,4238.00,4194.90,4231.80,1559,4223.79,1132,20251128,4228.20,4291.40,4204.20,4284.80,2456,4238.97,1809,20251201,4289.40,4330.00,4271.40,4305.70,2807,4301.96,2181,20251202,4294.20,4296.70,4225.00,4251.50,3074,4263.78,2001,20251203,4269.60,4303.50,4257.20,4263.20,2165,4277.04,1641,20251204,4265.60,4281.20,4234.40,4273.40,1530,4260.23,1221,20251205,4269.00,4320.90,4253.70,4273.80,1674,4283.84,1362,20251208,4260.70,4277.70,4235.00,4248.60,1318,4257.26,1116,20251209,4249.80,4282.20,4229.10,4267.40,1653,4259.58,1276,20251210,4267.10,4298.50,4239.10,4255.60,2052,4265.46,1387,20251211,4291.40,4348.20,4262.40,4344.40,3519,4306.8,2406,20251212,4337.90,4419.00,4317.40,4360.00,3465,4370.53,2394,20251215,4360.70,4415.00,4348.80,4367.00,2600,4384.1,1804,20251216,4367.00,4399.00,4329.70,4363.90,2347,4370.23,1903,20251217,4366.80,4414.40,4366.10,4405.50,2295,4394.4,1811,20251218,4400.50,4440.40,4369.60,4395.90,2556,4401.31,1885,20251219,4397.60,4419.90,4368.30,4418.80,1786,4399.93,1348,20251222,4401.40,4516.40,4400.20,4501.60,4525,4482.69,2829,20251223,4512.40,4563.20,4489.70,4538.10,5023,4534.8,3547,20251224,4550.00,4587.00,4506.90,4535.10,2746,4551,2091,20251226,4548.60,4616.50,4548.60,4585.70,5113,4584.63,3228,20251229,4601.90,4609.80,4348.60,4375.70,7547,4475.59,5702,20251230,4382.10,4452.00,4372.30,4418.90,2972,4415.92,2402,20251231,4388.40,4416.30,4317.60,4373.90,3816,4369.44,2996,20260102,4377.40,4446.70,4352.30,4361.90,2953,4406.53,2238,20260105,4395.90,4500.00,4387.80,4484.10,4680,4468.16,3364,20260106,4493.20,4541.00,4471.90,4529.10,4077,4512.65,2846,20260107,4540.70,4545.00,4465.80,4495.30,4192,4497.08,3095,20260108,4503.70,4521.50,4447.80,4493.90,3968,4478.53,3153,20260109,4519.80,4560.20,4496.60,4534.70,3576,4531.1,2726,20260112,4561.70,4674.60,4558.70,4649.20,7296,4636.91,5657,20260113,4639.00,4678.00,4611.00,4633.50,6271,4639.96,5059,20260114,4632.30,4685.00,4632.00,4670.10,7857,4665.94,5848,20260115,4670.70,4671.40,4618.00,4657.70,8713,4642.85,6304,20260116,4657.70,4658.80,4573.30,4629.40,10012,4628.47,7012,20260120,4661.00,4806.00,4659.50,4800.80,20405,4752.58,14735,20260121,4804.90,4925.10,4793.30,4873.10,28781,4874.98,20258,20260122,4871.00,4980.10,4807.90,4949.40,29392,4890.16,19185,20260123,4977.80,5028.30,4937.70,5017.00,30608,4994.88,21675,20260126,5042.80,5145.20,5022.90,5122.30,83726,5104.05,53274,20260127,5043.90,5229.80,5043.90,5120.60,91940,5125.9,59178,20260128,5218.60,5452.80,5193.60,5340.20,335433,5308.43,244435,20260129,5449.90,5626.80,5126.00,5354.80,535273,5453.48,389653,20260130,5410.00,5480.20,4700.40,4745.10,471965,5063.64,347329,20260202,4816.00,4905.60,4423.20,4652.60,360736,4700.51,278042,20260203,4691.00,5018.10,4690.20,4935.00,244229,4923.61,185601,20260204,4966.10,5113.90,4867.70,4950.80,227117,5009.67,168796,20260205,4986.60,5045.00,4779.60,4889.50,220040,4890.03,168030,20260206,4800.00,4995.60,4670.00,4979.80,162332,4877.87,122381,20260209,5003.60,5111.10,4988.60,5079.40,113012,5053.36,85188,20260210,5084.30,5102.70,5011.00,5031.00,97289,5056.95,73185,20260211,5048.00,5144.50,5036.30,5098.50,116736,5092.54,85306,20260212,5107.30,5122.80,4900.00,4948.40,147097,5017.32,109043,20260213,4950.00,5069.10,4907.10,5046.30,112783,5008.52,84368,20260217,5050.00,5074.40,4854.20,4905.90,156491,4944.22,115073,20260218,4898.50,5031.90,4868.50,5009.50,89152,4977.6,64870,20260219,4993.70,5042.80,4971.50,4997.40,80714,5013.01,59273,20260220,5015.00,5131.00,4999.30,5080.90,122265,5060.54,89502,20260223,5128.80,5257.30,5120.40,5225.60,129801,5194.74,96088,20260224,5247.50,5269.40,5109.50,5176.30,133586,5178.29,97377,20260225,5160.00,5237.30,5135.90,5226.20,102208,5202.93,75253,20260226,5175.30,5221.90,5144.80,5194.20,118374,5192.79,89293,20260227,5201.90,5299.00,5182.90,5247.90,136922,5234.26,100031,20260302,5360.00,5434.10,5272.90,5311.60,210669,5365.14,157496,20260303,5335.70,5394.20,5005.00,5123.70,244893,5183.42,184459,20260304,5110.00,5218.30,5092.80,5134.70,126108,5169.17,95127,20260305,5155.70,5204.30,5058.90,5078.70,132000,5128.75,98317,20260306,5099.70,5185.00,5071.00,5158.70,122732,5129.68,93148,20260309,5186.70,5210.40,5021.20,5103.70,143108,5104.82,108666,20260310,5152.40,5248.70,5127.10,5242.10,133668,5201.88,98283,20260311,5194.00,5230.90,5155.90,5179.10,99576,5192.64,75064,20260312,5185.40,5197.80,5058.20,5125.80,119006,5148.38,88714,20260313,5084.00,5132.40,5014.10,5061.70,136317,5080.18,99283,20260316,5010.00,5044.50,4970.10,5002.20,140663,5008.99,104310,20260317,5012.20,5049.40,4977.00,5008.20,97680,5015.48,72153,20260318,5010.60,5022.00,4809.30,4896.20,173157,4916.97,126932,20260319,4828.00,4868.70,4505.00,4605.70,256126,4660.11,192578,20260320,4653.90,4738.20,4478.40,4574.90,191786,4624.05,143871,20260323,4450.00,4537.10,4100.00,4407.30,336923,4355.47,257584,20260324,4414.80,4485.60,4306.30,4402.00,170808,4395.87,132601,20260325,4473.50,4601.00,4458.20,4552.30,182101,4552.24,133335,20260326,4508.90,4541.60,4348.20,4376.30,166626,4437.09,128484,20260327,4371.80,4552.10,4369.10,4492.50,21186,4442.74,15226,20260330,4482.80,4579.10,4413.40,4526.00,3547,4517.34,2623,20260331,4510.00,4684.10,4508.60,4647.60,867,4609,442,20260401,4668.40,4789.10,4668.00,4783.20,516,4734.7,280,20260402,4764.90,4784.40,4558.90,4651.50,380,4647.67,262,20260406,4656.10,4689.60,4605.00,4656.80,88,4675.65,75,20260407,4624.90,4676.30,4608.00,4657.10,154,4651.33,90,20260408,4760.00,4851.00,4738.80,4749.50,369,4797.39,240,20260409,4711.00,4711.10,4711.00,4711.00,6,4711.02,5
[2026-04-09 15:19:53] INFO     | trading.broker         | Fetched 472 historical bars for GCJ6
[2026-04-09 15:19:53] INFO     | trading.strategy.mgc_pullback | [3] Computing indicators...
[2026-04-09 15:19:53] INFO     | trading.strategy.mgc_pullback | Last bar  date=2026-04-09  close=4711.00  SMA200=4208.69  SMA37=4899.57  RSI2=53.36
[2026-04-09 15:19:53] INFO     | trading.strategy.mgc_pullback | Current position: 0
[2026-04-09 15:19:53] INFO     | trading.strategy.mgc_pullback | [4] Generating signal...
[2026-04-09 15:19:53] INFO     | trading.strategy.mgc_pullback | States  uptrend=True  pullback=False  exit_up=False  pos=0
[2026-04-09 15:19:53] INFO     | trading.strategy.mgc_pullback | Signal: ENTRY_LONG  reason=UpTrend & Pullback (RSI2 < 30)
[2026-04-09 15:19:53] DEBUG    | ib_insync.client       | >>> 59,1,1
[2026-04-09 15:19:53] DEBUG    | ib_insync.client       | >>> 1,11,7,706903676,MGC,FUT,20260428,0.0,,10,COMEX,,USD,MGCJ6,MGC,0,,0,0,
[2026-04-09 15:19:53] DEBUG    | ib_insync.client       | <<< 4,2,-1,2119,Market data farm is connecting:usfuture,
[2026-04-09 15:19:53] INFO     | ib_insync.wrapper      | Warning 2119, reqId -1: Market data farm is connecting:usfuture
[2026-04-09 15:19:55] DEBUG    | ib_insync.client       | <<< 4,2,-1,2104,Market data farm connection is OK:usfuture,
[2026-04-09 15:19:55] INFO     | ib_insync.wrapper      | Warning 2104, reqId -1: Market data farm connection is OK:usfuture
[2026-04-09 15:19:55] DEBUG    | ib_insync.client       | <<< 4,2,7,354,Requested market data is not subscribed. Check API status by selecting the Account menu then under Management choose Market Data Subscription Manager and/or availability of delayed data.Delayed market data is available.MGC APR'26 (MGCJ6) /TOP/ALL,
[2026-04-09 15:19:55] ERROR    | ib_insync.wrapper      | Error 354, reqId 7: Requested market data is not subscribed. Check API status by selecting the Account menu then under Management choose Market Data Subscription Manager and/or availability of delayed data.Delayed market data is available.MGC APR'26 (MGCJ6) /TOP/ALL, contract: Future(conId=706903676, symbol='MGC', lastTradeDateOrContractMonth='20260428', multiplier='10', exchange='COMEX', currency='USD', localSymbol='MGCJ6', tradingClass='MGC')
[2026-04-09 15:19:56] DEBUG    | ib_insync.client       | >>> 2,2,7
[2026-04-09 15:19:56] DEBUG    | ib_insync.client       | >>> 59,1,3
[2026-04-09 15:19:56] DEBUG    | ib_insync.client       | >>> 1,11,8,706903676,MGC,FUT,20260428,0.0,,10,COMEX,,USD,MGCJ6,MGC,0,,0,0,
[2026-04-09 15:19:56] DEBUG    | ib_insync.client       | <<< 4,2,7,300,Can't find EId with tickerId:7,
[2026-04-09 15:19:56] ERROR    | ib_insync.wrapper      | Error 300, reqId 7: Can't find EId with tickerId:7
[2026-04-09 15:19:56] DEBUG    | ib_insync.client       | <<< 58,1,8,3
[2026-04-09 15:19:56] DEBUG    | ib_insync.client       | <<< 4,2,8,10167,Requested market data is not subscribed. Displaying delayed market data.,
[2026-04-09 15:19:56] INFO     | ib_insync.wrapper      | Warning 10167, reqId 8: Requested market data is not subscribed. Displaying delayed market data., contract: Future(conId=706903676, symbol='MGC', lastTradeDateOrContractMonth='20260428', multiplier='10', exchange='COMEX', currency='USD', localSymbol='MGCJ6', tradingClass='MGC')
[2026-04-09 15:19:57] DEBUG    | ib_insync.client       | <<< 81,8,0.1,,0
[2026-04-09 15:19:57] DEBUG    | ib_insync.client       | <<< 1,6,8,76,4815.00,0,0
[2026-04-09 15:19:57] DEBUG    | ib_insync.client       | <<< 2,6,8,74,0
[2026-04-09 15:19:57] DEBUG    | ib_insync.client       | <<< 1,6,8,75,4749.50,0,0
[2026-04-09 15:19:57] DEBUG    | ib_insync.client       | <<< 1,6,8,66,4729.10,1,0
[2026-04-09 15:19:57] DEBUG    | ib_insync.client       | <<< 1,6,8,67,4730.90,1,0
[2026-04-09 15:19:57] DEBUG    | ib_insync.client       | >>> 2,2,8
[2026-04-09 15:19:57] INFO     | trading.strategy.mgc_pullback | Indicative price: 4730.00 (DELAYED)
[2026-04-09 15:19:57] DEBUG    | ib_insync.client       | >>> 3,9,706903676,MGC,FUT,20260428,0.0,,10,COMEX,,USD,MGCJ6,MGC,,,BUY,1,LMT,4735.0,,,,U22862141,O,0,,0,0,0,0,0,0,0,0,,0.0,,,,,,,,0,,-1,0,,,0,,,0,0,,0,,,,,,0,,,,,0,,,,,,,,,,,0,,,0,0,,,0,,0,0,0,0,,,,,,,0,,,,,,,,,0,0,0,0,,,0,,
[2026-04-09 15:19:57] INFO     | ib_insync.ib           | placeOrder: New order Trade(contract=Future(conId=706903676, symbol='MGC', lastTradeDateOrContractMonth='20260428', multiplier='10', exchange='COMEX', currency='USD', localSymbol='MGCJ6', tradingClass='MGC'), order=LimitOrder(orderId=9, clientId=27, action='BUY', totalQuantity=1, lmtPrice=4735.0, transmit=False, account='U22862141'), orderStatus=OrderStatus(orderId=9, status='PendingSubmit', filled=0.0, remaining=0.0, avgFillPrice=0.0, permId=0, parentId=0, lastFillPrice=0.0, clientId=0, whyHeld='', mktCapPrice=0.0), fills=[], log=[TradeLogEntry(time=datetime.datetime(2026, 4, 9, 9, 49, 57, 561989, tzinfo=datetime.timezone.utc), status='PendingSubmit', message='', errorCode=0)], advancedError='')
[2026-04-09 15:19:57] DEBUG    | ib_insync.client       | >>> 3,10,706903676,MGC,FUT,20260428,0.0,,10,COMEX,,USD,MGCJ6,MGC,,,SELL,1,LMT,4845.0,,GTC,,U22862141,O,0,,0,9,0,0,0,0,0,0,,0.0,,,,,,,,0,,-1,0,,,0,,,0,0,,0,,,,,,0,,,,,0,,,,,,,,,,,0,,,0,0,,,0,,0,0,0,0,,,,,,,0,,,,,,,,,0,0,0,0,,,0,,
[2026-04-09 15:19:57] INFO     | ib_insync.ib           | placeOrder: New order Trade(contract=Future(conId=706903676, symbol='MGC', lastTradeDateOrContractMonth='20260428', multiplier='10', exchange='COMEX', currency='USD', localSymbol='MGCJ6', tradingClass='MGC'), order=LimitOrder(orderId=10, clientId=27, action='SELL', totalQuantity=1, lmtPrice=4845.0, tif='GTC', transmit=False, parentId=9, account='U22862141'), orderStatus=OrderStatus(orderId=10, status='PendingSubmit', filled=0.0, remaining=0.0, avgFillPrice=0.0, permId=0, parentId=0, lastFillPrice=0.0, clientId=0, whyHeld='', mktCapPrice=0.0), fills=[], log=[TradeLogEntry(time=datetime.datetime(2026, 4, 9, 9, 49, 57, 562450, tzinfo=datetime.timezone.utc), status='PendingSubmit', message='', errorCode=0)], advancedError='')
[2026-04-09 15:19:57] DEBUG    | ib_insync.client       | >>> 3,11,706903676,MGC,FUT,20260428,0.0,,10,COMEX,,USD,MGCJ6,MGC,,,SELL,1,STP,,4625.0,GTC,,U22862141,O,0,,1,9,0,0,0,0,0,0,,0.0,,,,,,,,0,,-1,0,,,0,,,0,0,,0,,,,,,0,,,,,0,,,,,,,,,,,0,,,0,0,,,0,,0,0,0,0,,,,,,,0,,,,,,,,,0,0,0,0,,,0,,
[2026-04-09 15:19:57] INFO     | ib_insync.ib           | placeOrder: New order Trade(contract=Future(conId=706903676, symbol='MGC', lastTradeDateOrContractMonth='20260428', multiplier='10', exchange='COMEX', currency='USD', localSymbol='MGCJ6', tradingClass='MGC'), order=StopOrder(orderId=11, clientId=27, action='SELL', totalQuantity=1, auxPrice=4625.0, tif='GTC', parentId=9, account='U22862141'), orderStatus=OrderStatus(orderId=11, status='PendingSubmit', filled=0.0, remaining=0.0, avgFillPrice=0.0, permId=0, parentId=0, lastFillPrice=0.0, clientId=0, whyHeld='', mktCapPrice=0.0), fills=[], log=[TradeLogEntry(time=datetime.datetime(2026, 4, 9, 9, 49, 57, 563155, tzinfo=datetime.timezone.utc), status='PendingSubmit', message='', errorCode=0)], advancedError='')
[2026-04-09 15:19:57] DEBUG    | ib_insync.client       | <<< 4,2,9,10349,Order TIF was set to GTC based on order preset.,
[2026-04-09 15:19:57] ERROR    | ib_insync.wrapper      | Error 10349, reqId 9: Order TIF was set to GTC based on order preset.
[2026-04-09 15:19:57] WARNING  | ib_insync.wrapper      | Canceled order: Trade(contract=Future(conId=706903676, symbol='MGC', lastTradeDateOrContractMonth='20260428', multiplier='10', exchange='COMEX', currency='USD', localSymbol='MGCJ6', tradingClass='MGC'), order=LimitOrder(orderId=9, clientId=27, action='BUY', totalQuantity=1, lmtPrice=4735.0, transmit=False, account='U22862141'), orderStatus=OrderStatus(orderId=9, status='Cancelled', filled=0.0, remaining=0.0, avgFillPrice=0.0, permId=0, parentId=0, lastFillPrice=0.0, clientId=0, whyHeld='', mktCapPrice=0.0), fills=[], log=[TradeLogEntry(time=datetime.datetime(2026, 4, 9, 9, 49, 57, 561989, tzinfo=datetime.timezone.utc), status='PendingSubmit', message='', errorCode=0), TradeLogEntry(time=datetime.datetime(2026, 4, 9, 9, 49, 57, 952402, tzinfo=datetime.timezone.utc), status='Cancelled', message='Error 10349, reqId 9: Order TIF was set to GTC based on order preset.', errorCode=10349)], advancedError='')
[2026-04-09 15:19:57] INFO     | trading.orders         | Bracket placed: BUY 1 @ 4735.00  TP=4845.00  SL=4625.00
[2026-04-09 15:19:57] INFO     | trading.strategy.mgc_pullback | EXECUTION COMPLETE for mgc_pullback
[2026-04-09 15:19:57] INFO     | ib_insync.ib           | Disconnecting from 127.0.0.1:4002, 1.23 kB sent in 21 messages, 43.7 kB received in 329 messages, session time 6.92 s.
[2026-04-09 15:19:57] INFO     | ib_insync.client       | Disconnecting
[2026-04-09 15:19:57] INFO     | trading.broker         | Disconnected from IBKR
[2026-04-09 15:19:57] INFO     | trading.db             | Database connection closed
[2026-04-09 15:19:57] INFO     | trading.main           | ALL STRATEGIES COMPLETE
[2026-04-09 15:20:36] DEBUG    | asyncio                | Using selector: KqueueSelector
[2026-04-09 15:20:36] INFO     | trading.main           | ============================================================
[2026-04-09 15:20:36] INFO     | trading.main           |   TRADING FRAMEWORK – STARTING
[2026-04-09 15:20:36] INFO     | trading.main           | ============================================================
[2026-04-09 15:20:36] INFO     | trading.db             | Database ready at /Users/rishabhmaniyar/Downloads/trading_framework/data/trading.db
[2026-04-09 15:20:36] INFO     | trading.broker         | Connecting to IBKR 127.0.0.1:4002 (attempt 1/3)
[2026-04-09 15:20:36] INFO     | ib_insync.client       | Connecting to 127.0.0.1:4002 with clientId 27...
[2026-04-09 15:20:36] INFO     | ib_insync.client       | Connected
[2026-04-09 15:20:36] DEBUG    | ib_insync.client       | <<< 176,20260409 15:20:36 India Standard Time
[2026-04-09 15:20:36] DEBUG    | ib_insync.client       | >>> 71,2,27,
[2026-04-09 15:20:36] INFO     | ib_insync.client       | Logged on to server version 176
[2026-04-09 15:20:36] DEBUG    | ib_insync.client       | <<< 15,1,DUM165609
[2026-04-09 15:20:36] DEBUG    | ib_insync.client       | <<< 9,1,12
[2026-04-09 15:20:36] INFO     | ib_insync.client       | API connection ready
[2026-04-09 15:20:36] DEBUG    | ib_insync.client       | >>> 61,1
[2026-04-09 15:20:36] DEBUG    | ib_insync.client       | >>> 5,1
[2026-04-09 15:20:36] DEBUG    | ib_insync.client       | >>> 99,0
[2026-04-09 15:20:36] DEBUG    | ib_insync.client       | >>> 6,2,1,DUM165609
[2026-04-09 15:20:36] DEBUG    | ib_insync.client       | >>> 76,1,12,DUM165609,,0
[2026-04-09 15:20:36] DEBUG    | ib_insync.client       | <<< 4,2,-1,2104,Market data farm connection is OK:usfuture,
[2026-04-09 15:20:36] INFO     | ib_insync.wrapper      | Warning 2104, reqId -1: Market data farm connection is OK:usfuture
[2026-04-09 15:20:36] DEBUG    | ib_insync.client       | <<< 4,2,-1,2104,Market data farm connection is OK:usfarm,
[2026-04-09 15:20:36] INFO     | ib_insync.wrapper      | Warning 2104, reqId -1: Market data farm connection is OK:usfarm
[2026-04-09 15:20:36] DEBUG    | ib_insync.client       | <<< 4,2,-1,2106,HMDS data farm connection is OK:ushmds,
[2026-04-09 15:20:36] INFO     | ib_insync.wrapper      | Warning 2106, reqId -1: HMDS data farm connection is OK:ushmds
[2026-04-09 15:20:36] DEBUG    | ib_insync.client       | <<< 4,2,-1,2158,Sec-def data farm connection is OK:secdefil,
[2026-04-09 15:20:36] INFO     | ib_insync.wrapper      | Warning 2158, reqId -1: Sec-def data farm connection is OK:secdefil
[2026-04-09 15:20:37] DEBUG    | ib_insync.client       | <<< 61,3,DUM165609,770561194,MES,FUT,20260618,0.0,,5,,USD,MESM6,MES,3,33228.12
[2026-04-09 15:20:37] INFO     | ib_insync.wrapper      | position: Position(account='DUM165609', contract=Future(conId=770561194, symbol='MES', lastTradeDateOrContractMonth='20260618', multiplier='5', currency='USD', localSymbol='MESM6', tradingClass='MES'), position=3.0, avgCost=33228.12)
[2026-04-09 15:20:37] DEBUG    | ib_insync.client       | <<< 62,1
[2026-04-09 15:20:37] DEBUG    | ib_insync.client       | <<< 53,1
[2026-04-09 15:20:37] DEBUG    | ib_insync.client       | <<< 101,706903676,MGC,FUT,20260428,0,?,10,COMEX,USD,MGCJ6,MGC,BUY,1,LMT,4735.0,0.0,GTC,,DUM165609,O,0,,541554245,0,0,0,,,,,,,,,,,0,,-1,,,,,,2147483647,0,0,,3,0,,0,None,,0,0,0,,0,0,,,,0,0,0,2147483647,2147483647,,,,IB,0,0,,0,Cancelled,0,0,0,4736.0,1.7976931348623157E308,0,1,0,,0,2147483647,0,Not an insider or substantial shareholder,0,0,9223372036854775807,20260409 05:49:58 US/Eastern,Rejected by System:
This order does not comply with our order handling rules for derivatives subject to IBKR near-expiration and physical delivery risk policies.
Please refer to our website for further details.,,,,,
[2026-04-09 15:20:37] DEBUG    | ib_insync.client       | <<< 101,706903676,MGC,FUT,20260428,0,?,10,COMEX,USD,MGCJ6,MGC,SELL,1,LMT,4845.0,0.0,GTC,541554245,DUM165609,O,0,,541554246,0,0,0,,,,,,,,,,,0,,-1,,,,,,2147483647,0,0,,3,0,,0,None,,0,0,0,,0,0,,,,0,0,0,2147483647,2147483647,,,,IB,0,0,,0,Cancelled,0,0,0,4846.0,1.7976931348623157E308,0,1,0,,0,2147483647,0,Not an insider or substantial shareholder,0,0,541554245,20260409 05:49:58 US/Eastern,Cancelled by System:
,,,,,
[2026-04-09 15:20:37] DEBUG    | ib_insync.client       | <<< 101,706903676,MGC,FUT,20260428,0,?,10,COMEX,USD,MGCJ6,MGC,SELL,1,STP,0.0,4625.0,GTC,541554245,DUM165609,O,0,,541554247,0,0,0,,,,,,,,,,,0,,-1,,,,,,2147483647,0,0,,3,0,,0,None,,0,0,0,,0,0,,,,0,0,0,2147483647,2147483647,,,,IB,0,0,,0,Cancelled,0,0,0,4625.0,1.7976931348623157E308,0,1,0,,0,2147483647,0,Not an insider or substantial shareholder,0,0,541554245,20260409 05:49:58 US/Eastern,Cancelled by System:
,,,,,
[2026-04-09 15:20:37] DEBUG    | ib_insync.client       | <<< 102
[2026-04-09 15:20:37] DEBUG    | ib_insync.client       | <<< 6,2,AccountCode,DUM165609,,DUM165609
[2026-04-09 15:20:37] DEBUG    | ib_insync.client       | <<< 6,2,AccountOrGroup,DUM165609,BASE,DUM165609
[2026-04-09 15:20:37] DEBUG    | ib_insync.client       | <<< 6,2,AccountOrGroup,DUM165609,USD,DUM165609
[2026-04-09 15:20:37] DEBUG    | ib_insync.client       | <<< 6,2,AccountReady,true,,DUM165609
[2026-04-09 15:20:37] DEBUG    | ib_insync.client       | <<< 6,2,AccountType,CORPORATION,,DUM165609
[2026-04-09 15:20:37] DEBUG    | ib_insync.client       | <<< 6,2,AccruedCash,141.71,BASE,DUM165609
[2026-04-09 15:20:37] DEBUG    | ib_insync.client       | <<< 6,2,AccruedCash,141.71,USD,DUM165609
[2026-04-09 15:20:37] DEBUG    | ib_insync.client       | <<< 6,2,AccruedCash-P,0.00,USD,DUM165609
[2026-04-09 15:20:37] DEBUG    | ib_insync.client       | <<< 6,2,AccruedCash-S,141.71,USD,DUM165609
[2026-04-09 15:20:37] DEBUG    | ib_insync.client       | <<< 6,2,AccruedDividend,0.00,USD,DUM165609
[2026-04-09 15:20:37] DEBUG    | ib_insync.client       | <<< 6,2,AccruedDividend-P,0.00,USD,DUM165609
[2026-04-09 15:20:37] DEBUG    | ib_insync.client       | <<< 6,2,AccruedDividend-S,0.00,USD,DUM165609
[2026-04-09 15:20:37] DEBUG    | ib_insync.client       | <<< 6,2,AvailableFunds,235822.41,USD,DUM165609
[2026-04-09 15:20:37] DEBUG    | ib_insync.client       | <<< 6,2,AvailableFunds-P,0.00,USD,DUM165609
[2026-04-09 15:20:37] DEBUG    | ib_insync.client       | <<< 6,2,AvailableFunds-S,235822.41,USD,DUM165609
[2026-04-09 15:20:37] DEBUG    | ib_insync.client       | <<< 6,2,Billable,0.00,USD,DUM165609
[2026-04-09 15:20:37] DEBUG    | ib_insync.client       | <<< 6,2,Billable-P,0.00,USD,DUM165609
[2026-04-09 15:20:37] DEBUG    | ib_insync.client       | <<< 6,2,Billable-S,0.00,USD,DUM165609
[2026-04-09 15:20:37] DEBUG    | ib_insync.client       | <<< 6,2,BuyingPower,1572149.42,USD,DUM165609
[2026-04-09 15:20:37] DEBUG    | ib_insync.client       | <<< 6,2,CashBalance,244861.04,BASE,DUM165609
[2026-04-09 15:20:37] DEBUG    | ib_insync.client       | <<< 6,2,CashBalance,244861.04,USD,DUM165609
[2026-04-09 15:20:37] DEBUG    | ib_insync.client       | <<< 6,2,ColumnPrio-P,5,,DUM165609
[2026-04-09 15:20:37] DEBUG    | ib_insync.client       | <<< 6,2,ColumnPrio-S,1,,DUM165609
[2026-04-09 15:20:37] DEBUG    | ib_insync.client       | <<< 6,2,CorporateBondValue,0.00,BASE,DUM165609
[2026-04-09 15:20:37] DEBUG    | ib_insync.client       | <<< 6,2,CorporateBondValue,0.00,USD,DUM165609
[2026-04-09 15:20:37] DEBUG    | ib_insync.client       | <<< 6,2,Cryptocurrency,0.00,BASE,DUM165609
[2026-04-09 15:20:37] DEBUG    | ib_insync.client       | <<< 6,2,Cryptocurrency,0.00,USD,DUM165609
[2026-04-09 15:20:37] DEBUG    | ib_insync.client       | <<< 6,2,Currency,BASE,BASE,DUM165609
[2026-04-09 15:20:37] DEBUG    | ib_insync.client       | <<< 6,2,Currency,USD,USD,DUM165609
[2026-04-09 15:20:37] DEBUG    | ib_insync.client       | <<< 6,2,Cushion,0.970416,,DUM165609
[2026-04-09 15:20:37] DEBUG    | ib_insync.client       | <<< 6,2,EquityWithLoanValue,245002.75,USD,DUM165609
[2026-04-09 15:20:37] DEBUG    | ib_insync.client       | <<< 6,2,EquityWithLoanValue-P,0.00,USD,DUM165609
[2026-04-09 15:20:37] DEBUG    | ib_insync.client       | <<< 6,2,EquityWithLoanValue-S,245002.75,USD,DUM165609
[2026-04-09 15:20:37] DEBUG    | ib_insync.client       | <<< 6,2,ExcessLiquidity,237754.57,USD,DUM165609
[2026-04-09 15:20:37] DEBUG    | ib_insync.client       | <<< 6,2,ExcessLiquidity-P,0.00,USD,DUM165609
[2026-04-09 15:20:37] DEBUG    | ib_insync.client       | <<< 6,2,ExcessLiquidity-S,237754.57,USD,DUM165609
[2026-04-09 15:20:37] DEBUG    | ib_insync.client       | <<< 6,2,ExchangeRate,1.00,BASE,DUM165609
[2026-04-09 15:20:37] DEBUG    | ib_insync.client       | <<< 6,2,ExchangeRate,1.00,USD,DUM165609
[2026-04-09 15:20:37] DEBUG    | ib_insync.client       | <<< 6,2,FullAvailableFunds,235822.41,USD,DUM165609
[2026-04-09 15:20:37] DEBUG    | ib_insync.client       | <<< 6,2,FullAvailableFunds-P,0.00,USD,DUM165609
[2026-04-09 15:20:37] DEBUG    | ib_insync.client       | <<< 6,2,FullAvailableFunds-S,235822.41,USD,DUM165609
[2026-04-09 15:20:37] DEBUG    | ib_insync.client       | <<< 6,2,FullExcessLiquidity,237754.57,USD,DUM165609
[2026-04-09 15:20:37] DEBUG    | ib_insync.client       | <<< 6,2,FullExcessLiquidity-P,0.00,USD,DUM165609
[2026-04-09 15:20:37] DEBUG    | ib_insync.client       | <<< 6,2,FullExcessLiquidity-S,237754.57,USD,DUM165609
[2026-04-09 15:20:37] DEBUG    | ib_insync.client       | <<< 6,2,FullInitMarginReq,9180.34,USD,DUM165609
[2026-04-09 15:20:37] DEBUG    | ib_insync.client       | <<< 6,2,FullInitMarginReq-P,0.00,USD,DUM165609
[2026-04-09 15:20:37] DEBUG    | ib_insync.client       | <<< 6,2,FullInitMarginReq-S,9180.34,USD,DUM165609
[2026-04-09 15:20:37] DEBUG    | ib_insync.client       | <<< 6,2,FullMaintMarginReq,7248.18,USD,DUM165609
[2026-04-09 15:20:37] DEBUG    | ib_insync.client       | <<< 6,2,FullMaintMarginReq-P,0.00,USD,DUM165609
[2026-04-09 15:20:37] DEBUG    | ib_insync.client       | <<< 6,2,FullMaintMarginReq-S,7248.18,USD,DUM165609
[2026-04-09 15:20:37] DEBUG    | ib_insync.client       | <<< 6,2,FundValue,0.00,BASE,DUM165609
[2026-04-09 15:20:37] DEBUG    | ib_insync.client       | <<< 6,2,FundValue,0.00,USD,DUM165609
[2026-04-09 15:20:37] DEBUG    | ib_insync.client       | <<< 6,2,FutureOptionValue,0.00,BASE,DUM165609
[2026-04-09 15:20:37] DEBUG    | ib_insync.client       | <<< 6,2,FutureOptionValue,0.00,USD,DUM165609
[2026-04-09 15:20:37] DEBUG    | ib_insync.client       | <<< 6,2,FuturesPNL,-352.50,BASE,DUM165609
[2026-04-09 15:20:37] DEBUG    | ib_insync.client       | <<< 6,2,FuturesPNL,-352.50,USD,DUM165609
[2026-04-09 15:20:37] DEBUG    | ib_insync.client       | <<< 6,2,FxCashBalance,0.00,BASE,DUM165609
[2026-04-09 15:20:37] DEBUG    | ib_insync.client       | <<< 6,2,FxCashBalance,0.00,USD,DUM165609
[2026-04-09 15:20:37] DEBUG    | ib_insync.client       | <<< 6,2,GrossPositionValue,0.00,USD,DUM165609
[2026-04-09 15:20:37] DEBUG    | ib_insync.client       | <<< 6,2,GrossPositionValue-S,0.00,USD,DUM165609
[2026-04-09 15:20:37] DEBUG    | ib_insync.client       | <<< 6,2,Guarantee,0.00,USD,DUM165609
[2026-04-09 15:20:37] DEBUG    | ib_insync.client       | <<< 6,2,Guarantee-P,0.00,USD,DUM165609
[2026-04-09 15:20:37] DEBUG    | ib_insync.client       | <<< 6,2,Guarantee-S,0.00,USD,DUM165609
[2026-04-09 15:20:37] DEBUG    | ib_insync.client       | <<< 6,2,IncentiveCoupons,0.00,USD,DUM165609
[2026-04-09 15:20:37] DEBUG    | ib_insync.client       | <<< 6,2,IncentiveCoupons-P,0.00,USD,DUM165609
[2026-04-09 15:20:37] DEBUG    | ib_insync.client       | <<< 6,2,IncentiveCoupons-S,0.00,USD,DUM165609
[2026-04-09 15:20:37] DEBUG    | ib_insync.client       | <<< 6,2,IndianStockHaircut,0.00,USD,DUM165609
[2026-04-09 15:20:37] DEBUG    | ib_insync.client       | <<< 6,2,IndianStockHaircut-P,0.00,USD,DUM165609
[2026-04-09 15:20:37] DEBUG    | ib_insync.client       | <<< 6,2,IndianStockHaircut-S,0.00,USD,DUM165609
[2026-04-09 15:20:37] DEBUG    | ib_insync.client       | <<< 6,2,InitMarginReq,9180.34,USD,DUM165609
[2026-04-09 15:20:37] DEBUG    | ib_insync.client       | <<< 6,2,InitMarginReq-P,0.00,USD,DUM165609
[2026-04-09 15:20:37] DEBUG    | ib_insync.client       | <<< 6,2,InitMarginReq-S,9180.34,USD,DUM165609
[2026-04-09 15:20:37] DEBUG    | ib_insync.client       | <<< 6,2,IssuerOptionValue,0.00,BASE,DUM165609
[2026-04-09 15:20:37] DEBUG    | ib_insync.client       | <<< 6,2,IssuerOptionValue,0.00,USD,DUM165609
[2026-04-09 15:20:37] DEBUG    | ib_insync.client       | <<< 6,2,Leverage-S,0.00,,DUM165609
[2026-04-09 15:20:37] DEBUG    | ib_insync.client       | <<< 6,2,LookAheadAvailableFunds,238576.51,USD,DUM165609
[2026-04-09 15:20:37] DEBUG    | ib_insync.client       | <<< 6,2,LookAheadAvailableFunds-P,0.00,USD,DUM165609
[2026-04-09 15:20:37] DEBUG    | ib_insync.client       | <<< 6,2,LookAheadAvailableFunds-S,238576.51,USD,DUM165609
[2026-04-09 15:20:37] DEBUG    | ib_insync.client       | <<< 6,2,LookAheadExcessLiquidity,239929.02,USD,DUM165609
[2026-04-09 15:20:37] DEBUG    | ib_insync.client       | <<< 6,2,LookAheadExcessLiquidity-P,0.00,USD,DUM165609
[2026-04-09 15:20:37] DEBUG    | ib_insync.client       | <<< 6,2,LookAheadExcessLiquidity-S,239929.02,USD,DUM165609
[2026-04-09 15:20:37] DEBUG    | ib_insync.client       | <<< 6,2,LookAheadInitMarginReq,6426.24,USD,DUM165609
[2026-04-09 15:20:37] DEBUG    | ib_insync.client       | <<< 6,2,LookAheadInitMarginReq-P,0.00,USD,DUM165609
[2026-04-09 15:20:37] DEBUG    | ib_insync.client       | <<< 6,2,LookAheadInitMarginReq-S,6426.24,USD,DUM165609
[2026-04-09 15:20:37] DEBUG    | ib_insync.client       | <<< 6,2,LookAheadMaintMarginReq,5073.73,USD,DUM165609
[2026-04-09 15:20:37] DEBUG    | ib_insync.client       | <<< 6,2,LookAheadMaintMarginReq-P,0.00,USD,DUM165609
[2026-04-09 15:20:37] DEBUG    | ib_insync.client       | <<< 6,2,LookAheadMaintMarginReq-S,5073.73,USD,DUM165609
[2026-04-09 15:20:37] DEBUG    | ib_insync.client       | <<< 6,2,LookAheadNextChange,1775741400,,DUM165609
[2026-04-09 15:20:37] DEBUG    | ib_insync.client       | <<< 6,2,MaintMarginReq,7248.18,USD,DUM165609
[2026-04-09 15:20:37] DEBUG    | ib_insync.client       | <<< 6,2,MaintMarginReq-P,0.00,USD,DUM165609
[2026-04-09 15:20:37] DEBUG    | ib_insync.client       | <<< 6,2,MaintMarginReq-S,7248.18,USD,DUM165609
[2026-04-09 15:20:37] DEBUG    | ib_insync.client       | <<< 6,2,MoneyMarketFundValue,0.00,BASE,DUM165609
[2026-04-09 15:20:37] DEBUG    | ib_insync.client       | <<< 6,2,MoneyMarketFundValue,0.00,USD,DUM165609
[2026-04-09 15:20:37] DEBUG    | ib_insync.client       | <<< 6,2,MutualFundValue,0.00,BASE,DUM165609
[2026-04-09 15:20:37] DEBUG    | ib_insync.client       | <<< 6,2,MutualFundValue,0.00,USD,DUM165609
[2026-04-09 15:20:37] DEBUG    | ib_insync.client       | <<< 6,2,NLVAndMarginInReview,false,,DUM165609
[2026-04-09 15:20:37] DEBUG    | ib_insync.client       | <<< 6,2,NetDividend,0.00,BASE,DUM165609
[2026-04-09 15:20:37] DEBUG    | ib_insync.client       | <<< 6,2,NetDividend,0.00,USD,DUM165609
[2026-04-09 15:20:37] DEBUG    | ib_insync.client       | <<< 6,2,NetLiquidation,245002.75,USD,DUM165609
[2026-04-09 15:20:37] DEBUG    | ib_insync.client       | <<< 6,2,NetLiquidation-P,0.00,USD,DUM165609
[2026-04-09 15:20:37] DEBUG    | ib_insync.client       | <<< 6,2,NetLiquidation-S,245002.75,USD,DUM165609
[2026-04-09 15:20:37] DEBUG    | ib_insync.client       | <<< 6,2,NetLiquidationByCurrency,245002.75,BASE,DUM165609
[2026-04-09 15:20:37] DEBUG    | ib_insync.client       | <<< 6,2,NetLiquidationByCurrency,245002.75,USD,DUM165609
[2026-04-09 15:20:37] DEBUG    | ib_insync.client       | <<< 6,2,NetLiquidationUncertainty,0.00,USD,DUM165609
[2026-04-09 15:20:37] DEBUG    | ib_insync.client       | <<< 6,2,OptionMarketValue,0.00,BASE,DUM165609
[2026-04-09 15:20:37] DEBUG    | ib_insync.client       | <<< 6,2,OptionMarketValue,0.00,USD,DUM165609
[2026-04-09 15:20:37] DEBUG    | ib_insync.client       | <<< 6,2,PASharesValue,0.00,USD,DUM165609
[2026-04-09 15:20:37] DEBUG    | ib_insync.client       | <<< 6,2,PASharesValue-P,0.00,USD,DUM165609
[2026-04-09 15:20:37] DEBUG    | ib_insync.client       | <<< 6,2,PASharesValue-S,0.00,USD,DUM165609
[2026-04-09 15:20:37] DEBUG    | ib_insync.client       | <<< 6,2,PhysicalCertificateValue,0.00,USD,DUM165609
[2026-04-09 15:20:37] DEBUG    | ib_insync.client       | <<< 6,2,PhysicalCertificateValue-P,0.00,USD,DUM165609
[2026-04-09 15:20:37] DEBUG    | ib_insync.client       | <<< 6,2,PhysicalCertificateValue-S,0.00,USD,DUM165609
[2026-04-09 15:20:37] DEBUG    | ib_insync.client       | <<< 6,2,PostExpirationExcess,0.00,USD,DUM165609
[2026-04-09 15:20:37] DEBUG    | ib_insync.client       | <<< 6,2,PostExpirationExcess-P,0.00,USD,DUM165609
[2026-04-09 15:20:37] DEBUG    | ib_insync.client       | <<< 6,2,PostExpirationExcess-S,0.00,USD,DUM165609
[2026-04-09 15:20:37] DEBUG    | ib_insync.client       | <<< 6,2,PostExpirationMargin,0.00,USD,DUM165609
[2026-04-09 15:20:37] DEBUG    | ib_insync.client       | <<< 6,2,PostExpirationMargin-P,0.00,USD,DUM165609
[2026-04-09 15:20:37] DEBUG    | ib_insync.client       | <<< 6,2,PostExpirationMargin-S,0.00,USD,DUM165609
[2026-04-09 15:20:37] DEBUG    | ib_insync.client       | <<< 6,2,RealCurrency,BASE,BASE,DUM165609
[2026-04-09 15:20:37] DEBUG    | ib_insync.client       | <<< 6,2,RealCurrency,USD,USD,DUM165609
[2026-04-09 15:20:37] DEBUG    | ib_insync.client       | <<< 6,2,RealizedPnL,0.00,BASE,DUM165609
[2026-04-09 15:20:37] DEBUG    | ib_insync.client       | <<< 6,2,RealizedPnL,0.00,USD,DUM165609
[2026-04-09 15:20:37] DEBUG    | ib_insync.client       | <<< 6,2,SegmentTitle-P,Crypto at Paxos,,DUM165609
[2026-04-09 15:20:37] DEBUG    | ib_insync.client       | <<< 6,2,SegmentTitle-S,Securities,,DUM165609
[2026-04-09 15:20:37] DEBUG    | ib_insync.client       | <<< 6,2,SettledCashByDate,20260409:245213.54;20260410:244861.03999999,,DUM165609
[2026-04-09 15:20:37] DEBUG    | ib_insync.client       | <<< 6,2,SettledCashByDate-P,20260409:0,,DUM165609
[2026-04-09 15:20:37] DEBUG    | ib_insync.client       | <<< 6,2,SettledCashByDate-S,20260409:245213.54;20260410:244861.03999999,,DUM165609
[2026-04-09 15:20:37] DEBUG    | ib_insync.client       | <<< 6,2,StockMarketValue,0.00,BASE,DUM165609
[2026-04-09 15:20:37] DEBUG    | ib_insync.client       | <<< 6,2,StockMarketValue,0.00,USD,DUM165609
[2026-04-09 15:20:37] DEBUG    | ib_insync.client       | <<< 6,2,TBillValue,0.00,BASE,DUM165609
[2026-04-09 15:20:37] DEBUG    | ib_insync.client       | <<< 6,2,TBillValue,0.00,USD,DUM165609
[2026-04-09 15:20:37] DEBUG    | ib_insync.client       | <<< 6,2,TBondValue,0.00,BASE,DUM165609
[2026-04-09 15:20:37] DEBUG    | ib_insync.client       | <<< 6,2,TBondValue,0.00,USD,DUM165609
[2026-04-09 15:20:37] DEBUG    | ib_insync.client       | <<< 6,2,TotalCashBalance,244861.04,BASE,DUM165609
[2026-04-09 15:20:37] DEBUG    | ib_insync.client       | <<< 6,2,TotalCashBalance,244861.04,USD,DUM165609
[2026-04-09 15:20:37] DEBUG    | ib_insync.client       | <<< 6,2,TotalCashValue,244861.04,USD,DUM165609
[2026-04-09 15:20:37] DEBUG    | ib_insync.client       | <<< 6,2,TotalCashValue-P,0.00,USD,DUM165609
[2026-04-09 15:20:37] DEBUG    | ib_insync.client       | <<< 6,2,TotalCashValue-S,244861.04,USD,DUM165609
[2026-04-09 15:20:37] DEBUG    | ib_insync.client       | <<< 6,2,TotalDebitCardPendingCharges,0.00,USD,DUM165609
[2026-04-09 15:20:37] DEBUG    | ib_insync.client       | <<< 6,2,TotalDebitCardPendingCharges-P,0.00,USD,DUM165609
[2026-04-09 15:20:37] DEBUG    | ib_insync.client       | <<< 6,2,TotalDebitCardPendingCharges-S,0.00,USD,DUM165609
[2026-04-09 15:20:37] DEBUG    | ib_insync.client       | <<< 6,2,TradingType-S,STKNOPT,,DUM165609
[2026-04-09 15:20:37] DEBUG    | ib_insync.client       | <<< 6,2,UnrealizedPnL,2319.39,BASE,DUM165609
[2026-04-09 15:20:37] DEBUG    | ib_insync.client       | <<< 6,2,UnrealizedPnL,2319.39,USD,DUM165609
[2026-04-09 15:20:37] DEBUG    | ib_insync.client       | <<< 6,2,WarrantValue,0.00,BASE,DUM165609
[2026-04-09 15:20:37] DEBUG    | ib_insync.client       | <<< 6,2,WarrantValue,0.00,USD,DUM165609
[2026-04-09 15:20:37] DEBUG    | ib_insync.client       | <<< 7,8,770561194,MES,FUT,20260618,0,0,5,CME,USD,MESM6,MES,3,6800.25,102003.75,33228.12,2319.39,0.0,DUM165609
[2026-04-09 15:20:37] INFO     | ib_insync.wrapper      | updatePortfolio: PortfolioItem(contract=Future(conId=770561194, symbol='MES', lastTradeDateOrContractMonth='20260618', right='0', multiplier='5', primaryExchange='CME', currency='USD', localSymbol='MESM6', tradingClass='MES'), position=3.0, marketPrice=6800.25, marketValue=102003.75, averageCost=33228.12, unrealizedPNL=2319.39, realizedPNL=0.0, account='DUM165609')
[2026-04-09 15:20:37] DEBUG    | ib_insync.client       | <<< 8,1,15:18
[2026-04-09 15:20:37] DEBUG    | ib_insync.client       | <<< 8,1,15:18
[2026-04-09 15:20:37] DEBUG    | ib_insync.client       | <<< 54,1,DUM165609
[2026-04-09 15:20:37] DEBUG    | ib_insync.client       | <<< 73,1,12,DUM165609,,AccountCode,DUM165609,
[2026-04-09 15:20:37] DEBUG    | ib_insync.client       | <<< 73,1,12,DUM165609,,AccountReady,true,
[2026-04-09 15:20:37] DEBUG    | ib_insync.client       | <<< 73,1,12,DUM165609,,AccountType,CORPORATION,
[2026-04-09 15:20:37] DEBUG    | ib_insync.client       | <<< 73,1,12,DUM165609,,AccruedCash,141.71,USD
[2026-04-09 15:20:37] DEBUG    | ib_insync.client       | <<< 73,1,12,DUM165609,,AccruedCash-P,0.00,USD
[2026-04-09 15:20:37] DEBUG    | ib_insync.client       | <<< 73,1,12,DUM165609,,AccruedCash-S,141.71,USD
[2026-04-09 15:20:37] DEBUG    | ib_insync.client       | <<< 73,1,12,DUM165609,,AccruedDividend,0.00,USD
[2026-04-09 15:20:37] DEBUG    | ib_insync.client       | <<< 73,1,12,DUM165609,,AccruedDividend-P,0.00,USD
[2026-04-09 15:20:37] DEBUG    | ib_insync.client       | <<< 73,1,12,DUM165609,,AccruedDividend-S,0.00,USD
[2026-04-09 15:20:37] DEBUG    | ib_insync.client       | <<< 73,1,12,DUM165609,,AvailableFunds,235822.41,USD
[2026-04-09 15:20:37] DEBUG    | ib_insync.client       | <<< 73,1,12,DUM165609,,AvailableFunds-P,0.00,USD
[2026-04-09 15:20:37] DEBUG    | ib_insync.client       | <<< 73,1,12,DUM165609,,AvailableFunds-S,235822.41,USD
[2026-04-09 15:20:37] DEBUG    | ib_insync.client       | <<< 73,1,12,DUM165609,,Billable,0.00,USD
[2026-04-09 15:20:37] DEBUG    | ib_insync.client       | <<< 73,1,12,DUM165609,,Billable-P,0.00,USD
[2026-04-09 15:20:37] DEBUG    | ib_insync.client       | <<< 73,1,12,DUM165609,,Billable-S,0.00,USD
[2026-04-09 15:20:37] DEBUG    | ib_insync.client       | <<< 73,1,12,DUM165609,,BuyingPower,1572149.42,USD
[2026-04-09 15:20:37] DEBUG    | ib_insync.client       | <<< 73,1,12,DUM165609,,ColumnPrio-P,5,
[2026-04-09 15:20:37] DEBUG    | ib_insync.client       | <<< 73,1,12,DUM165609,,ColumnPrio-S,1,
[2026-04-09 15:20:37] DEBUG    | ib_insync.client       | <<< 73,1,12,DUM165609,,Cushion,0.970416,
[2026-04-09 15:20:37] DEBUG    | ib_insync.client       | <<< 73,1,12,DUM165609,,EquityWithLoanValue,245002.75,USD
[2026-04-09 15:20:37] DEBUG    | ib_insync.client       | <<< 73,1,12,DUM165609,,EquityWithLoanValue-P,0.00,USD
[2026-04-09 15:20:37] DEBUG    | ib_insync.client       | <<< 73,1,12,DUM165609,,EquityWithLoanValue-S,245002.75,USD
[2026-04-09 15:20:37] DEBUG    | ib_insync.client       | <<< 73,1,12,DUM165609,,ExcessLiquidity,237754.57,USD
[2026-04-09 15:20:37] DEBUG    | ib_insync.client       | <<< 73,1,12,DUM165609,,ExcessLiquidity-P,0.00,USD
[2026-04-09 15:20:37] DEBUG    | ib_insync.client       | <<< 73,1,12,DUM165609,,ExcessLiquidity-S,237754.57,USD
[2026-04-09 15:20:37] DEBUG    | ib_insync.client       | <<< 73,1,12,DUM165609,,FullAvailableFunds,235822.41,USD
[2026-04-09 15:20:37] DEBUG    | ib_insync.client       | <<< 73,1,12,DUM165609,,FullAvailableFunds-P,0.00,USD
[2026-04-09 15:20:37] DEBUG    | ib_insync.client       | <<< 73,1,12,DUM165609,,FullAvailableFunds-S,235822.41,USD
[2026-04-09 15:20:37] DEBUG    | ib_insync.client       | <<< 73,1,12,DUM165609,,FullExcessLiquidity,237754.57,USD
[2026-04-09 15:20:37] DEBUG    | ib_insync.client       | <<< 73,1,12,DUM165609,,FullExcessLiquidity-P,0.00,USD
[2026-04-09 15:20:37] DEBUG    | ib_insync.client       | <<< 73,1,12,DUM165609,,FullExcessLiquidity-S,237754.57,USD
[2026-04-09 15:20:37] DEBUG    | ib_insync.client       | <<< 73,1,12,DUM165609,,FullInitMarginReq,9180.34,USD
[2026-04-09 15:20:37] DEBUG    | ib_insync.client       | <<< 73,1,12,DUM165609,,FullInitMarginReq-P,0.00,USD
[2026-04-09 15:20:37] DEBUG    | ib_insync.client       | <<< 73,1,12,DUM165609,,FullInitMarginReq-S,9180.34,USD
[2026-04-09 15:20:37] DEBUG    | ib_insync.client       | <<< 73,1,12,DUM165609,,FullMaintMarginReq,7248.18,USD
[2026-04-09 15:20:37] DEBUG    | ib_insync.client       | <<< 73,1,12,DUM165609,,FullMaintMarginReq-P,0.00,USD
[2026-04-09 15:20:37] DEBUG    | ib_insync.client       | <<< 73,1,12,DUM165609,,FullMaintMarginReq-S,7248.18,USD
[2026-04-09 15:20:37] DEBUG    | ib_insync.client       | <<< 73,1,12,DUM165609,,GrossPositionValue,0.00,USD
[2026-04-09 15:20:37] DEBUG    | ib_insync.client       | <<< 73,1,12,DUM165609,,GrossPositionValue-S,0.00,USD
[2026-04-09 15:20:37] DEBUG    | ib_insync.client       | <<< 73,1,12,DUM165609,,Guarantee,0.00,USD
[2026-04-09 15:20:37] DEBUG    | ib_insync.client       | <<< 73,1,12,DUM165609,,Guarantee-P,0.00,USD
[2026-04-09 15:20:37] DEBUG    | ib_insync.client       | <<< 73,1,12,DUM165609,,Guarantee-S,0.00,USD
[2026-04-09 15:20:37] DEBUG    | ib_insync.client       | <<< 73,1,12,DUM165609,,IncentiveCoupons,0.00,USD
[2026-04-09 15:20:37] DEBUG    | ib_insync.client       | <<< 73,1,12,DUM165609,,IncentiveCoupons-P,0.00,USD
[2026-04-09 15:20:37] DEBUG    | ib_insync.client       | <<< 73,1,12,DUM165609,,IncentiveCoupons-S,0.00,USD
[2026-04-09 15:20:37] DEBUG    | ib_insync.client       | <<< 73,1,12,DUM165609,,IndianStockHaircut,0.00,USD
[2026-04-09 15:20:37] DEBUG    | ib_insync.client       | <<< 73,1,12,DUM165609,,IndianStockHaircut-P,0.00,USD
[2026-04-09 15:20:37] DEBUG    | ib_insync.client       | <<< 73,1,12,DUM165609,,IndianStockHaircut-S,0.00,USD
[2026-04-09 15:20:37] DEBUG    | ib_insync.client       | <<< 73,1,12,DUM165609,,InitMarginReq,9180.34,USD
[2026-04-09 15:20:37] DEBUG    | ib_insync.client       | <<< 73,1,12,DUM165609,,InitMarginReq-P,0.00,USD
[2026-04-09 15:20:37] DEBUG    | ib_insync.client       | <<< 73,1,12,DUM165609,,InitMarginReq-S,9180.34,USD
[2026-04-09 15:20:37] DEBUG    | ib_insync.client       | <<< 73,1,12,DUM165609,,Leverage-S,0.00,
[2026-04-09 15:20:37] DEBUG    | ib_insync.client       | <<< 73,1,12,DUM165609,,LookAheadAvailableFunds,238576.51,USD
[2026-04-09 15:20:37] DEBUG    | ib_insync.client       | <<< 73,1,12,DUM165609,,LookAheadAvailableFunds-P,0.00,USD
[2026-04-09 15:20:37] DEBUG    | ib_insync.client       | <<< 73,1,12,DUM165609,,LookAheadAvailableFunds-S,238576.51,USD
[2026-04-09 15:20:37] DEBUG    | ib_insync.client       | <<< 73,1,12,DUM165609,,LookAheadExcessLiquidity,239929.02,USD
[2026-04-09 15:20:37] DEBUG    | ib_insync.client       | <<< 73,1,12,DUM165609,,LookAheadExcessLiquidity-P,0.00,USD
[2026-04-09 15:20:37] DEBUG    | ib_insync.client       | <<< 73,1,12,DUM165609,,LookAheadExcessLiquidity-S,239929.02,USD
[2026-04-09 15:20:37] DEBUG    | ib_insync.client       | <<< 73,1,12,DUM165609,,LookAheadInitMarginReq,6426.24,USD
[2026-04-09 15:20:37] DEBUG    | ib_insync.client       | <<< 73,1,12,DUM165609,,LookAheadInitMarginReq-P,0.00,USD
[2026-04-09 15:20:37] DEBUG    | ib_insync.client       | <<< 73,1,12,DUM165609,,LookAheadInitMarginReq-S,6426.24,USD
[2026-04-09 15:20:37] DEBUG    | ib_insync.client       | <<< 73,1,12,DUM165609,,LookAheadMaintMarginReq,5073.73,USD
[2026-04-09 15:20:37] DEBUG    | ib_insync.client       | <<< 73,1,12,DUM165609,,LookAheadMaintMarginReq-P,0.00,USD
[2026-04-09 15:20:37] DEBUG    | ib_insync.client       | <<< 73,1,12,DUM165609,,LookAheadMaintMarginReq-S,5073.73,USD
[2026-04-09 15:20:37] DEBUG    | ib_insync.client       | <<< 73,1,12,DUM165609,,LookAheadNextChange,1775741400,
[2026-04-09 15:20:37] DEBUG    | ib_insync.client       | <<< 73,1,12,DUM165609,,MaintMarginReq,7248.18,USD
[2026-04-09 15:20:37] DEBUG    | ib_insync.client       | <<< 73,1,12,DUM165609,,MaintMarginReq-P,0.00,USD
[2026-04-09 15:20:37] DEBUG    | ib_insync.client       | <<< 73,1,12,DUM165609,,MaintMarginReq-S,7248.18,USD
[2026-04-09 15:20:37] DEBUG    | ib_insync.client       | <<< 73,1,12,DUM165609,,NLVAndMarginInReview,false,
[2026-04-09 15:20:37] DEBUG    | ib_insync.client       | <<< 73,1,12,DUM165609,,NetLiquidation,245002.75,USD
[2026-04-09 15:20:37] DEBUG    | ib_insync.client       | <<< 73,1,12,DUM165609,,NetLiquidation-P,0.00,USD
[2026-04-09 15:20:37] DEBUG    | ib_insync.client       | <<< 73,1,12,DUM165609,,NetLiquidation-S,245002.75,USD
[2026-04-09 15:20:37] DEBUG    | ib_insync.client       | <<< 73,1,12,DUM165609,,NetLiquidationUncertainty,0.00,USD
[2026-04-09 15:20:37] DEBUG    | ib_insync.client       | <<< 73,1,12,DUM165609,,PASharesValue,0.00,USD
[2026-04-09 15:20:37] DEBUG    | ib_insync.client       | <<< 73,1,12,DUM165609,,PASharesValue-P,0.00,USD
[2026-04-09 15:20:37] DEBUG    | ib_insync.client       | <<< 73,1,12,DUM165609,,PASharesValue-S,0.00,USD
[2026-04-09 15:20:37] DEBUG    | ib_insync.client       | <<< 73,1,12,DUM165609,,PhysicalCertificateValue,0.00,USD
[2026-04-09 15:20:37] DEBUG    | ib_insync.client       | <<< 73,1,12,DUM165609,,PhysicalCertificateValue-P,0.00,USD
[2026-04-09 15:20:37] DEBUG    | ib_insync.client       | <<< 73,1,12,DUM165609,,PhysicalCertificateValue-S,0.00,USD
[2026-04-09 15:20:37] DEBUG    | ib_insync.client       | <<< 73,1,12,DUM165609,,PostExpirationExcess,0.00,USD
[2026-04-09 15:20:37] DEBUG    | ib_insync.client       | <<< 73,1,12,DUM165609,,PostExpirationExcess-P,0.00,USD
[2026-04-09 15:20:37] DEBUG    | ib_insync.client       | <<< 73,1,12,DUM165609,,PostExpirationExcess-S,0.00,USD
[2026-04-09 15:20:37] DEBUG    | ib_insync.client       | <<< 73,1,12,DUM165609,,PostExpirationMargin,0.00,USD
[2026-04-09 15:20:37] DEBUG    | ib_insync.client       | <<< 73,1,12,DUM165609,,PostExpirationMargin-P,0.00,USD
[2026-04-09 15:20:37] DEBUG    | ib_insync.client       | <<< 73,1,12,DUM165609,,PostExpirationMargin-S,0.00,USD
[2026-04-09 15:20:37] DEBUG    | ib_insync.client       | <<< 73,1,12,DUM165609,,SegmentTitle-P,Crypto at Paxos,
[2026-04-09 15:20:37] DEBUG    | ib_insync.client       | <<< 73,1,12,DUM165609,,SegmentTitle-S,Securities,
[2026-04-09 15:20:37] DEBUG    | ib_insync.client       | <<< 73,1,12,DUM165609,,SettledCashByDate,20260409:245213.54;20260410:244861.03999999,
[2026-04-09 15:20:37] DEBUG    | ib_insync.client       | <<< 73,1,12,DUM165609,,SettledCashByDate-P,20260409:0,
[2026-04-09 15:20:37] DEBUG    | ib_insync.client       | <<< 73,1,12,DUM165609,,SettledCashByDate-S,20260409:245213.54;20260410:244861.03999999,
[2026-04-09 15:20:37] DEBUG    | ib_insync.client       | <<< 73,1,12,DUM165609,,TotalCashValue,244861.04,USD
[2026-04-09 15:20:37] DEBUG    | ib_insync.client       | <<< 73,1,12,DUM165609,,TotalCashValue-P,0.00,USD
[2026-04-09 15:20:37] DEBUG    | ib_insync.client       | <<< 73,1,12,DUM165609,,TotalCashValue-S,244861.04,USD
[2026-04-09 15:20:37] DEBUG    | ib_insync.client       | <<< 73,1,12,DUM165609,,TotalDebitCardPendingCharges,0.00,USD
[2026-04-09 15:20:37] DEBUG    | ib_insync.client       | <<< 73,1,12,DUM165609,,TotalDebitCardPendingCharges-P,0.00,USD
[2026-04-09 15:20:37] DEBUG    | ib_insync.client       | <<< 73,1,12,DUM165609,,TotalDebitCardPendingCharges-S,0.00,USD
[2026-04-09 15:20:37] DEBUG    | ib_insync.client       | <<< 73,1,12,DUM165609,,TradingType-S,STKNOPT,
[2026-04-09 15:20:37] DEBUG    | ib_insync.client       | <<< 73,1,12,DUM165609,,Currency,USD,USD
[2026-04-09 15:20:37] DEBUG    | ib_insync.client       | <<< 73,1,12,DUM165609,,CashBalance,244861.04,USD
[2026-04-09 15:20:37] DEBUG    | ib_insync.client       | <<< 73,1,12,DUM165609,,TotalCashBalance,244861.04,USD
[2026-04-09 15:20:37] DEBUG    | ib_insync.client       | <<< 73,1,12,DUM165609,,AccruedCash,141.71,USD
[2026-04-09 15:20:37] DEBUG    | ib_insync.client       | <<< 73,1,12,DUM165609,,StockMarketValue,0.00,USD
[2026-04-09 15:20:37] DEBUG    | ib_insync.client       | <<< 73,1,12,DUM165609,,OptionMarketValue,0.00,USD
[2026-04-09 15:20:37] DEBUG    | ib_insync.client       | <<< 73,1,12,DUM165609,,FutureOptionValue,0.00,USD
[2026-04-09 15:20:37] DEBUG    | ib_insync.client       | <<< 73,1,12,DUM165609,,FuturesPNL,-352.50,USD
[2026-04-09 15:20:37] DEBUG    | ib_insync.client       | <<< 73,1,12,DUM165609,,NetLiquidationByCurrency,245002.75,USD
[2026-04-09 15:20:37] DEBUG    | ib_insync.client       | <<< 73,1,12,DUM165609,,UnrealizedPnL,2319.39,USD
[2026-04-09 15:20:37] DEBUG    | ib_insync.client       | <<< 73,1,12,DUM165609,,RealizedPnL,0.00,USD
[2026-04-09 15:20:37] DEBUG    | ib_insync.client       | <<< 73,1,12,DUM165609,,ExchangeRate,1.00,USD
[2026-04-09 15:20:37] DEBUG    | ib_insync.client       | <<< 73,1,12,DUM165609,,FundValue,0.00,USD
[2026-04-09 15:20:37] DEBUG    | ib_insync.client       | <<< 73,1,12,DUM165609,,NetDividend,0.00,USD
[2026-04-09 15:20:37] DEBUG    | ib_insync.client       | <<< 73,1,12,DUM165609,,MutualFundValue,0.00,USD
[2026-04-09 15:20:37] DEBUG    | ib_insync.client       | <<< 73,1,12,DUM165609,,MoneyMarketFundValue,0.00,USD
[2026-04-09 15:20:37] DEBUG    | ib_insync.client       | <<< 73,1,12,DUM165609,,CorporateBondValue,0.00,USD
[2026-04-09 15:20:37] DEBUG    | ib_insync.client       | <<< 73,1,12,DUM165609,,TBondValue,0.00,USD
[2026-04-09 15:20:37] DEBUG    | ib_insync.client       | <<< 73,1,12,DUM165609,,TBillValue,0.00,USD
[2026-04-09 15:20:37] DEBUG    | ib_insync.client       | <<< 73,1,12,DUM165609,,WarrantValue,0.00,USD
[2026-04-09 15:20:37] DEBUG    | ib_insync.client       | <<< 73,1,12,DUM165609,,FxCashBalance,0.00,USD
[2026-04-09 15:20:37] DEBUG    | ib_insync.client       | <<< 73,1,12,DUM165609,,AccountOrGroup,DUM165609,USD
[2026-04-09 15:20:37] DEBUG    | ib_insync.client       | <<< 73,1,12,DUM165609,,RealCurrency,USD,USD
[2026-04-09 15:20:37] DEBUG    | ib_insync.client       | <<< 73,1,12,DUM165609,,IssuerOptionValue,0.00,USD
[2026-04-09 15:20:37] DEBUG    | ib_insync.client       | <<< 73,1,12,DUM165609,,Cryptocurrency,0.00,USD
[2026-04-09 15:20:37] DEBUG    | ib_insync.client       | <<< 73,1,12,DUM165609,,Currency,BASE,BASE
[2026-04-09 15:20:37] DEBUG    | ib_insync.client       | <<< 73,1,12,DUM165609,,CashBalance,244861.04,BASE
[2026-04-09 15:20:37] DEBUG    | ib_insync.client       | <<< 73,1,12,DUM165609,,TotalCashBalance,244861.04,BASE
[2026-04-09 15:20:37] DEBUG    | ib_insync.client       | <<< 73,1,12,DUM165609,,AccruedCash,141.71,BASE
[2026-04-09 15:20:37] DEBUG    | ib_insync.client       | <<< 73,1,12,DUM165609,,StockMarketValue,0.00,BASE
[2026-04-09 15:20:37] DEBUG    | ib_insync.client       | <<< 73,1,12,DUM165609,,OptionMarketValue,0.00,BASE
[2026-04-09 15:20:37] DEBUG    | ib_insync.client       | <<< 73,1,12,DUM165609,,FutureOptionValue,0.00,BASE
[2026-04-09 15:20:37] DEBUG    | ib_insync.client       | <<< 73,1,12,DUM165609,,FuturesPNL,-352.50,BASE
[2026-04-09 15:20:37] DEBUG    | ib_insync.client       | <<< 73,1,12,DUM165609,,NetLiquidationByCurrency,245002.75,BASE
[2026-04-09 15:20:37] DEBUG    | ib_insync.client       | <<< 73,1,12,DUM165609,,UnrealizedPnL,2319.39,BASE
[2026-04-09 15:20:37] DEBUG    | ib_insync.client       | <<< 73,1,12,DUM165609,,RealizedPnL,0.00,BASE
[2026-04-09 15:20:37] DEBUG    | ib_insync.client       | <<< 73,1,12,DUM165609,,ExchangeRate,1.00,BASE
[2026-04-09 15:20:37] DEBUG    | ib_insync.client       | <<< 73,1,12,DUM165609,,FundValue,0.00,BASE
[2026-04-09 15:20:37] DEBUG    | ib_insync.client       | <<< 73,1,12,DUM165609,,NetDividend,0.00,BASE
[2026-04-09 15:20:37] DEBUG    | ib_insync.client       | <<< 73,1,12,DUM165609,,MutualFundValue,0.00,BASE
[2026-04-09 15:20:37] DEBUG    | ib_insync.client       | <<< 73,1,12,DUM165609,,MoneyMarketFundValue,0.00,BASE
[2026-04-09 15:20:37] DEBUG    | ib_insync.client       | <<< 73,1,12,DUM165609,,CorporateBondValue,0.00,BASE
[2026-04-09 15:20:37] DEBUG    | ib_insync.client       | <<< 73,1,12,DUM165609,,TBondValue,0.00,BASE
[2026-04-09 15:20:37] DEBUG    | ib_insync.client       | <<< 73,1,12,DUM165609,,TBillValue,0.00,BASE
[2026-04-09 15:20:37] DEBUG    | ib_insync.client       | <<< 73,1,12,DUM165609,,WarrantValue,0.00,BASE
[2026-04-09 15:20:37] DEBUG    | ib_insync.client       | <<< 73,1,12,DUM165609,,FxCashBalance,0.00,BASE
[2026-04-09 15:20:37] DEBUG    | ib_insync.client       | <<< 73,1,12,DUM165609,,AccountOrGroup,DUM165609,BASE
[2026-04-09 15:20:37] DEBUG    | ib_insync.client       | <<< 73,1,12,DUM165609,,RealCurrency,USD,BASE
[2026-04-09 15:20:37] DEBUG    | ib_insync.client       | <<< 73,1,12,DUM165609,,IssuerOptionValue,0.00,BASE
[2026-04-09 15:20:37] DEBUG    | ib_insync.client       | <<< 73,1,12,DUM165609,,Cryptocurrency,0.00,BASE
[2026-04-09 15:20:37] DEBUG    | ib_insync.client       | <<< 74,1,12
[2026-04-09 15:20:37] DEBUG    | ib_insync.client       | >>> 7,3,13,0,,,,,,
[2026-04-09 15:20:37] DEBUG    | ib_insync.client       | <<< 55,1,13
[2026-04-09 15:20:37] INFO     | ib_insync.ib           | Synchronization complete
[2026-04-09 15:20:37] INFO     | trading.broker         | Connected to IBKR
[2026-04-09 15:20:37] INFO     | trading.strategy.mgc_pullback | ==================================================
[2026-04-09 15:20:37] INFO     | trading.strategy.mgc_pullback | EXECUTING STRATEGY: mgc_pullback
[2026-04-09 15:20:37] INFO     | trading.strategy.mgc_pullback | ==================================================
[2026-04-09 15:20:37] INFO     | trading.strategy.mgc_pullback | [1] Qualifying contracts...
[2026-04-09 15:20:37] DEBUG    | ib_insync.client       | >>> 9,8,14,0,MGC,FUT,202604,0.0,,,COMEX,,USD,,,0,,,
[2026-04-09 15:20:37] DEBUG    | ib_insync.client       | <<< 10,14,MGC,FUT,20260428 13:30:00 US/Eastern,0,,COMEX,USD,MGCJ6,MGC,MGC,706903676,0.1,10,ACTIVETIM,AD,ADJUST,ALERT,ALGO,ALLOC,AVGCOST,BASKET,BENCHPX,COND,CONDORDER,DAY,DEACT,DEACTDIS,DEACTEOD,GAT,GTC,GTD,GTT,HID,ICE,IOC,LIT,LMT,LTH,MIT,MKT,MTL,NGCOMB,NONALGO,OCA,PEGBENCH,SCALE,SCALERST,SIZECHK,SNAPMID,SNAPMKT,SNAPREL,STP,STPLMT,TRAIL,TRAILLIT,TRAILLMT,TRAILMIT,WHATIF,COMEX,1,79702479,E-Micro Gold ,,202604,,,,US/Eastern,20260408:1800-20260409:1700;20260409:1800-20260410:1700;20260411:CLOSED;20260412:1800-20260413:1700;20260413:1800-20260414:1700;20260414:1800-20260415:1700,20260409:0930-20260409:1700;20260410:0930-20260410:1700;20260411:CLOSED;20260412:CLOSED;20260413:0930-20260413:1700;20260414:0930-20260414:1700;20260414:1800-20260415:1700,,,0,2147483647,MGC,IND,65,20260428,,1,1,1
[2026-04-09 15:20:37] DEBUG    | ib_insync.client       | <<< 52,1,14
[2026-04-09 15:20:37] INFO     | trading.broker         | Qualified contract: MGCJ6  conId=706903676
[2026-04-09 15:20:37] DEBUG    | ib_insync.client       | >>> 9,8,15,0,GC,FUT,202604,0.0,,,COMEX,,USD,,,0,,,
[2026-04-09 15:20:37] DEBUG    | ib_insync.client       | <<< 10,15,GC,FUT,20260428 13:30:00 US/Eastern,0,,COMEX,USD,GCJ6,GC,GC,706903673,0.1,100,ACTIVETIM,AD,ADJUST,ALERT,ALGO,ALLOC,AVGCOST,BASKET,BENCHPX,COND,CONDORDER,DAY,DEACT,DEACTDIS,DEACTEOD,GAT,GTC,GTD,GTT,HID,ICE,IOC,LIT,LMT,LTH,MIT,MKT,MTL,NGCOMB,NONALGO,OCA,PEGBENCH,SCALE,SCALERST,SIZECHK,SNAPMID,SNAPMKT,SNAPREL,STP,STPLMT,TRAIL,TRAILLIT,TRAILLMT,TRAILMIT,WHATIF,COMEX,QBALGO,1,17340718,Gold,,202604,,,,US/Eastern,20260408:1800-20260409:1700;20260409:1800-20260410:1700;20260411:CLOSED;20260412:1800-20260413:1700;20260413:1800-20260414:1700;20260414:1800-20260415:1700,20260409:0930-20260409:1700;20260410:0930-20260410:1700;20260411:CLOSED;20260412:CLOSED;20260413:0930-20260413:1700;20260414:0930-20260414:1700;20260414:1800-20260415:1700,,,0,2147483647,GC,IND,65,65,20260428,,1,1,1
[2026-04-09 15:20:37] DEBUG    | ib_insync.client       | <<< 52,1,15
[2026-04-09 15:20:37] INFO     | trading.broker         | Qualified contract: GCJ6  conId=706903673
[2026-04-09 15:20:37] INFO     | trading.strategy.mgc_pullback | [2] Fetching historical data...
[2026-04-09 15:20:37] DEBUG    | ib_insync.client       | >>> 9,8,16,0,GC,FUT,202604,0.0,,,COMEX,,USD,,,0,,,
[2026-04-09 15:20:38] DEBUG    | ib_insync.client       | <<< 10,16,GC,FUT,20260428 13:30:00 US/Eastern,0,,COMEX,USD,GCJ6,GC,GC,706903673,0.1,100,ACTIVETIM,AD,ADJUST,ALERT,ALGO,ALLOC,AVGCOST,BASKET,BENCHPX,COND,CONDORDER,DAY,DEACT,DEACTDIS,DEACTEOD,GAT,GTC,GTD,GTT,HID,ICE,IOC,LIT,LMT,LTH,MIT,MKT,MTL,NGCOMB,NONALGO,OCA,PEGBENCH,SCALE,SCALERST,SIZECHK,SNAPMID,SNAPMKT,SNAPREL,STP,STPLMT,TRAIL,TRAILLIT,TRAILLMT,TRAILMIT,WHATIF,COMEX,QBALGO,1,17340718,Gold,,202604,,,,US/Eastern,20260408:1800-20260409:1700;20260409:1800-20260410:1700;20260411:CLOSED;20260412:1800-20260413:1700;20260413:1800-20260414:1700;20260414:1800-20260415:1700,20260409:0930-20260409:1700;20260410:0930-20260410:1700;20260411:CLOSED;20260412:CLOSED;20260413:0930-20260413:1700;20260414:0930-20260414:1700;20260414:1800-20260415:1700,,,0,2147483647,GC,IND,65,65,20260428,,1,1,1
[2026-04-09 15:20:38] DEBUG    | ib_insync.client       | <<< 52,1,16
[2026-04-09 15:20:38] INFO     | trading.broker         | Qualified contract: GCJ6  conId=706903673
[2026-04-09 15:20:38] DEBUG    | ib_insync.client       | >>> 20,17,706903673,GC,FUT,20260428,0.0,,100,COMEX,,USD,GCJ6,GC,0,,1 day,20 Y,0,TRADES,2,0,
[2026-04-09 15:20:39] DEBUG    | ib_insync.client       | <<< 17,17,20060409 05:50:38 US/Eastern,20260409 05:50:38 US/Eastern,472,20240531,2553.00,2553.00,2553.00,2553.00,0,2553,0,20240603,2575.70,2575.70,2575.70,2575.70,0,2575.7,0,20240604,2552.80,2552.80,2552.80,2552.80,0,2552.8,0,20240605,2581.00,2581.00,2581.00,2581.00,0,2581,0,20240606,2597.10,2597.10,2597.10,2597.10,0,2597.1,0,20240607,2530.40,2530.40,2530.40,2530.40,0,2530.4,0,20240610,2531.80,2531.80,2531.80,2531.80,0,2531.8,0,20240611,2531.40,2531.40,2531.40,2531.40,0,2531.4,0,20240612,2557.40,2557.40,2557.40,2557.40,0,2557.4,0,20240613,2518.00,2518.00,2518.00,2518.00,0,2518,0,20240614,2549.10,2549.10,2549.10,2549.10,0,2549.1,0,20240617,2530.40,2530.40,2530.40,2530.40,0,2530.4,0,20240618,2548.20,2548.20,2548.20,2548.20,0,2548.2,0,20240619,2548.20,2548.20,2548.20,2548.20,0,2548.2,0,20240620,2571.00,2571.00,2571.00,2571.00,0,2571,0,20240621,2532.10,2532.10,2532.10,2532.10,0,2532.1,0,20240624,2546.30,2546.30,2546.30,2546.30,0,2546.3,0,20240625,2532.80,2532.80,2532.80,2532.80,0,2532.8,0,20240626,2514.90,2514.90,2514.90,2514.90,0,2514.9,0,20240627,2536.90,2536.90,2536.90,2536.90,0,2536.9,0,20240628,2540.30,2540.30,2540.30,2540.30,0,2540.3,0,20240701,2540.20,2540.20,2540.20,2540.20,0,2540.2,0,20240702,2534.50,2534.50,2534.50,2534.50,0,2534.5,0,20240703,2571.80,2571.80,2571.80,2571.80,0,2571.8,0,20240704,2571.80,2571.80,2571.80,2571.80,0,2571.8,0,20240705,2600.40,2600.40,2600.40,2600.40,0,2600.4,0,20240708,2566.60,2566.60,2566.60,2566.60,0,2566.6,0,20240709,2570.90,2570.90,2570.90,2570.90,0,2570.9,0,20240710,2582.20,2582.20,2582.20,2582.20,0,2582.2,0,20240711,2623.40,2623.40,2623.40,2623.40,0,2623.4,0,20240712,2621.00,2621.00,2621.00,2621.00,0,2621,0,20240715,2629.10,2629.10,2629.10,2629.10,0,2629.1,0,20240716,2669.20,2669.20,2669.20,2669.20,0,2669.2,0,20240717,2662.60,2662.60,2662.60,2662.60,0,2662.6,0,20240718,2659.30,2659.30,2659.30,2659.30,0,2659.3,0,20240719,2600.30,2600.30,2600.30,2600.30,0,2600.3,0,20240722,2593.70,2593.70,2593.70,2593.70,0,2593.7,0,20240723,2606.80,2606.80,2606.80,2606.80,0,2606.8,0,20240724,2615.00,2615.00,2615.00,2615.00,0,2615,0,20240725,2548.80,2548.80,2548.80,2548.80,0,2548.8,0,20240726,2577.20,2577.20,2577.20,2577.20,0,2577.2,0,20240729,2575.00,2575.00,2575.00,2575.00,0,2575,0,20240730,2602.20,2602.20,2602.20,2602.20,0,2602.2,0,20240731,2624.70,2624.70,2624.70,2624.70,0,2624.7,0,20240801,2628.60,2628.60,2628.60,2628.60,0,2628.6,0,20240802,2608.20,2608.20,2608.20,2608.20,0,2608.2,0,20240805,2575.10,2575.10,2575.10,2575.10,0,2575.1,0,20240806,2563.90,2563.90,2563.90,2563.90,0,2563.9,0,20240807,2565.30,2565.30,2565.30,2565.30,0,2565.3,0,20240808,2597.40,2597.40,2597.40,2597.40,0,2597.4,0,20240809,2608.40,2608.40,2608.40,2608.40,0,2608.4,0,20240812,2641.90,2641.90,2641.90,2641.90,0,2641.9,0,20240813,2644.40,2644.40,2644.40,2644.40,0,2644.4,0,20240814,2615.50,2615.50,2615.50,2615.50,0,2615.5,0,20240815,2630.60,2630.60,2630.60,2630.60,0,2630.6,0,20240816,2678.20,2678.20,2678.20,2678.20,0,2678.2,0,20240819,2682.10,2682.10,2682.10,2682.10,0,2682.1,0,20240820,2692.30,2692.30,2692.30,2692.30,0,2692.3,0,20240821,2688.20,2688.20,2688.20,2688.20,0,2688.2,0,20240822,2657.20,2657.20,2657.20,2657.20,0,2657.2,0,20240823,2686.50,2686.50,2686.50,2686.50,0,2686.5,0,20240826,2695.40,2695.40,2695.40,2695.40,0,2695.4,0,20240827,2692.80,2692.80,2692.80,2692.80,0,2692.8,0,20240828,2677.80,2677.80,2677.80,2677.80,0,2677.8,0,20240829,2699.60,2699.60,2699.60,2699.60,0,2699.6,0,20240830,2666.60,2666.60,2666.60,2666.60,0,2666.6,0,20240902,2666.60,2666.60,2666.60,2666.60,0,2666.6,0,20240903,2661.50,2661.50,2661.50,2661.50,0,2661.5,0,20240904,2662.10,2662.10,2662.10,2662.10,0,2662.1,0,20240905,2678.20,2678.20,2678.20,2678.20,0,2678.2,0,20240906,2656.00,2656.00,2656.00,2656.00,0,2656,0,20240909,2662.70,2662.70,2662.70,2662.70,0,2662.7,0,20240910,2672.40,2672.40,2672.40,2672.40,0,2672.4,0,20240911,2672.10,2672.10,2672.10,2672.10,0,2672.1,0,20240912,2711.80,2711.80,2711.80,2711.80,0,2711.8,0,20240913,2740.90,2740.90,2740.90,2740.90,0,2740.9,0,20240916,2737.30,2737.30,2737.30,2737.30,0,2737.3,0,20240917,2721.50,2721.50,2721.50,2721.50,0,2721.5,0,20240918,2728.50,2728.50,2728.50,2728.50,0,2728.5,0,20240919,2744.20,2744.20,2744.20,2744.20,0,2744.2,0,20240920,2777.40,2777.40,2777.40,2777.40,0,2777.4,0,20240923,2783.70,2783.70,2783.70,2783.70,0,2783.7,0,20240924,2805.00,2810.10,2805.00,2810.10,1,2805,1,20240925,2818.00,2818.00,2818.00,2818.00,0,2818,0,20240926,2829.90,2829.90,2829.90,2829.90,0,2829.9,0,20240927,2801.60,2801.60,2801.60,2801.60,0,2801.6,0,20240930,2784.90,2794.70,2784.90,2794.70,1,2784.9,1,20241001,2822.00,2827.00,2822.00,2827.00,1,2822,1,20241002,2807.90,2807.90,2807.90,2807.90,0,2807.9,0,20241003,2817.70,2817.70,2817.70,2817.70,0,2817.7,0,20241004,2799.90,2813.70,2799.90,2813.70,1,2799.9,1,20241007,2814.80,2814.80,2814.80,2814.80,0,2814.8,0,20241008,2780.00,2782.60,2780.00,2782.60,1,2780,1,20241009,2774.20,2774.20,2774.20,2774.20,0,2774.2,0,20241010,2792.10,2792.10,2789.20,2789.20,2,2792,2,20241011,2825.80,2825.80,2825.80,2825.80,0,2825.8,0,20241014,2816.20,2816.20,2816.20,2816.20,0,2816.2,0,20241015,2825.00,2829.00,2825.00,2829.00,1,2825,1,20241016,2842.20,2842.20,2842.20,2842.20,0,2842.2,0,20241017,2846.40,2858.70,2845.70,2858.70,3,2846.37,3,20241018,2885.60,2885.60,2882.90,2882.90,1,2885.6,1,20241021,2893.70,2893.70,2893.70,2893.70,0,2893.7,0,20241022,2915.80,2915.80,2915.80,2915.80,0,2915.8,0,20241023,2886.40,2886.40,2886.40,2886.40,0,2886.4,0,20241024,2905.70,2905.70,2905.70,2905.70,0,2905.7,0,20241025,2911.30,2911.30,2911.30,2911.30,0,2911.3,0,20241028,2914.90,2914.90,2914.90,2914.90,0,2914.9,0,20241029,2939.80,2939.80,2939.80,2939.80,0,2939.8,0,20241030,2963.00,2963.00,2963.00,2963.00,0,2963,0,20241031,2911.70,2911.70,2911.70,2911.70,0,2911.7,0,20241101,2910.60,2910.60,2910.60,2910.60,0,2910.6,0,20241104,2908.50,2908.50,2908.50,2908.50,0,2908.5,0,20241105,2915.00,2915.00,2915.00,2915.00,0,2915,0,20241106,2880.00,2880.00,2840.30,2840.30,2,2866.9,2,20241107,2820.90,2870.20,2820.90,2870.20,2,2844.45,2,20241108,2858.70,2859.00,2858.70,2859.00,1,2858.7,1,20241111,2791.80,2791.80,2779.90,2779.90,1,2791.8,1,20241112,2768.30,2768.30,2768.30,2768.30,0,2768.3,0,20241113,2745.90,2745.90,2745.90,2745.90,0,2745.9,0,20241114,2705.60,2731.50,2705.60,2731.50,10,2705.6,8,20241115,2728.70,2728.70,2728.70,2728.70,0,2728.7,0,20241118,2775.50,2775.50,2775.50,2775.50,0,2775.5,0,20241119,2791.70,2791.70,2791.70,2791.70,0,2791.7,0,20241120,2800.00,2814.50,2800.00,2814.50,1,2800,1,20241121,2825.10,2839.10,2825.10,2839.10,1,2825.1,1,20241122,2880.20,2880.20,2880.20,2880.20,0,2880.2,0,20241125,2782.30,2782.30,2782.30,2782.30,0,2782.3,0,20241126,2786.00,2786.00,2786.00,2786.00,0,2786,0,20241127,2802.70,2802.70,2802.70,2802.70,0,2802.7,0,20241128,2802.70,2802.70,2802.70,2802.70,0,2802.7,0,20241129,2819.30,2819.30,2819.30,2819.30,0,2819.3,0,20241202,2797.20,2797.20,2797.20,2797.20,0,2797.2,0,20241203,2805.70,2805.70,2805.70,2805.70,0,2805.7,0,20241204,2812.80,2812.80,2812.80,2812.80,0,2812.8,0,20241205,2783.90,2783.90,2783.90,2783.90,0,2783.9,0,20241206,2794.90,2794.90,2794.90,2794.90,0,2794.9,0,20241209,2825.50,2825.50,2825.50,2825.50,0,2825.5,0,20241210,2858.00,2858.00,2858.00,2858.00,0,2858,0,20241211,2893.60,2893.60,2893.60,2893.60,0,2893.6,0,20241212,2850.20,2850.20,2850.20,2850.20,0,2850.2,0,20241213,2817.70,2817.70,2817.70,2817.70,0,2817.7,0,20241216,2812.30,2812.30,2812.30,2812.30,0,2812.3,0,20241217,2805.30,2805.30,2805.30,2805.30,0,2805.3,0,20241218,2805.00,2805.00,2799.30,2799.30,1,2805,1,20241219,2757.60,2757.60,2757.60,2757.60,0,2757.6,0,20241220,2793.60,2793.60,2793.60,2793.60,0,2793.6,0,20241223,2778.20,2778.20,2778.20,2778.20,0,2778.2,0,20241224,2788.10,2788.10,2788.10,2788.10,0,2788.1,0,20241226,2809.10,2809.10,2809.10,2809.10,0,2809.1,0,20241227,2789.60,2789.60,2789.60,2789.60,0,2789.6,0,20241230,2780.40,2780.40,2780.40,2780.40,0,2780.4,0,20241231,2809.70,2809.70,2809.70,2809.70,0,2809.7,0,20250102,2824.30,2832.50,2824.30,2832.50,1,2824.3,1,20250103,2835.10,2835.10,2813.60,2813.60,1,2835.1,1,20250106,2795.00,2804.90,2795.00,2804.90,1,2795,1,20250107,2824.10,2824.10,2824.10,2824.10,0,2824.1,0,20250108,2833.30,2833.30,2833.30,2833.30,0,2833.3,0,20250109,2840.10,2851.70,2840.10,2851.70,2,2840.1,2,20250110,2876.70,2876.70,2876.70,2876.70,0,2876.7,0,20250113,2837.10,2837.10,2837.10,2837.10,0,2837.1,0,20250114,2843.80,2843.80,2843.80,2843.80,0,2843.8,0,20250115,2879.60,2879.60,2879.60,2879.60,0,2879.6,0,20250116,2914.80,2914.80,2914.80,2914.80,0,2914.8,0,20250117,2913.20,2913.20,2913.20,2913.20,0,2913.2,0,20250120,2913.20,2913.20,2913.20,2913.20,0,2913.2,0,20250121,2925.20,2925.20,2925.20,2925.20,0,2925.2,0,20250122,2937.70,2937.70,2937.70,2937.70,0,2937.7,0,20250123,2932.20,2932.20,2932.20,2932.20,0,2932.2,0,20250124,2948.00,2948.00,2948.00,2948.00,0,2948,0,20250127,2908.50,2908.50,2908.50,2908.50,0,2908.5,0,20250128,2942.40,2942.40,2942.40,2942.40,0,2942.4,0,20250129,2936.10,2936.10,2936.10,2936.10,0,2936.1,0,20250130,2987.50,2987.50,2987.50,2987.50,0,2987.5,0,20250131,2991.00,2996.00,2975.60,2975.60,2,2993.5,2,20250203,2961.00,2995.00,2958.90,2995.00,3,2964.93,3,20250204,3015.70,3015.70,3015.70,3015.70,0,3015.7,0,20250205,3034.10,3034.10,3034.10,3034.10,0,3034.1,0,20250206,3024.00,3024.00,3000.00,3021.40,3,3016,3,20250207,3029.80,3045.10,3026.70,3036.90,14,3031.7,14,20250210,3086.30,3086.30,3086.30,3086.30,0,3086.3,0,20250211,3082.40,3087.90,3082.40,3087.90,1,3082.4,1,20250212,3084.50,3084.50,3084.50,3084.50,0,3084.5,0,20250213,3099.20,3099.20,3099.20,3099.20,0,3099.2,0,20250214,3051.40,3051.40,3051.40,3051.40,0,3051.4,0,20250217,3045.30,3051.40,3045.30,3051.40,1,3045.3,1,20250218,3094.20,3099.80,3094.00,3099.80,2,3094.1,2,20250219,3082.80,3082.80,3082.80,3082.80,0,3082.8,0,20250220,3118.10,3118.10,3103.30,3103.30,1,3118.1,1,20250221,3099.60,3099.60,3099.60,3099.60,0,3099.6,0,20250224,3111.50,3111.50,3111.50,3111.50,0,3111.5,0,20250225,3068.00,3068.00,3066.50,3066.50,1,3068,1,20250226,3077.40,3078.90,3077.40,3078.90,4,3077.4,3,20250227,3043.90,3043.90,3043.90,3043.90,0,3043.9,0,20250228,3013.40,3013.40,2995.00,2995.00,3,3011.33,3,20250303,3030.00,3049.20,3030.00,3049.20,12,3038.2,9,20250304,3085.40,3085.40,3068.30,3068.30,1,3085.4,1,20250305,3072.90,3074.70,3072.20,3073.20,16,3073.11,15,20250306,3074.00,3074.00,3074.00,3074.00,0,3074,0,20250307,3060.20,3060.20,3060.20,3060.20,0,3060.2,0,20250310,3043.50,3043.50,3043.50,3043.50,0,3043.5,0,20250311,3066.00,3066.00,3066.00,3066.00,0,3066,0,20250312,3090.90,3090.90,3090.90,3090.90,0,3090.9,0,20250313,3103.50,3136.40,3103.50,3136.40,1,3103.5,1,20250314,3140.90,3145.60,3140.90,3145.60,2,3140.95,2,20250317,3141.00,3152.10,3141.00,3150.70,7,3149.57,7,20250318,3187.40,3188.70,3178.20,3188.70,6,3184.6,5,20250319,3189.60,3189.60,3189.60,3189.60,0,3189.6,0,20250320,3191.00,3191.00,3191.00,3191.00,0,3191,0,20250321,3150.00,3164.50,3150.00,3164.30,4,3160.88,2,20250324,3159.00,3159.00,3159.00,3159.00,0,3159,0,20250325,3166.50,3170.40,3166.50,3170.40,9,3167.28,6,20250326,3167.00,3167.00,3167.00,3167.00,0,3167,0,20250327,3204.60,3206.20,3204.60,3206.20,1,3204.6,1,20250328,3229.00,3230.40,3229.00,3230.40,1,3229,1,20250331,3238.80,3267.50,3238.80,3267.50,4,3248.05,4,20250401,3262.70,3263.00,3262.20,3263.00,3,3262.53,3,20250402,3300.30,3300.30,3285.00,3285.00,1,3300.3,1,20250403,3304.10,3304.10,3231.70,3239.00,12,3256.88,10,20250404,3174.70,3174.70,3148.00,3148.00,6,3159.05,5,20250407,3150.60,3156.80,3085.90,3085.90,3,3146.93,3,20250408,3144.20,3144.60,3105.20,3105.20,7,3129.8,5,20250409,3194.20,3207.90,3194.20,3200.40,6,3199.48,4,20250410,3300.90,3300.90,3300.90,3300.90,0,3300.9,0,20250411,3356.00,3373.90,3339.70,3373.90,3,3352.8,3,20250414,3364.40,3364.40,3340.00,3352.80,3,3351.2,3,20250415,3367.60,3367.60,3367.60,3367.60,0,3367.6,0,20250416,3416.20,3478.00,3416.20,3478.00,3,3432.33,3,20250417,3468.00,3470.10,3436.50,3459.40,11,3465.32,11,20250421,3518.80,3567.30,3518.70,3558.20,45,3554.13,39,20250422,3575.30,3626.90,3519.20,3553.30,41,3579.2,37,20250423,3485.30,3485.30,3405.00,3425.90,31,3418.45,31,20250424,3495.10,3495.80,3471.50,3482.50,5,3485.82,4,20250425,3435.60,3435.60,3417.70,3430.60,19,3429.81,15,20250428,3424.20,3485.80,3424.20,3480.70,5,3469.66,5,20250429,3466.00,3466.00,3466.00,3466.00,0,3466,0,20250430,3449.30,3449.30,3449.20,3449.20,4,3449.25,2,20250501,3376.30,3378.10,3347.00,3350.40,37,3367.38,35,20250502,3367.50,3398.00,3367.40,3372.50,19,3384.12,19,20250505,3408.30,3458.80,3392.40,3454.60,17,3435.08,16,20250506,3464.40,3557.60,3464.40,3557.60,6,3482.58,5,20250507,3525.20,3534.40,3501.10,3527.60,18,3525.23,14,20250508,3545.10,3551.70,3439.60,3439.60,31,3504.11,28,20250509,3447.40,3481.30,3447.40,3477.80,13,3476.76,10,20250512,3372.00,3375.90,3345.00,3360.60,26,3363.04,19,20250513,3388.80,3394.10,3382.00,3382.00,7,3388.03,7,20250514,3321.20,3321.80,3310.00,3320.20,11,3318.47,10,20250515,3300.00,3373.30,3300.00,3357.30,14,3347.66,13,20250516,3343.90,3343.90,3300.00,3316.80,25,3322.58,19,20250519,3343.00,3381.00,3343.00,3365.60,10,3363.46,10,20250520,3355.00,3418.70,3348.00,3415.70,17,3389.35,15,20250521,3449.00,3453.50,3445.70,3447.40,8,3448.88,8,20250522,3454.90,3475.70,3425.00,3428.90,65,3432.89,43,20250523,3429.10,3502.20,3429.10,3501.50,16,3466.77,16,20250527,3471.00,3484.90,3427.50,3436.80,61,3464.7,56,20250528,3439.00,3452.60,3428.60,3429.40,10,3440.89,10,20250529,3448.00,3448.30,3448.00,3448.30,5,3448.02,5,20250530,3440.20,3441.80,3419.60,3419.60,4,3430.43,4,20250602,3484.00,3507.00,3482.80,3503.50,14,3489,11,20250603,3492.00,3492.00,3478.10,3485.20,9,3485.11,9,20250604,3485.10,3506.70,3477.50,3506.70,11,3487.13,10,20250605,3510.50,3510.50,3470.00,3482.00,24,3489.56,24,20250606,3485.40,3498.00,3453.60,3453.60,13,3481.12,11,20250609,3461.90,3461.90,3461.50,3461.50,4,3461.78,4,20250610,3473.90,3473.90,3450.00,3450.30,6,3454.18,6,20250611,3457.00,3457.00,3450.00,3450.00,4,3451.9,4,20250612,3491.00,3522.00,3466.40,3507.90,13,3504.98,10,20250613,3559.30,3560.20,3559.30,3559.60,4,3559.65,4,20250616,3575.80,3575.80,3523.80,3523.80,8,3539.33,5,20250617,3508.50,3515.10,3505.50,3515.10,6,3507.55,5,20250618,3499.00,3520.80,3491.70,3515.10,19,3509.35,17,20250620,3499.50,3500.70,3473.60,3492.60,13,3489.23,13,20250623,3490.40,3501.20,3490.40,3501.20,1,3490.4,1,20250624,3467.40,3470.70,3440.20,3440.20,12,3460.55,8,20250625,3451.20,3456.00,3449.00,3449.70,12,3453.38,11,20250626,3454.00,3455.30,3452.60,3454.30,8,3453.61,7,20250627,3396.10,3400.00,3385.00,3392.70,9,3392.31,8,20250630,3377.10,3415.00,3377.00,3412.90,16,3400.12,15,20250701,3448.00,3465.90,3445.00,3455.50,46,3457.53,37,20250702,3461.00,3468.90,3454.30,3466.00,63,3463.17,44,20250703,3478.00,3478.00,3441.40,3450.30,57,3450.21,37,20250707,3450.80,3459.10,3425.30,3450.30,74,3448.72,45,20250708,3456.00,3456.00,3423.90,3424.50,51,3425.67,33,20250709,3419.20,3427.80,3399.00,3427.50,56,3425.34,37,20250710,3438.70,3438.70,3428.30,3432.10,11,3431.46,10,20250711,3440.00,3487.40,3440.00,3470.30,90,3466.87,45,20250714,3487.00,3494.00,3457.80,3466.80,64,3470.91,52,20250715,3477.60,3477.60,3437.30,3444.40,188,3457.37,136,20250716,3452.10,3489.50,3433.70,3466.10,76,3456.74,60,20250717,3427.20,3452.90,3422.80,3452.60,42,3443.1,38,20250718,3452.00,3471.50,3452.00,3465.50,26,3466.57,26,20250721,3465.50,3523.50,3465.50,3515.40,62,3502.48,44,20250722,3524.00,3558.00,3506.90,3555.20,66,3531.53,44,20250723,3554.00,3554.10,3504.10,3507.30,209,3533.24,138,20250724,3506.00,3506.00,3464.60,3483.90,148,3479.04,104,20250725,3459.70,3460.80,3434.30,3443.80,133,3446.74,88,20250728,3445.80,3449.80,3410.40,3418.00,232,3430.86,165,20250729,3415.60,3437.30,3415.60,3432.40,192,3428.48,156,20250730,3434.60,3438.60,3372.40,3403.70,181,3405.12,157,20250731,3389.70,3413.40,3387.10,3400.00,48,3397.46,48,20250801,3397.80,3458.50,3388.30,3449.90,44,3428.42,40,20250804,3457.70,3482.80,3456.90,3476.90,67,3473.32,61,20250805,3483.30,3487.70,3453.80,3485.70,45,3481,45,20250806,3484.50,3488.20,3463.20,3484.30,46,3480.62,43,20250807,3484.10,3518.10,3484.10,3503.30,57,3501.16,54,20250808,3559.30,3560.00,3504.00,3539.30,153,3527.89,109,20250811,3516.00,3516.10,3453.30,3457.50,290,3466.42,210,20250812,3458.50,3458.50,3433.80,3451.50,202,3449.42,176,20250813,3454.40,3469.60,3447.50,3460.80,136,3458.45,119,20250814,3470.60,3470.60,3428.00,3435.20,222,3445.15,163,20250815,3433.90,3442.60,3432.10,3434.00,78,3437.18,70,20250818,3429.30,3450.40,3420.00,3429.40,83,3436.19,73,20250819,3433.80,3439.60,3409.10,3409.30,128,3416.27,112,20250820,3409.50,3442.90,3404.00,3439.50,45,3419.85,40,20250821,3435.60,3441.20,3421.30,3433.00,53,3433.91,43,20250822,3429.70,3473.10,3415.20,3469.60,151,3453.06,102,20250825,3467.00,3472.60,3457.20,3469.00,43,3466.2,42,20250826,3455.60,3491.00,3450.00,3485.20,145,3472.92,112,20250827,3494.00,3504.00,3476.70,3501.90,62,3488.25,55,20250828,3502.50,3530.50,3497.50,3526.80,128,3513.94,86,20250829,3527.80,3573.00,3518.60,3569.60,83,3546.6,70,20250902,3563.60,3653.20,3560.70,3646.10,148,3612.9,131,20250903,3651.00,3694.20,3651.00,3689.90,97,3677.18,70,20250904,3672.00,3672.00,3631.30,3661.30,218,3652.7,137,20250905,3664.00,3709.30,3661.70,3707.50,159,3693.83,141,20250908,3687.30,3738.10,3678.40,3731.20,347,3722.46,261,20250909,3726.00,3765.40,3718.80,3735.90,148,3743.38,137,20250910,3716.80,3748.80,3710.40,3735.80,65,3733.77,58,20250911,3735.80,3740.00,3705.50,3726.80,167,3722.11,155,20250912,3726.40,3746.70,3723.60,3740.30,211,3739.78,181,20250915,3736.10,3777.80,3717.10,3773.10,195,3744.54,152,20250916,3770.10,3793.70,3768.40,3779.50,171,3780.34,132,20250917,3786.60,3795.90,3735.00,3772.50,317,3763.45,249,20250918,3750.50,3760.60,3720.90,3732.60,114,3740.98,106,20250919,3730.70,3773.20,3722.70,3760.50,122,3751.76,91,20250922,3776.00,3838.00,3776.00,3830.50,243,3813.72,180,20250923,3833.50,3878.00,3830.00,3872.30,287,3857.7,233,20250924,3853.00,3867.50,3807.90,3824.70,194,3840.89,165,20250925,3825.40,3847.70,3810.00,3828.80,239,3831.53,184,20250926,3839.90,3870.70,3823.00,3866.90,168,3845.9,147,20250929,3847.00,3920.50,3847.00,3914.60,208,3901.45,185,20250930,3917.10,3958.40,3880.50,3932.10,707,3926.8,390,20251001,3945.80,3982.30,3941.90,3956.90,391,3963.22,298,20251002,3952.00,3981.00,3903.00,3926.50,407,3932.98,286,20251003,3940.40,3973.90,3922.00,3967.60,260,3959.18,192,20251006,3970.00,4053.20,3970.00,4037.10,308,4019.94,227,20251007,4046.20,4075.50,4028.20,4066.60,316,4057.76,225,20251008,4075.00,4143.60,4069.80,4133.70,557,4122.66,462,20251009,4118.00,4140.00,4024.80,4034.00,496,4086.12,435,20251010,4057.50,4099.80,4023.00,4062.00,693,4068.92,635,20251013,4081.70,4198.90,4081.70,4196.40,429,4159.63,347,20251014,4196.40,4253.90,4169.80,4226.60,519,4214.9,451,20251015,4241.00,4297.70,4232.10,4265.50,736,4273.69,633,20251016,4290.40,4410.00,4280.50,4369.70,893,4338.2,790,20251017,4420.10,4455.00,4261.40,4276.80,1234,4381.15,959,20251020,4331.30,4460.00,4298.50,4425.40,670,4375.79,507,20251021,4436.70,4457.00,4156.10,4171.40,853,4298.23,765,20251022,4203.00,4232.50,4090.10,4128.00,632,4159.78,527,20251023,4174.90,4234.90,4155.90,4209.10,378,4201.32,301,20251024,4197.00,4220.70,4124.90,4201.30,320,4183.93,302,20251027,4159.70,4180.00,4049.00,4081.30,506,4114.31,410,20251028,4063.40,4093.00,3965.20,4043.70,411,4021.4,335,20251029,4007.90,4103.10,4007.90,4062.60,417,4068.7,345,20251030,4000.00,4103.30,3993.20,4079.00,302,4055.57,279,20251031,4103.00,4112.60,4045.60,4059.00,494,4079.03,347,20251103,4071.00,4104.70,4035.70,4077.20,261,4083.66,235,20251104,4069.40,4073.90,4000.00,4022.50,452,4031.32,425,20251105,4008.00,4061.40,4003.00,4055.70,336,4045.38,290,20251106,4041.60,4091.00,4036.90,4053.60,362,4061.73,288,20251107,4070.00,4097.00,4055.50,4072.80,152,4072.3,146,20251110,4080.00,4187.70,4080.00,4186.50,430,4150.02,357,20251111,4187.70,4218.30,4167.90,4180.90,513,4195.63,334,20251112,4205.20,4281.00,4173.80,4279.20,651,4230.8,429,20251113,4267.80,4313.80,4219.00,4261.70,514,4272.69,309,20251114,4248.90,4280.80,4100.00,4159.00,824,4194.06,571,20251117,4146.40,4170.00,4072.20,4139.50,631,4134.74,438,20251118,4120.00,4147.20,4066.20,4131.20,852,4110.83,562,20251119,4133.50,4199.00,4121.20,4148.30,944,4160.06,746,20251120,4144.30,4172.00,4095.00,4125.30,728,4136.93,566,20251121,4139.40,4165.00,4084.00,4144.90,1045,4121.76,861,20251124,4132.70,4201.20,4102.60,4159.60,563,4139.24,518,20251125,4197.50,4221.80,4173.20,4206.50,1587,4199.47,1261,20251126,4195.90,4238.00,4194.90,4231.80,1559,4223.79,1132,20251128,4228.20,4291.40,4204.20,4284.80,2456,4238.97,1809,20251201,4289.40,4330.00,4271.40,4305.70,2807,4301.96,2181,20251202,4294.20,4296.70,4225.00,4251.50,3074,4263.78,2001,20251203,4269.60,4303.50,4257.20,4263.20,2165,4277.04,1641,20251204,4265.60,4281.20,4234.40,4273.40,1530,4260.23,1221,20251205,4269.00,4320.90,4253.70,4273.80,1674,4283.84,1362,20251208,4260.70,4277.70,4235.00,4248.60,1318,4257.26,1116,20251209,4249.80,4282.20,4229.10,4267.40,1653,4259.58,1276,20251210,4267.10,4298.50,4239.10,4255.60,2052,4265.46,1387,20251211,4291.40,4348.20,4262.40,4344.40,3519,4306.8,2406,20251212,4337.90,4419.00,4317.40,4360.00,3465,4370.53,2394,20251215,4360.70,4415.00,4348.80,4367.00,2600,4384.1,1804,20251216,4367.00,4399.00,4329.70,4363.90,2347,4370.23,1903,20251217,4366.80,4414.40,4366.10,4405.50,2295,4394.4,1811,20251218,4400.50,4440.40,4369.60,4395.90,2556,4401.31,1885,20251219,4397.60,4419.90,4368.30,4418.80,1786,4399.93,1348,20251222,4401.40,4516.40,4400.20,4501.60,4525,4482.69,2829,20251223,4512.40,4563.20,4489.70,4538.10,5023,4534.8,3547,20251224,4550.00,4587.00,4506.90,4535.10,2746,4551,2091,20251226,4548.60,4616.50,4548.60,4585.70,5113,4584.63,3228,20251229,4601.90,4609.80,4348.60,4375.70,7547,4475.59,5702,20251230,4382.10,4452.00,4372.30,4418.90,2972,4415.92,2402,20251231,4388.40,4416.30,4317.60,4373.90,3816,4369.44,2996,20260102,4377.40,4446.70,4352.30,4361.90,2953,4406.53,2238,20260105,4395.90,4500.00,4387.80,4484.10,4680,4468.16,3364,20260106,4493.20,4541.00,4471.90,4529.10,4077,4512.65,2846,20260107,4540.70,4545.00,4465.80,4495.30,4192,4497.08,3095,20260108,4503.70,4521.50,4447.80,4493.90,3968,4478.53,3153,20260109,4519.80,4560.20,4496.60,4534.70,3576,4531.1,2726,20260112,4561.70,4674.60,4558.70,4649.20,7296,4636.91,5657,20260113,4639.00,4678.00,4611.00,4633.50,6271,4639.96,5059,20260114,4632.30,4685.00,4632.00,4670.10,7857,4665.94,5848,20260115,4670.70,4671.40,4618.00,4657.70,8713,4642.85,6304,20260116,4657.70,4658.80,4573.30,4629.40,10012,4628.47,7012,20260120,4661.00,4806.00,4659.50,4800.80,20405,4752.58,14735,20260121,4804.90,4925.10,4793.30,4873.10,28781,4874.98,20258,20260122,4871.00,4980.10,4807.90,4949.40,29392,4890.16,19185,20260123,4977.80,5028.30,4937.70,5017.00,30608,4994.88,21675,20260126,5042.80,5145.20,5022.90,5122.30,83726,5104.05,53274,20260127,5043.90,5229.80,5043.90,5120.60,91940,5125.9,59178,20260128,5218.60,5452.80,5193.60,5340.20,335433,5308.43,244435,20260129,5449.90,5626.80,5126.00,5354.80,535273,5453.48,389653,20260130,5410.00,5480.20,4700.40,4745.10,471965,5063.64,347329,20260202,4816.00,4905.60,4423.20,4652.60,360736,4700.51,278042,20260203,4691.00,5018.10,4690.20,4935.00,244229,4923.61,185601,20260204,4966.10,5113.90,4867.70,4950.80,227117,5009.67,168796,20260205,4986.60,5045.00,4779.60,4889.50,220040,4890.03,168030,20260206,4800.00,4995.60,4670.00,4979.80,162332,4877.87,122381,20260209,5003.60,5111.10,4988.60,5079.40,113012,5053.36,85188,20260210,5084.30,5102.70,5011.00,5031.00,97289,5056.95,73185,20260211,5048.00,5144.50,5036.30,5098.50,116736,5092.54,85306,20260212,5107.30,5122.80,4900.00,4948.40,147097,5017.32,109043,20260213,4950.00,5069.10,4907.10,5046.30,112783,5008.52,84368,20260217,5050.00,5074.40,4854.20,4905.90,156491,4944.22,115073,20260218,4898.50,5031.90,4868.50,5009.50,89152,4977.6,64870,20260219,4993.70,5042.80,4971.50,4997.40,80714,5013.01,59273,20260220,5015.00,5131.00,4999.30,5080.90,122265,5060.54,89502,20260223,5128.80,5257.30,5120.40,5225.60,129801,5194.74,96088,20260224,5247.50,5269.40,5109.50,5176.30,133586,5178.29,97377,20260225,5160.00,5237.30,5135.90,5226.20,102208,5202.93,75253,20260226,5175.30,5221.90,5144.80,5194.20,118374,5192.79,89293,20260227,5201.90,5299.00,5182.90,5247.90,136922,5234.26,100031,20260302,5360.00,5434.10,5272.90,5311.60,210669,5365.14,157496,20260303,5335.70,5394.20,5005.00,5123.70,244893,5183.42,184459,20260304,5110.00,5218.30,5092.80,5134.70,126108,5169.17,95127,20260305,5155.70,5204.30,5058.90,5078.70,132000,5128.75,98317,20260306,5099.70,5185.00,5071.00,5158.70,122732,5129.68,93148,20260309,5186.70,5210.40,5021.20,5103.70,143108,5104.82,108666,20260310,5152.40,5248.70,5127.10,5242.10,133668,5201.88,98283,20260311,5194.00,5230.90,5155.90,5179.10,99576,5192.64,75064,20260312,5185.40,5197.80,5058.20,5125.80,119006,5148.38,88714,20260313,5084.00,5132.40,5014.10,5061.70,136317,5080.18,99283,20260316,5010.00,5044.50,4970.10,5002.20,140663,5008.99,104310,20260317,5012.20,5049.40,4977.00,5008.20,97680,5015.48,72153,20260318,5010.60,5022.00,4809.30,4896.20,173157,4916.97,126932,20260319,4828.00,4868.70,4505.00,4605.70,256126,4660.11,192578,20260320,4653.90,4738.20,4478.40,4574.90,191786,4624.05,143871,20260323,4450.00,4537.10,4100.00,4407.30,336923,4355.47,257584,20260324,4414.80,4485.60,4306.30,4402.00,170808,4395.87,132601,20260325,4473.50,4601.00,4458.20,4552.30,182101,4552.24,133335,20260326,4508.90,4541.60,4348.20,4376.30,166626,4437.09,128484,20260327,4371.80,4552.10,4369.10,4492.50,21186,4442.74,15226,20260330,4482.80,4579.10,4413.40,4526.00,3547,4517.34,2623,20260331,4510.00,4684.10,4508.60,4647.60,867,4609,442,20260401,4668.40,4789.10,4668.00,4783.20,516,4734.7,280,20260402,4764.90,4784.40,4558.90,4651.50,380,4647.67,262,20260406,4656.10,4689.60,4605.00,4656.80,88,4675.65,75,20260407,4624.90,4676.30,4608.00,4657.10,154,4651.33,90,20260408,4760.00,4851.00,4738.80,4749.50,369,4797.39,240,20260409,4711.00,4711.10,4711.00,4711.00,6,4711.02,5
[2026-04-09 15:20:39] INFO     | trading.broker         | Fetched 472 historical bars for GCJ6
[2026-04-09 15:20:39] INFO     | trading.strategy.mgc_pullback | [3] Computing indicators...
[2026-04-09 15:20:39] INFO     | trading.strategy.mgc_pullback | Last bar  date=2026-04-09  close=4711.00  SMA200=4208.69  SMA37=4899.57  RSI2=53.36
[2026-04-09 15:20:39] INFO     | trading.strategy.mgc_pullback | Current position: 0
[2026-04-09 15:20:39] INFO     | trading.strategy.mgc_pullback | [4] Generating signal...
[2026-04-09 15:20:39] INFO     | trading.strategy.mgc_pullback | States  uptrend=True  pullback=False  exit_up=False  pos=0
[2026-04-09 15:20:39] INFO     | trading.strategy.mgc_pullback | Signal: ENTRY_LONG  reason=UpTrend & Pullback (RSI2 < 30)
[2026-04-09 15:20:39] DEBUG    | ib_insync.client       | >>> 59,1,1
[2026-04-09 15:20:39] DEBUG    | ib_insync.client       | >>> 1,11,18,706903676,MGC,FUT,20260428,0.0,,10,COMEX,,USD,MGCJ6,MGC,0,,0,0,
[2026-04-09 15:20:39] DEBUG    | ib_insync.client       | <<< 81,18,0.1,,0
[2026-04-09 15:20:39] DEBUG    | ib_insync.client       | <<< 4,2,18,354,Requested market data is not subscribed. Check API status by selecting the Account menu then under Management choose Market Data Subscription Manager and/or availability of delayed data.Delayed market data is available.MGC APR'26 (MGCJ6) /TOP/ALL,
[2026-04-09 15:20:39] ERROR    | ib_insync.wrapper      | Error 354, reqId 18: Requested market data is not subscribed. Check API status by selecting the Account menu then under Management choose Market Data Subscription Manager and/or availability of delayed data.Delayed market data is available.MGC APR'26 (MGCJ6) /TOP/ALL, contract: Future(conId=706903676, symbol='MGC', lastTradeDateOrContractMonth='20260428', multiplier='10', exchange='COMEX', currency='USD', localSymbol='MGCJ6', tradingClass='MGC')
[2026-04-09 15:20:42] DEBUG    | ib_insync.client       | >>> 2,2,18
[2026-04-09 15:20:42] DEBUG    | ib_insync.client       | >>> 59,1,3
[2026-04-09 15:20:42] DEBUG    | ib_insync.client       | >>> 1,11,19,706903676,MGC,FUT,20260428,0.0,,10,COMEX,,USD,MGCJ6,MGC,0,,0,0,
[2026-04-09 15:20:42] DEBUG    | ib_insync.client       | <<< 4,2,18,300,Can't find EId with tickerId:18,
[2026-04-09 15:20:42] ERROR    | ib_insync.wrapper      | Error 300, reqId 18: Can't find EId with tickerId:18
[2026-04-09 15:20:42] DEBUG    | ib_insync.client       | <<< 81,19,0.1,,0
[2026-04-09 15:20:42] DEBUG    | ib_insync.client       | <<< 58,1,19,3
[2026-04-09 15:20:42] DEBUG    | ib_insync.client       | <<< 4,2,19,10167,Requested market data is not subscribed. Displaying delayed market data.,
[2026-04-09 15:20:42] INFO     | ib_insync.wrapper      | Warning 10167, reqId 19: Requested market data is not subscribed. Displaying delayed market data., contract: Future(conId=706903676, symbol='MGC', lastTradeDateOrContractMonth='20260428', multiplier='10', exchange='COMEX', currency='USD', localSymbol='MGCJ6', tradingClass='MGC')
[2026-04-09 15:20:43] DEBUG    | ib_insync.client       | <<< 1,6,19,76,4815.00,0,0
[2026-04-09 15:20:43] DEBUG    | ib_insync.client       | <<< 2,6,19,74,0
[2026-04-09 15:20:43] DEBUG    | ib_insync.client       | <<< 1,6,19,75,4749.50,0,0
[2026-04-09 15:20:43] DEBUG    | ib_insync.client       | <<< 1,6,19,66,4727.50,1,0
[2026-04-09 15:20:43] DEBUG    | ib_insync.client       | <<< 1,6,19,67,4729.30,1,0
[2026-04-09 15:20:43] DEBUG    | ib_insync.client       | >>> 2,2,19
[2026-04-09 15:20:43] INFO     | trading.strategy.mgc_pullback | Indicative price: 4728.40 (DELAYED)
[2026-04-09 15:20:43] DEBUG    | ib_insync.client       | >>> 3,20,706903676,MGC,FUT,20260428,0.0,,10,COMEX,,USD,MGCJ6,MGC,,,BUY,1,LMT,4733.400000000001,,,,U22862141,O,0,,0,0,0,0,0,0,0,0,,0.0,,,,,,,,0,,-1,0,,,0,,,0,0,,0,,,,,,0,,,,,0,,,,,,,,,,,0,,,0,0,,,0,,0,0,0,0,,,,,,,0,,,,,,,,,0,0,0,0,,,0,,
[2026-04-09 15:20:43] INFO     | ib_insync.ib           | placeOrder: New order Trade(contract=Future(conId=706903676, symbol='MGC', lastTradeDateOrContractMonth='20260428', multiplier='10', exchange='COMEX', currency='USD', localSymbol='MGCJ6', tradingClass='MGC'), order=LimitOrder(orderId=20, clientId=27, action='BUY', totalQuantity=1, lmtPrice=4733.400000000001, transmit=False, account='U22862141'), orderStatus=OrderStatus(orderId=20, status='PendingSubmit', filled=0.0, remaining=0.0, avgFillPrice=0.0, permId=0, parentId=0, lastFillPrice=0.0, clientId=0, whyHeld='', mktCapPrice=0.0), fills=[], log=[TradeLogEntry(time=datetime.datetime(2026, 4, 9, 9, 50, 43, 420037, tzinfo=datetime.timezone.utc), status='PendingSubmit', message='', errorCode=0)], advancedError='')
[2026-04-09 15:20:43] DEBUG    | ib_insync.client       | >>> 3,21,706903676,MGC,FUT,20260428,0.0,,10,COMEX,,USD,MGCJ6,MGC,,,SELL,1,LMT,4843.400000000001,,GTC,,U22862141,O,0,,0,20,0,0,0,0,0,0,,0.0,,,,,,,,0,,-1,0,,,0,,,0,0,,0,,,,,,0,,,,,0,,,,,,,,,,,0,,,0,0,,,0,,0,0,0,0,,,,,,,0,,,,,,,,,0,0,0,0,,,0,,
[2026-04-09 15:20:43] INFO     | ib_insync.ib           | placeOrder: New order Trade(contract=Future(conId=706903676, symbol='MGC', lastTradeDateOrContractMonth='20260428', multiplier='10', exchange='COMEX', currency='USD', localSymbol='MGCJ6', tradingClass='MGC'), order=LimitOrder(orderId=21, clientId=27, action='SELL', totalQuantity=1, lmtPrice=4843.400000000001, tif='GTC', transmit=False, parentId=20, account='U22862141'), orderStatus=OrderStatus(orderId=21, status='PendingSubmit', filled=0.0, remaining=0.0, avgFillPrice=0.0, permId=0, parentId=0, lastFillPrice=0.0, clientId=0, whyHeld='', mktCapPrice=0.0), fills=[], log=[TradeLogEntry(time=datetime.datetime(2026, 4, 9, 9, 50, 43, 420366, tzinfo=datetime.timezone.utc), status='PendingSubmit', message='', errorCode=0)], advancedError='')
[2026-04-09 15:20:43] DEBUG    | ib_insync.client       | >>> 3,22,706903676,MGC,FUT,20260428,0.0,,10,COMEX,,USD,MGCJ6,MGC,,,SELL,1,STP,,4623.400000000001,GTC,,U22862141,O,0,,1,20,0,0,0,0,0,0,,0.0,,,,,,,,0,,-1,0,,,0,,,0,0,,0,,,,,,0,,,,,0,,,,,,,,,,,0,,,0,0,,,0,,0,0,0,0,,,,,,,0,,,,,,,,,0,0,0,0,,,0,,
[2026-04-09 15:20:43] INFO     | ib_insync.ib           | placeOrder: New order Trade(contract=Future(conId=706903676, symbol='MGC', lastTradeDateOrContractMonth='20260428', multiplier='10', exchange='COMEX', currency='USD', localSymbol='MGCJ6', tradingClass='MGC'), order=StopOrder(orderId=22, clientId=27, action='SELL', totalQuantity=1, auxPrice=4623.400000000001, tif='GTC', parentId=20, account='U22862141'), orderStatus=OrderStatus(orderId=22, status='PendingSubmit', filled=0.0, remaining=0.0, avgFillPrice=0.0, permId=0, parentId=0, lastFillPrice=0.0, clientId=0, whyHeld='', mktCapPrice=0.0), fills=[], log=[TradeLogEntry(time=datetime.datetime(2026, 4, 9, 9, 50, 43, 420632, tzinfo=datetime.timezone.utc), status='PendingSubmit', message='', errorCode=0)], advancedError='')
[2026-04-09 15:20:43] DEBUG    | ib_insync.client       | <<< 4,2,20,10349,Order TIF was set to DAY based on order preset.,
[2026-04-09 15:20:43] ERROR    | ib_insync.wrapper      | Error 10349, reqId 20: Order TIF was set to DAY based on order preset.
[2026-04-09 15:20:43] WARNING  | ib_insync.wrapper      | Canceled order: Trade(contract=Future(conId=706903676, symbol='MGC', lastTradeDateOrContractMonth='20260428', multiplier='10', exchange='COMEX', currency='USD', localSymbol='MGCJ6', tradingClass='MGC'), order=LimitOrder(orderId=20, clientId=27, action='BUY', totalQuantity=1, lmtPrice=4733.400000000001, transmit=False, account='U22862141'), orderStatus=OrderStatus(orderId=20, status='Cancelled', filled=0.0, remaining=0.0, avgFillPrice=0.0, permId=0, parentId=0, lastFillPrice=0.0, clientId=0, whyHeld='', mktCapPrice=0.0), fills=[], log=[TradeLogEntry(time=datetime.datetime(2026, 4, 9, 9, 50, 43, 420037, tzinfo=datetime.timezone.utc), status='PendingSubmit', message='', errorCode=0), TradeLogEntry(time=datetime.datetime(2026, 4, 9, 9, 50, 43, 443237, tzinfo=datetime.timezone.utc), status='Cancelled', message='Error 10349, reqId 20: Order TIF was set to DAY based on order preset.', errorCode=10349)], advancedError='')
[2026-04-09 15:20:43] INFO     | trading.orders         | Bracket placed: BUY 1 @ 4733.40  TP=4843.40  SL=4623.40
[2026-04-09 15:20:43] INFO     | trading.strategy.mgc_pullback | EXECUTION COMPLETE for mgc_pullback
[2026-04-09 15:20:43] INFO     | ib_insync.ib           | Disconnecting from 127.0.0.1:4002, 1.28 kB sent in 21 messages, 45.3 kB received in 332 messages, session time 6.56 s.
[2026-04-09 15:20:43] INFO     | ib_insync.client       | Disconnecting
[2026-04-09 15:20:43] INFO     | trading.broker         | Disconnected from IBKR
[2026-04-09 15:20:43] INFO     | trading.db             | Database connection closed
[2026-04-09 15:20:43] INFO     | trading.main           | ALL STRATEGIES COMPLETE
[2026-04-09 16:19:07] DEBUG    | asyncio                | Using selector: KqueueSelector
[2026-04-09 16:19:07] INFO     | trading.main           | ============================================================
[2026-04-09 16:19:07] INFO     | trading.main           |   TRADING FRAMEWORK – STARTING
[2026-04-09 16:19:07] INFO     | trading.main           | ============================================================
[2026-04-09 16:19:07] INFO     | trading.db             | Database ready at /Users/rishabhmaniyar/Downloads/trading_framework/data/trading.db
[2026-04-09 16:19:07] INFO     | trading.broker         | Connecting to IBKR 127.0.0.1:4002 (attempt 1/3)
[2026-04-09 16:19:07] INFO     | ib_insync.client       | Connecting to 127.0.0.1:4002 with clientId 27...
[2026-04-09 16:19:07] INFO     | ib_insync.client       | Connected
[2026-04-09 16:19:07] DEBUG    | ib_insync.client       | <<< 176,20260409 16:19:06 India Standard Time
[2026-04-09 16:19:07] DEBUG    | ib_insync.client       | >>> 71,2,27,
[2026-04-09 16:19:07] INFO     | ib_insync.client       | Logged on to server version 176
[2026-04-09 16:19:07] DEBUG    | ib_insync.client       | <<< 15,1,DUM165609
[2026-04-09 16:19:07] DEBUG    | ib_insync.client       | <<< 9,1,23
[2026-04-09 16:19:07] INFO     | ib_insync.client       | API connection ready
[2026-04-09 16:19:07] DEBUG    | ib_insync.client       | >>> 61,1
[2026-04-09 16:19:07] DEBUG    | ib_insync.client       | >>> 5,1
[2026-04-09 16:19:07] DEBUG    | ib_insync.client       | >>> 99,0
[2026-04-09 16:19:07] DEBUG    | ib_insync.client       | >>> 6,2,1,DUM165609
[2026-04-09 16:19:07] DEBUG    | ib_insync.client       | >>> 76,1,23,DUM165609,,0
[2026-04-09 16:19:07] DEBUG    | ib_insync.client       | <<< 4,2,-1,2110,Connectivity between Trader Workstation and server is broken. It will be restored automatically.,
[2026-04-09 16:19:07] INFO     | ib_insync.wrapper      | Warning 2110, reqId -1: Connectivity between Trader Workstation and server is broken. It will be restored automatically.
[2026-04-09 16:19:07] DEBUG    | ib_insync.client       | <<< 4,2,-1,2103,Market data farm connection is broken:usfarm,
[2026-04-09 16:19:07] INFO     | ib_insync.wrapper      | Warning 2103, reqId -1: Market data farm connection is broken:usfarm
[2026-04-09 16:19:07] DEBUG    | ib_insync.client       | <<< 4,2,-1,2105,HMDS data farm connection is broken:ushmds,
[2026-04-09 16:19:07] INFO     | ib_insync.wrapper      | Warning 2105, reqId -1: HMDS data farm connection is broken:ushmds
[2026-04-09 16:19:07] DEBUG    | ib_insync.client       | <<< 4,2,-1,2157,Sec-def data farm connection is broken:secdefil,
[2026-04-09 16:19:07] INFO     | ib_insync.wrapper      | Warning 2157, reqId -1: Sec-def data farm connection is broken:secdefil
[2026-04-09 16:19:07] DEBUG    | ib_insync.client       | <<< 6,2,AccountCode,DUM165609,,DUM165609
[2026-04-09 16:19:07] DEBUG    | ib_insync.client       | <<< 6,2,AccountOrGroup,DUM165609,BASE,DUM165609
[2026-04-09 16:19:07] DEBUG    | ib_insync.client       | <<< 6,2,AccountOrGroup,DUM165609,USD,DUM165609
[2026-04-09 16:19:07] DEBUG    | ib_insync.client       | <<< 6,2,AccountReady,true,,DUM165609
[2026-04-09 16:19:07] DEBUG    | ib_insync.client       | <<< 6,2,AccountType,CORPORATION,,DUM165609
[2026-04-09 16:19:07] DEBUG    | ib_insync.client       | <<< 6,2,AccruedCash,141.71,BASE,DUM165609
[2026-04-09 16:19:07] DEBUG    | ib_insync.client       | <<< 6,2,AccruedCash,141.71,USD,DUM165609
[2026-04-09 16:19:07] DEBUG    | ib_insync.client       | <<< 6,2,AccruedCash-P,0.00,USD,DUM165609
[2026-04-09 16:19:07] DEBUG    | ib_insync.client       | <<< 6,2,AccruedCash-S,141.71,USD,DUM165609
[2026-04-09 16:19:07] DEBUG    | ib_insync.client       | <<< 6,2,AccruedDividend,0.00,USD,DUM165609
[2026-04-09 16:19:07] DEBUG    | ib_insync.client       | <<< 6,2,AccruedDividend-P,0.00,USD,DUM165609
[2026-04-09 16:19:07] DEBUG    | ib_insync.client       | <<< 6,2,AccruedDividend-S,0.00,USD,DUM165609
[2026-04-09 16:19:07] DEBUG    | ib_insync.client       | <<< 6,2,AvailableFunds,235819.00,USD,DUM165609
[2026-04-09 16:19:07] DEBUG    | ib_insync.client       | <<< 6,2,AvailableFunds-P,0.00,USD,DUM165609
[2026-04-09 16:19:07] DEBUG    | ib_insync.client       | <<< 6,2,AvailableFunds-S,235819.00,USD,DUM165609
[2026-04-09 16:19:07] DEBUG    | ib_insync.client       | <<< 6,2,Billable,0.00,USD,DUM165609
[2026-04-09 16:19:07] DEBUG    | ib_insync.client       | <<< 6,2,Billable-P,0.00,USD,DUM165609
[2026-04-09 16:19:07] DEBUG    | ib_insync.client       | <<< 6,2,Billable-S,0.00,USD,DUM165609
[2026-04-09 16:19:07] DEBUG    | ib_insync.client       | <<< 6,2,BuyingPower,1572126.67,USD,DUM165609
[2026-04-09 16:19:07] DEBUG    | ib_insync.client       | <<< 6,2,CashBalance,244857.29,BASE,DUM165609
[2026-04-09 16:19:07] DEBUG    | ib_insync.client       | <<< 6,2,CashBalance,244857.29,USD,DUM165609
[2026-04-09 16:19:07] DEBUG    | ib_insync.client       | <<< 6,2,ColumnPrio-P,5,,DUM165609
[2026-04-09 16:19:07] DEBUG    | ib_insync.client       | <<< 6,2,ColumnPrio-S,1,,DUM165609
[2026-04-09 16:19:07] DEBUG    | ib_insync.client       | <<< 6,2,CorporateBondValue,0.00,BASE,DUM165609
[2026-04-09 16:19:07] DEBUG    | ib_insync.client       | <<< 6,2,CorporateBondValue,0.00,USD,DUM165609
[2026-04-09 16:19:07] DEBUG    | ib_insync.client       | <<< 6,2,Cryptocurrency,0.00,BASE,DUM165609
[2026-04-09 16:19:07] DEBUG    | ib_insync.client       | <<< 6,2,Cryptocurrency,0.00,USD,DUM165609
[2026-04-09 16:19:07] DEBUG    | ib_insync.client       | <<< 6,2,Currency,BASE,BASE,DUM165609
[2026-04-09 16:19:07] DEBUG    | ib_insync.client       | <<< 6,2,Currency,USD,USD,DUM165609
[2026-04-09 16:19:07] DEBUG    | ib_insync.client       | <<< 6,2,Cushion,0.970417,,DUM165609
[2026-04-09 16:19:07] DEBUG    | ib_insync.client       | <<< 6,2,EquityWithLoanValue,244999.00,USD,DUM165609
[2026-04-09 16:19:07] DEBUG    | ib_insync.client       | <<< 6,2,EquityWithLoanValue-P,0.00,USD,DUM165609
[2026-04-09 16:19:07] DEBUG    | ib_insync.client       | <<< 6,2,EquityWithLoanValue-S,244999.00,USD,DUM165609
[2026-04-09 16:19:07] DEBUG    | ib_insync.client       | <<< 6,2,ExcessLiquidity,237751.08,USD,DUM165609
[2026-04-09 16:19:07] DEBUG    | ib_insync.client       | <<< 6,2,ExcessLiquidity-P,0.00,USD,DUM165609
[2026-04-09 16:19:07] DEBUG    | ib_insync.client       | <<< 6,2,ExcessLiquidity-S,237751.08,USD,DUM165609
[2026-04-09 16:19:07] DEBUG    | ib_insync.client       | <<< 6,2,ExchangeRate,1.00,BASE,DUM165609
[2026-04-09 16:19:07] DEBUG    | ib_insync.client       | <<< 6,2,ExchangeRate,1.00,USD,DUM165609
[2026-04-09 16:19:07] DEBUG    | ib_insync.client       | <<< 6,2,FullAvailableFunds,235819.00,USD,DUM165609
[2026-04-09 16:19:07] DEBUG    | ib_insync.client       | <<< 6,2,FullAvailableFunds-P,0.00,USD,DUM165609
[2026-04-09 16:19:07] DEBUG    | ib_insync.client       | <<< 6,2,FullAvailableFunds-S,235819.00,USD,DUM165609
[2026-04-09 16:19:07] DEBUG    | ib_insync.client       | <<< 6,2,FullExcessLiquidity,237751.08,USD,DUM165609
[2026-04-09 16:19:07] DEBUG    | ib_insync.client       | <<< 6,2,FullExcessLiquidity-P,0.00,USD,DUM165609
[2026-04-09 16:19:07] DEBUG    | ib_insync.client       | <<< 6,2,FullExcessLiquidity-S,237751.08,USD,DUM165609
[2026-04-09 16:19:07] DEBUG    | ib_insync.client       | <<< 6,2,FullInitMarginReq,9180.00,USD,DUM165609
[2026-04-09 16:19:07] DEBUG    | ib_insync.client       | <<< 6,2,FullInitMarginReq-P,0.00,USD,DUM165609
[2026-04-09 16:19:07] DEBUG    | ib_insync.client       | <<< 6,2,FullInitMarginReq-S,9180.00,USD,DUM165609
[2026-04-09 16:19:07] DEBUG    | ib_insync.client       | <<< 6,2,FullMaintMarginReq,7247.92,USD,DUM165609
[2026-04-09 16:19:07] DEBUG    | ib_insync.client       | <<< 6,2,FullMaintMarginReq-P,0.00,USD,DUM165609
[2026-04-09 16:19:07] DEBUG    | ib_insync.client       | <<< 6,2,FullMaintMarginReq-S,7247.92,USD,DUM165609
[2026-04-09 16:19:07] DEBUG    | ib_insync.client       | <<< 6,2,FundValue,0.00,BASE,DUM165609
[2026-04-09 16:19:07] DEBUG    | ib_insync.client       | <<< 6,2,FundValue,0.00,USD,DUM165609
[2026-04-09 16:19:07] DEBUG    | ib_insync.client       | <<< 6,2,FutureOptionValue,0.00,BASE,DUM165609
[2026-04-09 16:19:07] DEBUG    | ib_insync.client       | <<< 6,2,FutureOptionValue,0.00,USD,DUM165609
[2026-04-09 16:19:07] DEBUG    | ib_insync.client       | <<< 6,2,FuturesPNL,-356.25,BASE,DUM165609
[2026-04-09 16:19:07] DEBUG    | ib_insync.client       | <<< 6,2,FuturesPNL,-356.25,USD,DUM165609
[2026-04-09 16:19:07] DEBUG    | ib_insync.client       | <<< 6,2,FxCashBalance,0.00,BASE,DUM165609
[2026-04-09 16:19:07] DEBUG    | ib_insync.client       | <<< 6,2,FxCashBalance,0.00,USD,DUM165609
[2026-04-09 16:19:07] DEBUG    | ib_insync.client       | <<< 6,2,GrossPositionValue,0.00,USD,DUM165609
[2026-04-09 16:19:07] DEBUG    | ib_insync.client       | <<< 6,2,GrossPositionValue-S,0.00,USD,DUM165609
[2026-04-09 16:19:07] DEBUG    | ib_insync.client       | <<< 6,2,Guarantee,0.00,USD,DUM165609
[2026-04-09 16:19:07] DEBUG    | ib_insync.client       | <<< 6,2,Guarantee-P,0.00,USD,DUM165609
[2026-04-09 16:19:07] DEBUG    | ib_insync.client       | <<< 6,2,Guarantee-S,0.00,USD,DUM165609
[2026-04-09 16:19:07] DEBUG    | ib_insync.client       | <<< 6,2,IncentiveCoupons,0.00,USD,DUM165609
[2026-04-09 16:19:07] DEBUG    | ib_insync.client       | <<< 6,2,IncentiveCoupons-P,0.00,USD,DUM165609
[2026-04-09 16:19:07] DEBUG    | ib_insync.client       | <<< 6,2,IncentiveCoupons-S,0.00,USD,DUM165609
[2026-04-09 16:19:07] DEBUG    | ib_insync.client       | <<< 6,2,IndianStockHaircut,0.00,USD,DUM165609
[2026-04-09 16:19:07] DEBUG    | ib_insync.client       | <<< 6,2,IndianStockHaircut-P,0.00,USD,DUM165609
[2026-04-09 16:19:07] DEBUG    | ib_insync.client       | <<< 6,2,IndianStockHaircut-S,0.00,USD,DUM165609
[2026-04-09 16:19:07] DEBUG    | ib_insync.client       | <<< 6,2,InitMarginReq,9180.00,USD,DUM165609
[2026-04-09 16:19:07] DEBUG    | ib_insync.client       | <<< 6,2,InitMarginReq-P,0.00,USD,DUM165609
[2026-04-09 16:19:07] DEBUG    | ib_insync.client       | <<< 6,2,InitMarginReq-S,9180.00,USD,DUM165609
[2026-04-09 16:19:07] DEBUG    | ib_insync.client       | <<< 6,2,IssuerOptionValue,0.00,BASE,DUM165609
[2026-04-09 16:19:07] DEBUG    | ib_insync.client       | <<< 6,2,IssuerOptionValue,0.00,USD,DUM165609
[2026-04-09 16:19:07] DEBUG    | ib_insync.client       | <<< 6,2,Leverage-S,0.00,,DUM165609
[2026-04-09 16:19:07] DEBUG    | ib_insync.client       | <<< 6,2,LookAheadAvailableFunds,238573.00,USD,DUM165609
[2026-04-09 16:19:07] DEBUG    | ib_insync.client       | <<< 6,2,LookAheadAvailableFunds-P,0.00,USD,DUM165609
[2026-04-09 16:19:07] DEBUG    | ib_insync.client       | <<< 6,2,LookAheadAvailableFunds-S,238573.00,USD,DUM165609
[2026-04-09 16:19:07] DEBUG    | ib_insync.client       | <<< 6,2,LookAheadExcessLiquidity,239925.46,USD,DUM165609
[2026-04-09 16:19:07] DEBUG    | ib_insync.client       | <<< 6,2,LookAheadExcessLiquidity-P,0.00,USD,DUM165609
[2026-04-09 16:19:07] DEBUG    | ib_insync.client       | <<< 6,2,LookAheadExcessLiquidity-S,239925.46,USD,DUM165609
[2026-04-09 16:19:07] DEBUG    | ib_insync.client       | <<< 6,2,LookAheadInitMarginReq,6426.00,USD,DUM165609
[2026-04-09 16:19:07] DEBUG    | ib_insync.client       | <<< 6,2,LookAheadInitMarginReq-P,0.00,USD,DUM165609
[2026-04-09 16:19:07] DEBUG    | ib_insync.client       | <<< 6,2,LookAheadInitMarginReq-S,6426.00,USD,DUM165609
[2026-04-09 16:19:07] DEBUG    | ib_insync.client       | <<< 6,2,LookAheadMaintMarginReq,5073.54,USD,DUM165609
[2026-04-09 16:19:07] DEBUG    | ib_insync.client       | <<< 6,2,LookAheadMaintMarginReq-P,0.00,USD,DUM165609
[2026-04-09 16:19:07] DEBUG    | ib_insync.client       | <<< 6,2,LookAheadMaintMarginReq-S,5073.54,USD,DUM165609
[2026-04-09 16:19:07] DEBUG    | ib_insync.client       | <<< 6,2,LookAheadNextChange,1775741400,,DUM165609
[2026-04-09 16:19:07] DEBUG    | ib_insync.client       | <<< 6,2,MaintMarginReq,7247.92,USD,DUM165609
[2026-04-09 16:19:07] DEBUG    | ib_insync.client       | <<< 6,2,MaintMarginReq-P,0.00,USD,DUM165609
[2026-04-09 16:19:07] DEBUG    | ib_insync.client       | <<< 6,2,MaintMarginReq-S,7247.92,USD,DUM165609
[2026-04-09 16:19:07] DEBUG    | ib_insync.client       | <<< 6,2,MoneyMarketFundValue,0.00,BASE,DUM165609
[2026-04-09 16:19:07] DEBUG    | ib_insync.client       | <<< 6,2,MoneyMarketFundValue,0.00,USD,DUM165609
[2026-04-09 16:19:07] DEBUG    | ib_insync.client       | <<< 6,2,MutualFundValue,0.00,BASE,DUM165609
[2026-04-09 16:19:07] DEBUG    | ib_insync.client       | <<< 6,2,MutualFundValue,0.00,USD,DUM165609
[2026-04-09 16:19:07] DEBUG    | ib_insync.client       | <<< 6,2,NLVAndMarginInReview,false,,DUM165609
[2026-04-09 16:19:07] DEBUG    | ib_insync.client       | <<< 6,2,NetDividend,0.00,BASE,DUM165609
[2026-04-09 16:19:07] DEBUG    | ib_insync.client       | <<< 6,2,NetDividend,0.00,USD,DUM165609
[2026-04-09 16:19:07] DEBUG    | ib_insync.client       | <<< 6,2,NetLiquidation,244999.00,USD,DUM165609
[2026-04-09 16:19:07] DEBUG    | ib_insync.client       | <<< 6,2,NetLiquidation-P,0.00,USD,DUM165609
[2026-04-09 16:19:07] DEBUG    | ib_insync.client       | <<< 6,2,NetLiquidation-S,244999.00,USD,DUM165609
[2026-04-09 16:19:07] DEBUG    | ib_insync.client       | <<< 6,2,NetLiquidationByCurrency,244999.00,BASE,DUM165609
[2026-04-09 16:19:07] DEBUG    | ib_insync.client       | <<< 6,2,NetLiquidationByCurrency,244999.00,USD,DUM165609
[2026-04-09 16:19:07] DEBUG    | ib_insync.client       | <<< 6,2,NetLiquidationUncertainty,0.00,USD,DUM165609
[2026-04-09 16:19:07] DEBUG    | ib_insync.client       | <<< 6,2,OptionMarketValue,0.00,BASE,DUM165609
[2026-04-09 16:19:07] DEBUG    | ib_insync.client       | <<< 6,2,OptionMarketValue,0.00,USD,DUM165609
[2026-04-09 16:19:07] DEBUG    | ib_insync.client       | <<< 6,2,PASharesValue,0.00,USD,DUM165609
[2026-04-09 16:19:07] DEBUG    | ib_insync.client       | <<< 6,2,PASharesValue-P,0.00,USD,DUM165609
[2026-04-09 16:19:07] DEBUG    | ib_insync.client       | <<< 6,2,PASharesValue-S,0.00,USD,DUM165609
[2026-04-09 16:19:07] DEBUG    | ib_insync.client       | <<< 6,2,PhysicalCertificateValue,0.00,USD,DUM165609
[2026-04-09 16:19:07] DEBUG    | ib_insync.client       | <<< 6,2,PhysicalCertificateValue-P,0.00,USD,DUM165609
[2026-04-09 16:19:07] DEBUG    | ib_insync.client       | <<< 6,2,PhysicalCertificateValue-S,0.00,USD,DUM165609
[2026-04-09 16:19:07] DEBUG    | ib_insync.client       | <<< 6,2,PostExpirationExcess,0.00,USD,DUM165609
[2026-04-09 16:19:07] DEBUG    | ib_insync.client       | <<< 6,2,PostExpirationExcess-P,0.00,USD,DUM165609
[2026-04-09 16:19:07] DEBUG    | ib_insync.client       | <<< 6,2,PostExpirationExcess-S,0.00,USD,DUM165609
[2026-04-09 16:19:07] DEBUG    | ib_insync.client       | <<< 6,2,PostExpirationMargin,0.00,USD,DUM165609
[2026-04-09 16:19:07] DEBUG    | ib_insync.client       | <<< 6,2,PostExpirationMargin-P,0.00,USD,DUM165609
[2026-04-09 16:19:07] DEBUG    | ib_insync.client       | <<< 6,2,PostExpirationMargin-S,0.00,USD,DUM165609
[2026-04-09 16:19:07] DEBUG    | ib_insync.client       | <<< 6,2,RealCurrency,BASE,BASE,DUM165609
[2026-04-09 16:19:07] DEBUG    | ib_insync.client       | <<< 6,2,RealCurrency,USD,USD,DUM165609
[2026-04-09 16:19:07] DEBUG    | ib_insync.client       | <<< 6,2,RealizedPnL,0.00,BASE,DUM165609
[2026-04-09 16:19:07] DEBUG    | ib_insync.client       | <<< 6,2,RealizedPnL,0.00,USD,DUM165609
[2026-04-09 16:19:07] DEBUG    | ib_insync.client       | <<< 6,2,SegmentTitle-P,Crypto at Paxos,,DUM165609
[2026-04-09 16:19:07] DEBUG    | ib_insync.client       | <<< 6,2,SegmentTitle-S,Securities,,DUM165609
[2026-04-09 16:19:07] DEBUG    | ib_insync.client       | <<< 6,2,SettledCashByDate,20260409:245213.54;20260410:244857.29,,DUM165609
[2026-04-09 16:19:07] DEBUG    | ib_insync.client       | <<< 6,2,SettledCashByDate-P,20260409:0,,DUM165609
[2026-04-09 16:19:07] DEBUG    | ib_insync.client       | <<< 6,2,SettledCashByDate-S,20260409:245213.54;20260410:244857.29,,DUM165609
[2026-04-09 16:19:07] DEBUG    | ib_insync.client       | <<< 6,2,StockMarketValue,0.00,BASE,DUM165609
[2026-04-09 16:19:07] DEBUG    | ib_insync.client       | <<< 6,2,StockMarketValue,0.00,USD,DUM165609
[2026-04-09 16:19:07] DEBUG    | ib_insync.client       | <<< 6,2,TBillValue,0.00,BASE,DUM165609
[2026-04-09 16:19:07] DEBUG    | ib_insync.client       | <<< 6,2,TBillValue,0.00,USD,DUM165609
[2026-04-09 16:19:07] DEBUG    | ib_insync.client       | <<< 6,2,TBondValue,0.00,BASE,DUM165609
[2026-04-09 16:19:07] DEBUG    | ib_insync.client       | <<< 6,2,TBondValue,0.00,USD,DUM165609
[2026-04-09 16:19:07] DEBUG    | ib_insync.client       | <<< 6,2,TotalCashBalance,244857.29,BASE,DUM165609
[2026-04-09 16:19:07] DEBUG    | ib_insync.client       | <<< 6,2,TotalCashBalance,244857.29,USD,DUM165609
[2026-04-09 16:19:07] DEBUG    | ib_insync.client       | <<< 6,2,TotalCashValue,244857.29,USD,DUM165609
[2026-04-09 16:19:07] DEBUG    | ib_insync.client       | <<< 6,2,TotalCashValue-P,0.00,USD,DUM165609
[2026-04-09 16:19:07] DEBUG    | ib_insync.client       | <<< 6,2,TotalCashValue-S,244857.29,USD,DUM165609
[2026-04-09 16:19:07] DEBUG    | ib_insync.client       | <<< 6,2,TotalDebitCardPendingCharges,0.00,USD,DUM165609
[2026-04-09 16:19:07] DEBUG    | ib_insync.client       | <<< 6,2,TotalDebitCardPendingCharges-P,0.00,USD,DUM165609
[2026-04-09 16:19:07] DEBUG    | ib_insync.client       | <<< 6,2,TotalDebitCardPendingCharges-S,0.00,USD,DUM165609
[2026-04-09 16:19:07] DEBUG    | ib_insync.client       | <<< 6,2,TradingType-S,STKNOPT,,DUM165609
[2026-04-09 16:19:07] DEBUG    | ib_insync.client       | <<< 6,2,UnrealizedPnL,2315.64,BASE,DUM165609
[2026-04-09 16:19:07] DEBUG    | ib_insync.client       | <<< 6,2,UnrealizedPnL,2315.64,USD,DUM165609
[2026-04-09 16:19:07] DEBUG    | ib_insync.client       | <<< 6,2,WarrantValue,0.00,BASE,DUM165609
[2026-04-09 16:19:07] DEBUG    | ib_insync.client       | <<< 6,2,WarrantValue,0.00,USD,DUM165609
[2026-04-09 16:19:07] DEBUG    | ib_insync.client       | <<< 7,8,770561194,MES,FUT,20260618,0,0,5,CME,USD,MESM6,MES,3,6800.0,102000.0,33228.12,2315.64,0.0,DUM165609
[2026-04-09 16:19:07] INFO     | ib_insync.wrapper      | updatePortfolio: PortfolioItem(contract=Future(conId=770561194, symbol='MES', lastTradeDateOrContractMonth='20260618', right='0', multiplier='5', primaryExchange='CME', currency='USD', localSymbol='MESM6', tradingClass='MES'), position=3.0, marketPrice=6800.0, marketValue=102000.0, averageCost=33228.12, unrealizedPNL=2315.64, realizedPNL=0.0, account='DUM165609')
[2026-04-09 16:19:07] DEBUG    | ib_insync.client       | <<< 8,1,16:12
[2026-04-09 16:19:07] DEBUG    | ib_insync.client       | <<< 8,1,16:12
[2026-04-09 16:19:07] DEBUG    | ib_insync.client       | <<< 54,1,DUM165609
[2026-04-09 16:19:22] ERROR    | ib_insync.ib           | positions request timed out
[2026-04-09 16:19:22] ERROR    | ib_insync.ib           | open orders request timed out
[2026-04-09 16:19:22] ERROR    | ib_insync.ib           | completed orders request timed out
[2026-04-09 16:19:22] ERROR    | ib_insync.ib           | account updates for DUM165609 request timed out
[2026-04-09 16:19:22] DEBUG    | ib_insync.client       | >>> 7,3,24,0,,,,,,
[2026-04-09 16:19:22] DEBUG    | ib_insync.client       | <<< 55,1,24
[2026-04-09 16:19:22] INFO     | ib_insync.ib           | Synchronization complete
[2026-04-09 16:19:22] INFO     | trading.broker         | Connected to IBKR
[2026-04-09 16:19:22] INFO     | trading.strategy.mgc_pullback | ==================================================
[2026-04-09 16:19:22] INFO     | trading.strategy.mgc_pullback | EXECUTING STRATEGY: mgc_pullback
[2026-04-09 16:19:22] INFO     | trading.strategy.mgc_pullback | ==================================================
[2026-04-09 16:19:22] INFO     | trading.strategy.mgc_pullback | [1] Qualifying contracts...
[2026-04-09 16:19:22] DEBUG    | ib_insync.client       | >>> 9,8,25,0,MGC,FUT,202606,0.0,,,COMEX,,USD,,,0,,,
[2026-04-09 16:19:23] DEBUG    | ib_insync.client       | <<< 10,25,MGC,FUT,20260626 13:30:00 US/Eastern,0,,COMEX,USD,MGCM6,MGC,MGC,712565978,0.1,10,ACTIVETIM,AD,ADJUST,ALERT,ALGO,ALLOC,AVGCOST,BASKET,BENCHPX,COND,CONDORDER,DAY,DEACT,DEACTDIS,DEACTEOD,GAT,GTC,GTD,GTT,HID,ICE,IOC,LIT,LMT,LTH,MIT,MKT,MTL,NGCOMB,NONALGO,OCA,PEGBENCH,SCALE,SCALERST,SIZECHK,SNAPMID,SNAPMKT,SNAPREL,STP,STPLMT,TRAIL,TRAILLIT,TRAILLMT,TRAILMIT,WHATIF,COMEX,1,79702479,E-Micro Gold ,,202606,,,,US/Eastern,20260408:1800-20260409:1700;20260409:1800-20260410:1700;20260411:CLOSED;20260412:1800-20260413:1700;20260413:1800-20260414:1700;20260414:1800-20260415:1700,20260409:0930-20260409:1700;20260410:0930-20260410:1700;20260411:CLOSED;20260412:CLOSED;20260413:0930-20260413:1700;20260414:0930-20260414:1700;20260414:1800-20260415:1700,,,0,2147483647,MGC,IND,65,20260626,,1,1,1
[2026-04-09 16:19:23] DEBUG    | ib_insync.client       | <<< 52,1,25
[2026-04-09 16:19:23] INFO     | trading.broker         | Qualified contract: MGCM6  conId=712565978
[2026-04-09 16:19:23] DEBUG    | ib_insync.client       | >>> 9,8,26,0,GC,FUT,202606,0.0,,,COMEX,,USD,,,0,,,
[2026-04-09 16:19:23] DEBUG    | ib_insync.client       | <<< 6,2,Cushion,0.970409,,DUM165609
[2026-04-09 16:19:23] DEBUG    | ib_insync.client       | <<< 6,2,SettledCashByDate,20260409:245213.54;20260410:244902.23873047,,DUM165609
[2026-04-09 16:19:23] DEBUG    | ib_insync.client       | <<< 6,2,SettledCashByDate-S,20260409:245213.54;20260410:244902.23873047,,DUM165609
[2026-04-09 16:19:23] DEBUG    | ib_insync.client       | <<< 8,1,15:00
[2026-04-09 16:19:23] DEBUG    | ib_insync.client       | <<< 8,1,15:00
[2026-04-09 16:19:23] DEBUG    | ib_insync.client       | <<< 8,1,15:00
[2026-04-09 16:19:23] DEBUG    | ib_insync.client       | <<< 8,1,15:00
[2026-04-09 16:19:23] DEBUG    | ib_insync.client       | <<< 6,2,AvailableFunds,235859.96,USD,DUM165609
[2026-04-09 16:19:23] DEBUG    | ib_insync.client       | <<< 6,2,AvailableFunds-S,235859.96,USD,DUM165609
[2026-04-09 16:19:23] DEBUG    | ib_insync.client       | <<< 6,2,BuyingPower,1572399.76,USD,DUM165609
[2026-04-09 16:19:23] DEBUG    | ib_insync.client       | <<< 6,2,EquityWithLoanValue,245043.95,USD,DUM165609
[2026-04-09 16:19:23] DEBUG    | ib_insync.client       | <<< 6,2,EquityWithLoanValue-S,245043.95,USD,DUM165609
[2026-04-09 16:19:23] DEBUG    | ib_insync.client       | <<< 6,2,ExcessLiquidity,237792.83,USD,DUM165609
[2026-04-09 16:19:23] DEBUG    | ib_insync.client       | <<< 6,2,ExcessLiquidity-S,237792.83,USD,DUM165609
[2026-04-09 16:19:23] DEBUG    | ib_insync.client       | <<< 6,2,FullAvailableFunds,235859.96,USD,DUM165609
[2026-04-09 16:19:23] DEBUG    | ib_insync.client       | <<< 6,2,FullAvailableFunds-S,235859.96,USD,DUM165609
[2026-04-09 16:19:23] DEBUG    | ib_insync.client       | <<< 6,2,FullExcessLiquidity,237792.83,USD,DUM165609
[2026-04-09 16:19:23] DEBUG    | ib_insync.client       | <<< 6,2,FullExcessLiquidity-S,237792.83,USD,DUM165609
[2026-04-09 16:19:23] DEBUG    | ib_insync.client       | <<< 6,2,FullInitMarginReq,9183.99,USD,DUM165609
[2026-04-09 16:19:23] DEBUG    | ib_insync.client       | <<< 6,2,FullInitMarginReq-S,9183.99,USD,DUM165609
[2026-04-09 16:19:23] DEBUG    | ib_insync.client       | <<< 6,2,FullMaintMarginReq,7251.11,USD,DUM165609
[2026-04-09 16:19:23] DEBUG    | ib_insync.client       | <<< 6,2,FullMaintMarginReq-S,7251.11,USD,DUM165609
[2026-04-09 16:19:23] DEBUG    | ib_insync.client       | <<< 6,2,InitMarginReq,9183.99,USD,DUM165609
[2026-04-09 16:19:23] DEBUG    | ib_insync.client       | <<< 6,2,InitMarginReq-S,9183.99,USD,DUM165609
[2026-04-09 16:19:23] DEBUG    | ib_insync.client       | <<< 6,2,LookAheadAvailableFunds,238615.16,USD,DUM165609
[2026-04-09 16:19:23] DEBUG    | ib_insync.client       | <<< 6,2,LookAheadAvailableFunds-S,238615.16,USD,DUM165609
[2026-04-09 16:19:23] DEBUG    | ib_insync.client       | <<< 6,2,LookAheadExcessLiquidity,239968.17,USD,DUM165609
[2026-04-09 16:19:23] DEBUG    | ib_insync.client       | <<< 6,2,LookAheadExcessLiquidity-S,239968.17,USD,DUM165609
[2026-04-09 16:19:23] DEBUG    | ib_insync.client       | <<< 6,2,LookAheadInitMarginReq,6428.79,USD,DUM165609
[2026-04-09 16:19:23] DEBUG    | ib_insync.client       | <<< 6,2,LookAheadInitMarginReq-S,6428.79,USD,DUM165609
[2026-04-09 16:19:23] DEBUG    | ib_insync.client       | <<< 6,2,LookAheadMaintMarginReq,5075.78,USD,DUM165609
[2026-04-09 16:19:23] DEBUG    | ib_insync.client       | <<< 6,2,LookAheadMaintMarginReq-S,5075.78,USD,DUM165609
[2026-04-09 16:19:23] DEBUG    | ib_insync.client       | <<< 6,2,MaintMarginReq,7251.11,USD,DUM165609
[2026-04-09 16:19:23] DEBUG    | ib_insync.client       | <<< 6,2,MaintMarginReq-S,7251.11,USD,DUM165609
[2026-04-09 16:19:23] DEBUG    | ib_insync.client       | <<< 6,2,NetLiquidation,245043.95,USD,DUM165609
[2026-04-09 16:19:23] DEBUG    | ib_insync.client       | <<< 6,2,NetLiquidation-S,245043.95,USD,DUM165609
[2026-04-09 16:19:23] DEBUG    | ib_insync.client       | <<< 6,2,TotalCashValue,244902.24,USD,DUM165609
[2026-04-09 16:19:23] DEBUG    | ib_insync.client       | <<< 6,2,TotalCashValue-S,244902.24,USD,DUM165609
[2026-04-09 16:19:23] DEBUG    | ib_insync.client       | <<< 8,1,15:00
[2026-04-09 16:19:23] DEBUG    | ib_insync.client       | <<< 8,1,15:00
[2026-04-09 16:19:23] DEBUG    | ib_insync.client       | <<< 8,1,15:00
[2026-04-09 16:19:23] DEBUG    | ib_insync.client       | <<< 8,1,15:00
[2026-04-09 16:19:23] DEBUG    | ib_insync.client       | <<< 6,2,CashBalance,244902.2387,BASE,DUM165609
[2026-04-09 16:19:23] DEBUG    | ib_insync.client       | <<< 6,2,TotalCashBalance,244902.2387,BASE,DUM165609
[2026-04-09 16:19:23] DEBUG    | ib_insync.client       | <<< 6,2,FuturesPNL,-311.30,BASE,DUM165609
[2026-04-09 16:19:23] DEBUG    | ib_insync.client       | <<< 6,2,NetLiquidationByCurrency,245043.9487,BASE,DUM165609
[2026-04-09 16:19:23] DEBUG    | ib_insync.client       | <<< 6,2,UnrealizedPnL,2360.59,BASE,DUM165609
[2026-04-09 16:19:23] DEBUG    | ib_insync.client       | <<< 8,1,16:18
[2026-04-09 16:19:23] DEBUG    | ib_insync.client       | <<< 8,1,16:18
[2026-04-09 16:19:23] DEBUG    | ib_insync.client       | <<< 6,2,CashBalance,244902.2387,USD,DUM165609
[2026-04-09 16:19:23] DEBUG    | ib_insync.client       | <<< 6,2,TotalCashBalance,244902.2387,USD,DUM165609
[2026-04-09 16:19:23] DEBUG    | ib_insync.client       | <<< 6,2,FuturesPNL,-311.30,USD,DUM165609
[2026-04-09 16:19:23] DEBUG    | ib_insync.client       | <<< 6,2,NetLiquidationByCurrency,245043.9487,USD,DUM165609
[2026-04-09 16:19:23] DEBUG    | ib_insync.client       | <<< 6,2,UnrealizedPnL,2360.59,USD,DUM165609
[2026-04-09 16:19:23] DEBUG    | ib_insync.client       | <<< 8,1,16:18
[2026-04-09 16:19:23] DEBUG    | ib_insync.client       | <<< 8,1,16:18
[2026-04-09 16:19:23] DEBUG    | ib_insync.client       | <<< 7,8,770561194,MES,FUT,20260618,0,0,5,CME,USD,MESM6,MES,3,6802.99658205,102044.95,33228.12,2360.59,0.0,DUM165609
[2026-04-09 16:19:23] INFO     | ib_insync.wrapper      | updatePortfolio: PortfolioItem(contract=Future(conId=770561194, symbol='MES', lastTradeDateOrContractMonth='20260618', right='0', multiplier='5', primaryExchange='CME', currency='USD', localSymbol='MESM6', tradingClass='MES'), position=3.0, marketPrice=6802.99658205, marketValue=102044.95, averageCost=33228.12, unrealizedPNL=2360.59, realizedPNL=0.0, account='DUM165609')
[2026-04-09 16:19:23] DEBUG    | ib_insync.client       | <<< 8,1,16:18
[2026-04-09 16:19:23] DEBUG    | ib_insync.client       | <<< 54,1,DUM165609
[2026-04-09 16:19:23] DEBUG    | ib_insync.client       | <<< 61,3,DUM165609,770561194,MES,FUT,20260618,0.0,,5,,USD,MESM6,MES,3,33228.12
[2026-04-09 16:19:23] INFO     | ib_insync.wrapper      | position: Position(account='DUM165609', contract=Future(conId=770561194, symbol='MES', lastTradeDateOrContractMonth='20260618', multiplier='5', currency='USD', localSymbol='MESM6', tradingClass='MES'), position=3.0, avgCost=33228.12)
[2026-04-09 16:19:23] DEBUG    | ib_insync.client       | <<< 62,1
[2026-04-09 16:19:23] DEBUG    | ib_insync.client       | <<< 53,1
[2026-04-09 16:19:24] DEBUG    | ib_insync.client       | <<< 101,706903676,MGC,FUT,20260428,0,?,10,COMEX,USD,MGCJ6,MGC,BUY,1,LMT,4733.4,0.0,DAY,,DUM165609,,0,,541554248,0,0,0,,,,,,,,0,,,0,,-1,,,,,,2147483647,0,0,,3,0,,0,None,,0,0,0,,0,0,,,,0,0,0,2147483647,2147483647,,,,IB,0,0,,0,Cancelled,0,0,0,1.7976931348623157E308,1.7976931348623157E308,0,1,0,,0,2147483647,0,Not an insider or substantial shareholder,0,0,0,20260409 05:50:43 US/Eastern,Rejected by System:
This order does not comply with our order handling rules for derivatives subject to IBKR near-expiration and physical delivery risk policies.
Please refer to our website for further details.,,,,,
[2026-04-09 16:19:24] DEBUG    | ib_insync.client       | <<< 101,706903676,MGC,FUT,20260428,0,?,10,COMEX,USD,MGCJ6,MGC,SELL,1,LMT,4843.4,0.0,GTC,541554248,DUM165609,,0,,541554249,0,0,0,,,,,,,,0,,,0,,-1,,,,,,2147483647,0,0,,3,0,,0,None,,0,0,0,,0,0,,,,0,0,0,2147483647,2147483647,,,,IB,0,0,,0,Cancelled,0,0,0,1.7976931348623157E308,1.7976931348623157E308,0,1,0,,0,2147483647,0,Not an insider or substantial shareholder,0,0,541554248,20260409 05:50:43 US/Eastern,Cancelled by System:
,,,,,
[2026-04-09 16:19:24] DEBUG    | ib_insync.client       | <<< 101,706903676,MGC,FUT,20260428,0,?,10,COMEX,USD,MGCJ6,MGC,SELL,1,STP,0.0,4623.4,GTC,541554248,DUM165609,,0,,541554250,0,0,0,,,,,,,,0,,,0,,-1,,,,,,2147483647,0,0,,3,0,,0,None,,0,0,0,,0,0,,,,0,0,0,2147483647,2147483647,,,,IB,0,0,,0,Cancelled,0,0,0,4623.4,1.7976931348623157E308,0,1,0,,0,2147483647,0,Not an insider or substantial shareholder,0,0,541554248,20260409 05:50:43 US/Eastern,Cancelled by System:
,,,,,
[2026-04-09 16:19:24] DEBUG    | ib_insync.client       | <<< 101,706903676,MGC,FUT,20260428,0,?,10,COMEX,USD,MGCJ6,MGC,BUY,1,LMT,4735.0,0.0,GTC,,DUM165609,,0,,541554245,0,0,0,,,,,,,,0,,,0,,-1,,,,,,2147483647,0,0,,3,0,,0,None,,0,0,0,,0,0,,,,0,0,0,2147483647,2147483647,,,,IB,0,0,,0,Cancelled,0,0,0,1.7976931348623157E308,1.7976931348623157E308,0,1,0,,0,2147483647,0,Not an insider or substantial shareholder,0,0,0,20260409 05:49:58 US/Eastern,Rejected by System:
This order does not comply with our order handling rules for derivatives subject to IBKR near-expiration and physical delivery risk policies.
Please refer to our website for further details.,,,,,
[2026-04-09 16:19:24] DEBUG    | ib_insync.client       | <<< 101,706903676,MGC,FUT,20260428,0,?,10,COMEX,USD,MGCJ6,MGC,SELL,1,LMT,4845.0,0.0,GTC,541554245,DUM165609,,0,,541554246,0,0,0,,,,,,,,0,,,0,,-1,,,,,,2147483647,0,0,,3,0,,0,None,,0,0,0,,0,0,,,,0,0,0,2147483647,2147483647,,,,IB,0,0,,0,Cancelled,0,0,0,1.7976931348623157E308,1.7976931348623157E308,0,1,0,,0,2147483647,0,Not an insider or substantial shareholder,0,0,541554245,20260409 05:49:58 US/Eastern,Cancelled by System:
,,,,,
[2026-04-09 16:19:24] DEBUG    | ib_insync.client       | <<< 101,706903676,MGC,FUT,20260428,0,?,10,COMEX,USD,MGCJ6,MGC,SELL,1,STP,0.0,4625.0,GTC,541554245,DUM165609,,0,,541554247,0,0,0,,,,,,,,0,,,0,,-1,,,,,,2147483647,0,0,,3,0,,0,None,,0,0,0,,0,0,,,,0,0,0,2147483647,2147483647,,,,IB,0,0,,0,Cancelled,0,0,0,4625.0,1.7976931348623157E308,0,1,0,,0,2147483647,0,Not an insider or substantial shareholder,0,0,541554245,20260409 05:49:58 US/Eastern,Cancelled by System:
,,,,,
[2026-04-09 16:19:24] DEBUG    | ib_insync.client       | <<< 102
[2026-04-09 16:19:24] DEBUG    | ib_insync.client       | <<< 10,26,GC,FUT,20260626 13:30:00 US/Eastern,0,,COMEX,USD,GCM6,GC,GC,430360630,0.1,100,ACTIVETIM,AD,ADJUST,ALERT,ALGO,ALLOC,AVGCOST,BASKET,BENCHPX,COND,CONDORDER,DAY,DEACT,DEACTDIS,DEACTEOD,GAT,GTC,GTD,GTT,HID,ICE,IOC,LIT,LMT,LTH,MIT,MKT,MTL,NGCOMB,NONALGO,OCA,PEGBENCH,SCALE,SCALERST,SIZECHK,SNAPMID,SNAPMKT,SNAPREL,STP,STPLMT,TRAIL,TRAILLIT,TRAILLMT,TRAILMIT,WHATIF,COMEX,QBALGO,1,17340718,Gold,,202606,,,,US/Eastern,20260408:1800-20260409:1700;20260409:1800-20260410:1700;20260411:CLOSED;20260412:1800-20260413:1700;20260413:1800-20260414:1700;20260414:1800-20260415:1700,20260409:0930-20260409:1700;20260410:0930-20260410:1700;20260411:CLOSED;20260412:CLOSED;20260413:0930-20260413:1700;20260414:0930-20260414:1700;20260414:1800-20260415:1700,,,0,2147483647,GC,IND,65,65,20260626,,1,1,1
[2026-04-09 16:19:24] DEBUG    | ib_insync.client       | <<< 52,1,26
[2026-04-09 16:19:24] INFO     | trading.broker         | Qualified contract: GCM6  conId=430360630
[2026-04-09 16:19:24] INFO     | trading.strategy.mgc_pullback | [2] Fetching historical data...
[2026-04-09 16:19:24] DEBUG    | ib_insync.client       | >>> 9,8,27,0,GC,FUT,202606,0.0,,,COMEX,,USD,,,0,,,
[2026-04-09 16:19:24] DEBUG    | ib_insync.client       | <<< 4,2,-1,2106,HMDS data farm connection is OK:ushmds,
[2026-04-09 16:19:24] INFO     | ib_insync.wrapper      | Warning 2106, reqId -1: HMDS data farm connection is OK:ushmds
[2026-04-09 16:19:24] DEBUG    | ib_insync.client       | <<< 4,2,-1,2158,Sec-def data farm connection is OK:secdefil,
[2026-04-09 16:19:24] INFO     | ib_insync.wrapper      | Warning 2158, reqId -1: Sec-def data farm connection is OK:secdefil
[2026-04-09 16:19:24] DEBUG    | ib_insync.client       | <<< 10,27,GC,FUT,20260626 13:30:00 US/Eastern,0,,COMEX,USD,GCM6,GC,GC,430360630,0.1,100,ACTIVETIM,AD,ADJUST,ALERT,ALGO,ALLOC,AVGCOST,BASKET,BENCHPX,COND,CONDORDER,DAY,DEACT,DEACTDIS,DEACTEOD,GAT,GTC,GTD,GTT,HID,ICE,IOC,LIT,LMT,LTH,MIT,MKT,MTL,NGCOMB,NONALGO,OCA,PEGBENCH,SCALE,SCALERST,SIZECHK,SNAPMID,SNAPMKT,SNAPREL,STP,STPLMT,TRAIL,TRAILLIT,TRAILLMT,TRAILMIT,WHATIF,COMEX,QBALGO,1,17340718,Gold,,202606,,,,US/Eastern,20260408:1800-20260409:1700;20260409:1800-20260410:1700;20260411:CLOSED;20260412:1800-20260413:1700;20260413:1800-20260414:1700;20260414:1800-20260415:1700,20260409:0930-20260409:1700;20260410:0930-20260410:1700;20260411:CLOSED;20260412:CLOSED;20260413:0930-20260413:1700;20260414:0930-20260414:1700;20260414:1800-20260415:1700,,,0,2147483647,GC,IND,65,65,20260626,,1,1,1
[2026-04-09 16:19:24] DEBUG    | ib_insync.client       | <<< 52,1,27
[2026-04-09 16:19:24] INFO     | trading.broker         | Qualified contract: GCM6  conId=430360630
[2026-04-09 16:19:24] DEBUG    | ib_insync.client       | >>> 20,28,430360630,GC,FUT,20260626,0.0,,100,COMEX,,USD,GCM6,GC,0,,1 day,20 Y,0,TRADES,2,0,
[2026-04-09 16:19:25] DEBUG    | ib_insync.client       | <<< 4,2,-1,2104,Market data farm connection is OK:usfarm,
[2026-04-09 16:19:25] INFO     | ib_insync.wrapper      | Warning 2104, reqId -1: Market data farm connection is OK:usfarm
[2026-04-09 16:19:25] DEBUG    | ib_insync.client       | <<< 4,2,28,162,Historical Market Data Service error message:Trading TWS session is connected from a different IP address,
[2026-04-09 16:19:25] ERROR    | ib_insync.wrapper      | Error 162, reqId 28: Historical Market Data Service error message:Trading TWS session is connected from a different IP address, contract: Future(conId=430360630, symbol='GC', lastTradeDateOrContractMonth='20260626', multiplier='100', exchange='COMEX', currency='USD', localSymbol='GCM6', tradingClass='GC')
[2026-04-09 16:19:25] ERROR    | trading.main           | Strategy 'mgc_pullback' failed
Traceback (most recent call last):
  File "/Users/rishabhmaniyar/Downloads/trading_framework/main.py", line 227, in main
    strat.execute()
  File "/Users/rishabhmaniyar/Downloads/trading_framework/strategies/base_strategy.py", line 109, in execute
    df = self.fetch_data()
         ^^^^^^^^^^^^^^^^^
  File "/Users/rishabhmaniyar/Downloads/trading_framework/strategies/mgc_pullback.py", line 48, in fetch_data
    return self.broker.fetch_historical_bars(data_ct)
           ^^^^^^^^^^^^^^^^^^^^^^^^^^^^^^^^^^^^^^^^^^
  File "/Users/rishabhmaniyar/Downloads/trading_framework/execution/broker.py", line 125, in fetch_historical_bars
    raise RuntimeError("No historical bars returned")
RuntimeError: No historical bars returned
[2026-04-09 16:19:25] INFO     | ib_insync.ib           | Disconnecting from 127.0.0.1:4002, 366 B sent in 12 messages, 15.6 kB received in 237 messages, session time 18.1 s.
[2026-04-09 16:19:25] INFO     | ib_insync.client       | Disconnecting
[2026-04-09 16:19:25] INFO     | trading.broker         | Disconnected from IBKR
[2026-04-09 16:19:25] INFO     | trading.db             | Database connection closed
[2026-04-09 16:19:25] INFO     | trading.main           | ALL STRATEGIES COMPLETE
[2026-04-09 16:19:35] DEBUG    | asyncio                | Using selector: KqueueSelector
[2026-04-09 16:19:35] INFO     | trading.main           | ============================================================
[2026-04-09 16:19:35] INFO     | trading.main           |   TRADING FRAMEWORK – STARTING
[2026-04-09 16:19:35] INFO     | trading.main           | ============================================================
[2026-04-09 16:19:35] INFO     | trading.db             | Database ready at /Users/rishabhmaniyar/Downloads/trading_framework/data/trading.db
[2026-04-09 16:19:35] INFO     | trading.broker         | Connecting to IBKR 127.0.0.1:4002 (attempt 1/3)
[2026-04-09 16:19:35] INFO     | ib_insync.client       | Connecting to 127.0.0.1:4002 with clientId 27...
[2026-04-09 16:19:35] INFO     | ib_insync.client       | Connected
[2026-04-09 16:19:35] DEBUG    | ib_insync.client       | <<< 176,20260409 16:19:34 India Standard Time
[2026-04-09 16:19:35] DEBUG    | ib_insync.client       | >>> 71,2,27,
[2026-04-09 16:19:35] INFO     | ib_insync.client       | Logged on to server version 176
[2026-04-09 16:19:35] DEBUG    | ib_insync.client       | <<< 15,1,DUM165609
[2026-04-09 16:19:35] DEBUG    | ib_insync.client       | <<< 9,1,23
[2026-04-09 16:19:35] INFO     | ib_insync.client       | API connection ready
[2026-04-09 16:19:35] DEBUG    | ib_insync.client       | >>> 61,1
[2026-04-09 16:19:35] DEBUG    | ib_insync.client       | >>> 5,1
[2026-04-09 16:19:35] DEBUG    | ib_insync.client       | >>> 99,0
[2026-04-09 16:19:35] DEBUG    | ib_insync.client       | >>> 6,2,1,DUM165609
[2026-04-09 16:19:35] DEBUG    | ib_insync.client       | >>> 76,1,23,DUM165609,,0
[2026-04-09 16:19:35] DEBUG    | ib_insync.client       | <<< 4,2,-1,2104,Market data farm connection is OK:usfarm,
[2026-04-09 16:19:35] INFO     | ib_insync.wrapper      | Warning 2104, reqId -1: Market data farm connection is OK:usfarm
[2026-04-09 16:19:35] DEBUG    | ib_insync.client       | <<< 4,2,-1,2106,HMDS data farm connection is OK:ushmds,
[2026-04-09 16:19:35] INFO     | ib_insync.wrapper      | Warning 2106, reqId -1: HMDS data farm connection is OK:ushmds
[2026-04-09 16:19:35] DEBUG    | ib_insync.client       | <<< 4,2,-1,2158,Sec-def data farm connection is OK:secdefil,
[2026-04-09 16:19:35] INFO     | ib_insync.wrapper      | Warning 2158, reqId -1: Sec-def data farm connection is OK:secdefil
[2026-04-09 16:19:36] DEBUG    | ib_insync.client       | <<< 61,3,DUM165609,770561194,MES,FUT,20260618,0.0,,5,,USD,MESM6,MES,3,33228.12
[2026-04-09 16:19:36] INFO     | ib_insync.wrapper      | position: Position(account='DUM165609', contract=Future(conId=770561194, symbol='MES', lastTradeDateOrContractMonth='20260618', multiplier='5', currency='USD', localSymbol='MESM6', tradingClass='MES'), position=3.0, avgCost=33228.12)
[2026-04-09 16:19:36] DEBUG    | ib_insync.client       | <<< 62,1
[2026-04-09 16:19:36] DEBUG    | ib_insync.client       | <<< 53,1
[2026-04-09 16:19:36] DEBUG    | ib_insync.client       | <<< 101,706903676,MGC,FUT,20260428,0,?,10,COMEX,USD,MGCJ6,MGC,BUY,1,LMT,4733.4,0.0,DAY,,DUM165609,,0,,541554248,0,0,0,,,,,,,,0,,,0,,-1,,,,,,2147483647,0,0,,3,0,,0,None,,0,0,0,,0,0,,,,0,0,0,2147483647,2147483647,,,,IB,0,0,,0,Cancelled,0,0,0,1.7976931348623157E308,1.7976931348623157E308,0,1,0,,0,2147483647,0,Not an insider or substantial shareholder,0,0,0,20260409 05:50:43 US/Eastern,Rejected by System:
This order does not comply with our order handling rules for derivatives subject to IBKR near-expiration and physical delivery risk policies.
Please refer to our website for further details.,,,,,
[2026-04-09 16:19:36] DEBUG    | ib_insync.client       | <<< 101,706903676,MGC,FUT,20260428,0,?,10,COMEX,USD,MGCJ6,MGC,SELL,1,LMT,4843.4,0.0,GTC,541554248,DUM165609,,0,,541554249,0,0,0,,,,,,,,0,,,0,,-1,,,,,,2147483647,0,0,,3,0,,0,None,,0,0,0,,0,0,,,,0,0,0,2147483647,2147483647,,,,IB,0,0,,0,Cancelled,0,0,0,1.7976931348623157E308,1.7976931348623157E308,0,1,0,,0,2147483647,0,Not an insider or substantial shareholder,0,0,541554248,20260409 05:50:43 US/Eastern,Cancelled by System:
,,,,,
[2026-04-09 16:19:36] DEBUG    | ib_insync.client       | <<< 101,706903676,MGC,FUT,20260428,0,?,10,COMEX,USD,MGCJ6,MGC,SELL,1,STP,0.0,4623.4,GTC,541554248,DUM165609,,0,,541554250,0,0,0,,,,,,,,0,,,0,,-1,,,,,,2147483647,0,0,,3,0,,0,None,,0,0,0,,0,0,,,,0,0,0,2147483647,2147483647,,,,IB,0,0,,0,Cancelled,0,0,0,4623.4,1.7976931348623157E308,0,1,0,,0,2147483647,0,Not an insider or substantial shareholder,0,0,541554248,20260409 05:50:43 US/Eastern,Cancelled by System:
,,,,,
[2026-04-09 16:19:36] DEBUG    | ib_insync.client       | <<< 101,706903676,MGC,FUT,20260428,0,?,10,COMEX,USD,MGCJ6,MGC,BUY,1,LMT,4735.0,0.0,GTC,,DUM165609,,0,,541554245,0,0,0,,,,,,,,0,,,0,,-1,,,,,,2147483647,0,0,,3,0,,0,None,,0,0,0,,0,0,,,,0,0,0,2147483647,2147483647,,,,IB,0,0,,0,Cancelled,0,0,0,1.7976931348623157E308,1.7976931348623157E308,0,1,0,,0,2147483647,0,Not an insider or substantial shareholder,0,0,0,20260409 05:49:58 US/Eastern,Rejected by System:
This order does not comply with our order handling rules for derivatives subject to IBKR near-expiration and physical delivery risk policies.
Please refer to our website for further details.,,,,,
[2026-04-09 16:19:36] DEBUG    | ib_insync.client       | <<< 101,706903676,MGC,FUT,20260428,0,?,10,COMEX,USD,MGCJ6,MGC,SELL,1,LMT,4845.0,0.0,GTC,541554245,DUM165609,,0,,541554246,0,0,0,,,,,,,,0,,,0,,-1,,,,,,2147483647,0,0,,3,0,,0,None,,0,0,0,,0,0,,,,0,0,0,2147483647,2147483647,,,,IB,0,0,,0,Cancelled,0,0,0,1.7976931348623157E308,1.7976931348623157E308,0,1,0,,0,2147483647,0,Not an insider or substantial shareholder,0,0,541554245,20260409 05:49:58 US/Eastern,Cancelled by System:
,,,,,
[2026-04-09 16:19:36] DEBUG    | ib_insync.client       | <<< 101,706903676,MGC,FUT,20260428,0,?,10,COMEX,USD,MGCJ6,MGC,SELL,1,STP,0.0,4625.0,GTC,541554245,DUM165609,,0,,541554247,0,0,0,,,,,,,,0,,,0,,-1,,,,,,2147483647,0,0,,3,0,,0,None,,0,0,0,,0,0,,,,0,0,0,2147483647,2147483647,,,,IB,0,0,,0,Cancelled,0,0,0,4625.0,1.7976931348623157E308,0,1,0,,0,2147483647,0,Not an insider or substantial shareholder,0,0,541554245,20260409 05:49:58 US/Eastern,Cancelled by System:
,,,,,
[2026-04-09 16:19:36] DEBUG    | ib_insync.client       | <<< 102
[2026-04-09 16:19:36] DEBUG    | ib_insync.client       | <<< 6,2,AccountCode,DUM165609,,DUM165609
[2026-04-09 16:19:36] DEBUG    | ib_insync.client       | <<< 6,2,AccountOrGroup,DUM165609,BASE,DUM165609
[2026-04-09 16:19:36] DEBUG    | ib_insync.client       | <<< 6,2,AccountOrGroup,DUM165609,USD,DUM165609
[2026-04-09 16:19:36] DEBUG    | ib_insync.client       | <<< 6,2,AccountReady,true,,DUM165609
[2026-04-09 16:19:36] DEBUG    | ib_insync.client       | <<< 6,2,AccountType,CORPORATION,,DUM165609
[2026-04-09 16:19:36] DEBUG    | ib_insync.client       | <<< 6,2,AccruedCash,141.71,BASE,DUM165609
[2026-04-09 16:19:36] DEBUG    | ib_insync.client       | <<< 6,2,AccruedCash,141.71,USD,DUM165609
[2026-04-09 16:19:36] DEBUG    | ib_insync.client       | <<< 6,2,AccruedCash-P,0.00,USD,DUM165609
[2026-04-09 16:19:36] DEBUG    | ib_insync.client       | <<< 6,2,AccruedCash-S,141.71,USD,DUM165609
[2026-04-09 16:19:36] DEBUG    | ib_insync.client       | <<< 6,2,AccruedDividend,0.00,USD,DUM165609
[2026-04-09 16:19:36] DEBUG    | ib_insync.client       | <<< 6,2,AccruedDividend-P,0.00,USD,DUM165609
[2026-04-09 16:19:36] DEBUG    | ib_insync.client       | <<< 6,2,AccruedDividend-S,0.00,USD,DUM165609
[2026-04-09 16:19:36] DEBUG    | ib_insync.client       | <<< 6,2,AvailableFunds,235859.96,USD,DUM165609
[2026-04-09 16:19:36] DEBUG    | ib_insync.client       | <<< 6,2,AvailableFunds-P,0.00,USD,DUM165609
[2026-04-09 16:19:36] DEBUG    | ib_insync.client       | <<< 6,2,AvailableFunds-S,235859.96,USD,DUM165609
[2026-04-09 16:19:36] DEBUG    | ib_insync.client       | <<< 6,2,Billable,0.00,USD,DUM165609
[2026-04-09 16:19:36] DEBUG    | ib_insync.client       | <<< 6,2,Billable-P,0.00,USD,DUM165609
[2026-04-09 16:19:36] DEBUG    | ib_insync.client       | <<< 6,2,Billable-S,0.00,USD,DUM165609
[2026-04-09 16:19:36] DEBUG    | ib_insync.client       | <<< 6,2,BuyingPower,1572399.76,USD,DUM165609
[2026-04-09 16:19:36] DEBUG    | ib_insync.client       | <<< 6,2,CashBalance,244902.2387,BASE,DUM165609
[2026-04-09 16:19:36] DEBUG    | ib_insync.client       | <<< 6,2,CashBalance,244902.2387,USD,DUM165609
[2026-04-09 16:19:36] DEBUG    | ib_insync.client       | <<< 6,2,ColumnPrio-P,5,,DUM165609
[2026-04-09 16:19:36] DEBUG    | ib_insync.client       | <<< 6,2,ColumnPrio-S,1,,DUM165609
[2026-04-09 16:19:36] DEBUG    | ib_insync.client       | <<< 6,2,CorporateBondValue,0.00,BASE,DUM165609
[2026-04-09 16:19:36] DEBUG    | ib_insync.client       | <<< 6,2,CorporateBondValue,0.00,USD,DUM165609
[2026-04-09 16:19:36] DEBUG    | ib_insync.client       | <<< 6,2,Cryptocurrency,0.00,BASE,DUM165609
[2026-04-09 16:19:36] DEBUG    | ib_insync.client       | <<< 6,2,Cryptocurrency,0.00,USD,DUM165609
[2026-04-09 16:19:36] DEBUG    | ib_insync.client       | <<< 6,2,Currency,BASE,BASE,DUM165609
[2026-04-09 16:19:36] DEBUG    | ib_insync.client       | <<< 6,2,Currency,USD,USD,DUM165609
[2026-04-09 16:19:36] DEBUG    | ib_insync.client       | <<< 6,2,Cushion,0.970409,,DUM165609
[2026-04-09 16:19:36] DEBUG    | ib_insync.client       | <<< 6,2,EquityWithLoanValue,245043.95,USD,DUM165609
[2026-04-09 16:19:36] DEBUG    | ib_insync.client       | <<< 6,2,EquityWithLoanValue-P,0.00,USD,DUM165609
[2026-04-09 16:19:36] DEBUG    | ib_insync.client       | <<< 6,2,EquityWithLoanValue-S,245043.95,USD,DUM165609
[2026-04-09 16:19:36] DEBUG    | ib_insync.client       | <<< 6,2,ExcessLiquidity,237792.83,USD,DUM165609
[2026-04-09 16:19:36] DEBUG    | ib_insync.client       | <<< 6,2,ExcessLiquidity-P,0.00,USD,DUM165609
[2026-04-09 16:19:36] DEBUG    | ib_insync.client       | <<< 6,2,ExcessLiquidity-S,237792.83,USD,DUM165609
[2026-04-09 16:19:36] DEBUG    | ib_insync.client       | <<< 6,2,ExchangeRate,1.00,BASE,DUM165609
[2026-04-09 16:19:36] DEBUG    | ib_insync.client       | <<< 6,2,ExchangeRate,1.00,USD,DUM165609
[2026-04-09 16:19:36] DEBUG    | ib_insync.client       | <<< 6,2,FullAvailableFunds,235859.96,USD,DUM165609
[2026-04-09 16:19:36] DEBUG    | ib_insync.client       | <<< 6,2,FullAvailableFunds-P,0.00,USD,DUM165609
[2026-04-09 16:19:36] DEBUG    | ib_insync.client       | <<< 6,2,FullAvailableFunds-S,235859.96,USD,DUM165609
[2026-04-09 16:19:36] DEBUG    | ib_insync.client       | <<< 6,2,FullExcessLiquidity,237792.83,USD,DUM165609
[2026-04-09 16:19:36] DEBUG    | ib_insync.client       | <<< 6,2,FullExcessLiquidity-P,0.00,USD,DUM165609
[2026-04-09 16:19:36] DEBUG    | ib_insync.client       | <<< 6,2,FullExcessLiquidity-S,237792.83,USD,DUM165609
[2026-04-09 16:19:36] DEBUG    | ib_insync.client       | <<< 6,2,FullInitMarginReq,9183.99,USD,DUM165609
[2026-04-09 16:19:36] DEBUG    | ib_insync.client       | <<< 6,2,FullInitMarginReq-P,0.00,USD,DUM165609
[2026-04-09 16:19:36] DEBUG    | ib_insync.client       | <<< 6,2,FullInitMarginReq-S,9183.99,USD,DUM165609
[2026-04-09 16:19:36] DEBUG    | ib_insync.client       | <<< 6,2,FullMaintMarginReq,7251.11,USD,DUM165609
[2026-04-09 16:19:36] DEBUG    | ib_insync.client       | <<< 6,2,FullMaintMarginReq-P,0.00,USD,DUM165609
[2026-04-09 16:19:36] DEBUG    | ib_insync.client       | <<< 6,2,FullMaintMarginReq-S,7251.11,USD,DUM165609
[2026-04-09 16:19:36] DEBUG    | ib_insync.client       | <<< 6,2,FundValue,0.00,BASE,DUM165609
[2026-04-09 16:19:36] DEBUG    | ib_insync.client       | <<< 6,2,FundValue,0.00,USD,DUM165609
[2026-04-09 16:19:36] DEBUG    | ib_insync.client       | <<< 6,2,FutureOptionValue,0.00,BASE,DUM165609
[2026-04-09 16:19:36] DEBUG    | ib_insync.client       | <<< 6,2,FutureOptionValue,0.00,USD,DUM165609
[2026-04-09 16:19:36] DEBUG    | ib_insync.client       | <<< 6,2,FuturesPNL,-311.30,BASE,DUM165609
[2026-04-09 16:19:36] DEBUG    | ib_insync.client       | <<< 6,2,FuturesPNL,-311.30,USD,DUM165609
[2026-04-09 16:19:36] DEBUG    | ib_insync.client       | <<< 6,2,FxCashBalance,0.00,BASE,DUM165609
[2026-04-09 16:19:36] DEBUG    | ib_insync.client       | <<< 6,2,FxCashBalance,0.00,USD,DUM165609
[2026-04-09 16:19:36] DEBUG    | ib_insync.client       | <<< 6,2,GrossPositionValue,0.00,USD,DUM165609
[2026-04-09 16:19:36] DEBUG    | ib_insync.client       | <<< 6,2,GrossPositionValue-S,0.00,USD,DUM165609
[2026-04-09 16:19:36] DEBUG    | ib_insync.client       | <<< 6,2,Guarantee,0.00,USD,DUM165609
[2026-04-09 16:19:36] DEBUG    | ib_insync.client       | <<< 6,2,Guarantee-P,0.00,USD,DUM165609
[2026-04-09 16:19:36] DEBUG    | ib_insync.client       | <<< 6,2,Guarantee-S,0.00,USD,DUM165609
[2026-04-09 16:19:36] DEBUG    | ib_insync.client       | <<< 6,2,IncentiveCoupons,0.00,USD,DUM165609
[2026-04-09 16:19:36] DEBUG    | ib_insync.client       | <<< 6,2,IncentiveCoupons-P,0.00,USD,DUM165609
[2026-04-09 16:19:36] DEBUG    | ib_insync.client       | <<< 6,2,IncentiveCoupons-S,0.00,USD,DUM165609
[2026-04-09 16:19:36] DEBUG    | ib_insync.client       | <<< 6,2,IndianStockHaircut,0.00,USD,DUM165609
[2026-04-09 16:19:36] DEBUG    | ib_insync.client       | <<< 6,2,IndianStockHaircut-P,0.00,USD,DUM165609
[2026-04-09 16:19:36] DEBUG    | ib_insync.client       | <<< 6,2,IndianStockHaircut-S,0.00,USD,DUM165609
[2026-04-09 16:19:36] DEBUG    | ib_insync.client       | <<< 6,2,InitMarginReq,9183.99,USD,DUM165609
[2026-04-09 16:19:36] DEBUG    | ib_insync.client       | <<< 6,2,InitMarginReq-P,0.00,USD,DUM165609
[2026-04-09 16:19:36] DEBUG    | ib_insync.client       | <<< 6,2,InitMarginReq-S,9183.99,USD,DUM165609
[2026-04-09 16:19:36] DEBUG    | ib_insync.client       | <<< 6,2,IssuerOptionValue,0.00,BASE,DUM165609
[2026-04-09 16:19:36] DEBUG    | ib_insync.client       | <<< 6,2,IssuerOptionValue,0.00,USD,DUM165609
[2026-04-09 16:19:36] DEBUG    | ib_insync.client       | <<< 6,2,Leverage-S,0.00,,DUM165609
[2026-04-09 16:19:36] DEBUG    | ib_insync.client       | <<< 6,2,LookAheadAvailableFunds,238615.16,USD,DUM165609
[2026-04-09 16:19:36] DEBUG    | ib_insync.client       | <<< 6,2,LookAheadAvailableFunds-P,0.00,USD,DUM165609
[2026-04-09 16:19:36] DEBUG    | ib_insync.client       | <<< 6,2,LookAheadAvailableFunds-S,238615.16,USD,DUM165609
[2026-04-09 16:19:36] DEBUG    | ib_insync.client       | <<< 6,2,LookAheadExcessLiquidity,239968.17,USD,DUM165609
[2026-04-09 16:19:36] DEBUG    | ib_insync.client       | <<< 6,2,LookAheadExcessLiquidity-P,0.00,USD,DUM165609
[2026-04-09 16:19:36] DEBUG    | ib_insync.client       | <<< 6,2,LookAheadExcessLiquidity-S,239968.17,USD,DUM165609
[2026-04-09 16:19:36] DEBUG    | ib_insync.client       | <<< 6,2,LookAheadInitMarginReq,6428.79,USD,DUM165609
[2026-04-09 16:19:36] DEBUG    | ib_insync.client       | <<< 6,2,LookAheadInitMarginReq-P,0.00,USD,DUM165609
[2026-04-09 16:19:36] DEBUG    | ib_insync.client       | <<< 6,2,LookAheadInitMarginReq-S,6428.79,USD,DUM165609
[2026-04-09 16:19:36] DEBUG    | ib_insync.client       | <<< 6,2,LookAheadMaintMarginReq,5075.78,USD,DUM165609
[2026-04-09 16:19:36] DEBUG    | ib_insync.client       | <<< 6,2,LookAheadMaintMarginReq-P,0.00,USD,DUM165609
[2026-04-09 16:19:36] DEBUG    | ib_insync.client       | <<< 6,2,LookAheadMaintMarginReq-S,5075.78,USD,DUM165609
[2026-04-09 16:19:36] DEBUG    | ib_insync.client       | <<< 6,2,LookAheadNextChange,1775741400,,DUM165609
[2026-04-09 16:19:36] DEBUG    | ib_insync.client       | <<< 6,2,MaintMarginReq,7251.11,USD,DUM165609
[2026-04-09 16:19:36] DEBUG    | ib_insync.client       | <<< 6,2,MaintMarginReq-P,0.00,USD,DUM165609
[2026-04-09 16:19:36] DEBUG    | ib_insync.client       | <<< 6,2,MaintMarginReq-S,7251.11,USD,DUM165609
[2026-04-09 16:19:36] DEBUG    | ib_insync.client       | <<< 6,2,MoneyMarketFundValue,0.00,BASE,DUM165609
[2026-04-09 16:19:36] DEBUG    | ib_insync.client       | <<< 6,2,MoneyMarketFundValue,0.00,USD,DUM165609
[2026-04-09 16:19:36] DEBUG    | ib_insync.client       | <<< 6,2,MutualFundValue,0.00,BASE,DUM165609
[2026-04-09 16:19:36] DEBUG    | ib_insync.client       | <<< 6,2,MutualFundValue,0.00,USD,DUM165609
[2026-04-09 16:19:36] DEBUG    | ib_insync.client       | <<< 6,2,NLVAndMarginInReview,false,,DUM165609
[2026-04-09 16:19:36] DEBUG    | ib_insync.client       | <<< 6,2,NetDividend,0.00,BASE,DUM165609
[2026-04-09 16:19:36] DEBUG    | ib_insync.client       | <<< 6,2,NetDividend,0.00,USD,DUM165609
[2026-04-09 16:19:36] DEBUG    | ib_insync.client       | <<< 6,2,NetLiquidation,245043.95,USD,DUM165609
[2026-04-09 16:19:36] DEBUG    | ib_insync.client       | <<< 6,2,NetLiquidation-P,0.00,USD,DUM165609
[2026-04-09 16:19:36] DEBUG    | ib_insync.client       | <<< 6,2,NetLiquidation-S,245043.95,USD,DUM165609
[2026-04-09 16:19:36] DEBUG    | ib_insync.client       | <<< 6,2,NetLiquidationByCurrency,245043.9487,BASE,DUM165609
[2026-04-09 16:19:36] DEBUG    | ib_insync.client       | <<< 6,2,NetLiquidationByCurrency,245043.9487,USD,DUM165609
[2026-04-09 16:19:36] DEBUG    | ib_insync.client       | <<< 6,2,NetLiquidationUncertainty,0.00,USD,DUM165609
[2026-04-09 16:19:36] DEBUG    | ib_insync.client       | <<< 6,2,OptionMarketValue,0.00,BASE,DUM165609
[2026-04-09 16:19:36] DEBUG    | ib_insync.client       | <<< 6,2,OptionMarketValue,0.00,USD,DUM165609
[2026-04-09 16:19:36] DEBUG    | ib_insync.client       | <<< 6,2,PASharesValue,0.00,USD,DUM165609
[2026-04-09 16:19:36] DEBUG    | ib_insync.client       | <<< 6,2,PASharesValue-P,0.00,USD,DUM165609
[2026-04-09 16:19:36] DEBUG    | ib_insync.client       | <<< 6,2,PASharesValue-S,0.00,USD,DUM165609
[2026-04-09 16:19:36] DEBUG    | ib_insync.client       | <<< 6,2,PhysicalCertificateValue,0.00,USD,DUM165609
[2026-04-09 16:19:36] DEBUG    | ib_insync.client       | <<< 6,2,PhysicalCertificateValue-P,0.00,USD,DUM165609
[2026-04-09 16:19:36] DEBUG    | ib_insync.client       | <<< 6,2,PhysicalCertificateValue-S,0.00,USD,DUM165609
[2026-04-09 16:19:36] DEBUG    | ib_insync.client       | <<< 6,2,PostExpirationExcess,0.00,USD,DUM165609
[2026-04-09 16:19:36] DEBUG    | ib_insync.client       | <<< 6,2,PostExpirationExcess-P,0.00,USD,DUM165609
[2026-04-09 16:19:36] DEBUG    | ib_insync.client       | <<< 6,2,PostExpirationExcess-S,0.00,USD,DUM165609
[2026-04-09 16:19:36] DEBUG    | ib_insync.client       | <<< 6,2,PostExpirationMargin,0.00,USD,DUM165609
[2026-04-09 16:19:36] DEBUG    | ib_insync.client       | <<< 6,2,PostExpirationMargin-P,0.00,USD,DUM165609
[2026-04-09 16:19:36] DEBUG    | ib_insync.client       | <<< 6,2,PostExpirationMargin-S,0.00,USD,DUM165609
[2026-04-09 16:19:36] DEBUG    | ib_insync.client       | <<< 6,2,RealCurrency,BASE,BASE,DUM165609
[2026-04-09 16:19:36] DEBUG    | ib_insync.client       | <<< 6,2,RealCurrency,USD,USD,DUM165609
[2026-04-09 16:19:36] DEBUG    | ib_insync.client       | <<< 6,2,RealizedPnL,0.00,BASE,DUM165609
[2026-04-09 16:19:36] DEBUG    | ib_insync.client       | <<< 6,2,RealizedPnL,0.00,USD,DUM165609
[2026-04-09 16:19:36] DEBUG    | ib_insync.client       | <<< 6,2,SegmentTitle-P,Crypto at Paxos,,DUM165609
[2026-04-09 16:19:36] DEBUG    | ib_insync.client       | <<< 6,2,SegmentTitle-S,Securities,,DUM165609
[2026-04-09 16:19:36] DEBUG    | ib_insync.client       | <<< 6,2,SettledCashByDate,20260409:245213.54;20260410:244902.23873047,,DUM165609
[2026-04-09 16:19:36] DEBUG    | ib_insync.client       | <<< 6,2,SettledCashByDate-P,20260409:0,,DUM165609
[2026-04-09 16:19:36] DEBUG    | ib_insync.client       | <<< 6,2,SettledCashByDate-S,20260409:245213.54;20260410:244902.23873047,,DUM165609
[2026-04-09 16:19:36] DEBUG    | ib_insync.client       | <<< 6,2,StockMarketValue,0.00,BASE,DUM165609
[2026-04-09 16:19:36] DEBUG    | ib_insync.client       | <<< 6,2,StockMarketValue,0.00,USD,DUM165609
[2026-04-09 16:19:36] DEBUG    | ib_insync.client       | <<< 6,2,TBillValue,0.00,BASE,DUM165609
[2026-04-09 16:19:36] DEBUG    | ib_insync.client       | <<< 6,2,TBillValue,0.00,USD,DUM165609
[2026-04-09 16:19:36] DEBUG    | ib_insync.client       | <<< 6,2,TBondValue,0.00,BASE,DUM165609
[2026-04-09 16:19:36] DEBUG    | ib_insync.client       | <<< 6,2,TBondValue,0.00,USD,DUM165609
[2026-04-09 16:19:36] DEBUG    | ib_insync.client       | <<< 6,2,TotalCashBalance,244902.2387,BASE,DUM165609
[2026-04-09 16:19:36] DEBUG    | ib_insync.client       | <<< 6,2,TotalCashBalance,244902.2387,USD,DUM165609
[2026-04-09 16:19:36] DEBUG    | ib_insync.client       | <<< 6,2,TotalCashValue,244902.24,USD,DUM165609
[2026-04-09 16:19:36] DEBUG    | ib_insync.client       | <<< 6,2,TotalCashValue-P,0.00,USD,DUM165609
[2026-04-09 16:19:36] DEBUG    | ib_insync.client       | <<< 6,2,TotalCashValue-S,244902.24,USD,DUM165609
[2026-04-09 16:19:36] DEBUG    | ib_insync.client       | <<< 6,2,TotalDebitCardPendingCharges,0.00,USD,DUM165609
[2026-04-09 16:19:36] DEBUG    | ib_insync.client       | <<< 6,2,TotalDebitCardPendingCharges-P,0.00,USD,DUM165609
[2026-04-09 16:19:36] DEBUG    | ib_insync.client       | <<< 6,2,TotalDebitCardPendingCharges-S,0.00,USD,DUM165609
[2026-04-09 16:19:36] DEBUG    | ib_insync.client       | <<< 6,2,TradingType-S,STKNOPT,,DUM165609
[2026-04-09 16:19:36] DEBUG    | ib_insync.client       | <<< 6,2,UnrealizedPnL,2360.59,BASE,DUM165609
[2026-04-09 16:19:36] DEBUG    | ib_insync.client       | <<< 6,2,UnrealizedPnL,2360.59,USD,DUM165609
[2026-04-09 16:19:36] DEBUG    | ib_insync.client       | <<< 6,2,WarrantValue,0.00,BASE,DUM165609
[2026-04-09 16:19:36] DEBUG    | ib_insync.client       | <<< 6,2,WarrantValue,0.00,USD,DUM165609
[2026-04-09 16:19:36] DEBUG    | ib_insync.client       | <<< 7,8,770561194,MES,FUT,20260618,0,0,5,CME,USD,MESM6,MES,3,6802.99658205,102044.95,33228.12,2360.59,0.0,DUM165609
[2026-04-09 16:19:36] INFO     | ib_insync.wrapper      | updatePortfolio: PortfolioItem(contract=Future(conId=770561194, symbol='MES', lastTradeDateOrContractMonth='20260618', right='0', multiplier='5', primaryExchange='CME', currency='USD', localSymbol='MESM6', tradingClass='MES'), position=3.0, marketPrice=6802.99658205, marketValue=102044.95, averageCost=33228.12, unrealizedPNL=2360.59, realizedPNL=0.0, account='DUM165609')
[2026-04-09 16:19:36] DEBUG    | ib_insync.client       | <<< 8,1,16:18
[2026-04-09 16:19:36] DEBUG    | ib_insync.client       | <<< 8,1,16:18
[2026-04-09 16:19:36] DEBUG    | ib_insync.client       | <<< 54,1,DUM165609
[2026-04-09 16:19:36] DEBUG    | ib_insync.client       | <<< 73,1,23,DUM165609,,AccountCode,DUM165609,
[2026-04-09 16:19:36] DEBUG    | ib_insync.client       | <<< 73,1,23,DUM165609,,AccountReady,true,
[2026-04-09 16:19:36] DEBUG    | ib_insync.client       | <<< 73,1,23,DUM165609,,AccountType,CORPORATION,
[2026-04-09 16:19:36] DEBUG    | ib_insync.client       | <<< 73,1,23,DUM165609,,AccruedCash,141.71,USD
[2026-04-09 16:19:36] DEBUG    | ib_insync.client       | <<< 73,1,23,DUM165609,,AccruedCash-P,0.00,USD
[2026-04-09 16:19:36] DEBUG    | ib_insync.client       | <<< 73,1,23,DUM165609,,AccruedCash-S,141.71,USD
[2026-04-09 16:19:36] DEBUG    | ib_insync.client       | <<< 73,1,23,DUM165609,,AccruedDividend,0.00,USD
[2026-04-09 16:19:36] DEBUG    | ib_insync.client       | <<< 73,1,23,DUM165609,,AccruedDividend-P,0.00,USD
[2026-04-09 16:19:36] DEBUG    | ib_insync.client       | <<< 73,1,23,DUM165609,,AccruedDividend-S,0.00,USD
[2026-04-09 16:19:36] DEBUG    | ib_insync.client       | <<< 73,1,23,DUM165609,,AvailableFunds,235859.96,USD
[2026-04-09 16:19:36] DEBUG    | ib_insync.client       | <<< 73,1,23,DUM165609,,AvailableFunds-P,0.00,USD
[2026-04-09 16:19:36] DEBUG    | ib_insync.client       | <<< 73,1,23,DUM165609,,AvailableFunds-S,235859.96,USD
[2026-04-09 16:19:36] DEBUG    | ib_insync.client       | <<< 73,1,23,DUM165609,,Billable,0.00,USD
[2026-04-09 16:19:36] DEBUG    | ib_insync.client       | <<< 73,1,23,DUM165609,,Billable-P,0.00,USD
[2026-04-09 16:19:36] DEBUG    | ib_insync.client       | <<< 73,1,23,DUM165609,,Billable-S,0.00,USD
[2026-04-09 16:19:36] DEBUG    | ib_insync.client       | <<< 73,1,23,DUM165609,,BuyingPower,1572399.76,USD
[2026-04-09 16:19:36] DEBUG    | ib_insync.client       | <<< 73,1,23,DUM165609,,ColumnPrio-P,5,
[2026-04-09 16:19:36] DEBUG    | ib_insync.client       | <<< 73,1,23,DUM165609,,ColumnPrio-S,1,
[2026-04-09 16:19:36] DEBUG    | ib_insync.client       | <<< 73,1,23,DUM165609,,Cushion,0.970409,
[2026-04-09 16:19:36] DEBUG    | ib_insync.client       | <<< 73,1,23,DUM165609,,EquityWithLoanValue,245043.95,USD
[2026-04-09 16:19:36] DEBUG    | ib_insync.client       | <<< 73,1,23,DUM165609,,EquityWithLoanValue-P,0.00,USD
[2026-04-09 16:19:36] DEBUG    | ib_insync.client       | <<< 73,1,23,DUM165609,,EquityWithLoanValue-S,245043.95,USD
[2026-04-09 16:19:36] DEBUG    | ib_insync.client       | <<< 73,1,23,DUM165609,,ExcessLiquidity,237792.83,USD
[2026-04-09 16:19:36] DEBUG    | ib_insync.client       | <<< 73,1,23,DUM165609,,ExcessLiquidity-P,0.00,USD
[2026-04-09 16:19:36] DEBUG    | ib_insync.client       | <<< 73,1,23,DUM165609,,ExcessLiquidity-S,237792.83,USD
[2026-04-09 16:19:36] DEBUG    | ib_insync.client       | <<< 73,1,23,DUM165609,,FullAvailableFunds,235859.96,USD
[2026-04-09 16:19:36] DEBUG    | ib_insync.client       | <<< 73,1,23,DUM165609,,FullAvailableFunds-P,0.00,USD
[2026-04-09 16:19:36] DEBUG    | ib_insync.client       | <<< 73,1,23,DUM165609,,FullAvailableFunds-S,235859.96,USD
[2026-04-09 16:19:36] DEBUG    | ib_insync.client       | <<< 73,1,23,DUM165609,,FullExcessLiquidity,237792.83,USD
[2026-04-09 16:19:36] DEBUG    | ib_insync.client       | <<< 73,1,23,DUM165609,,FullExcessLiquidity-P,0.00,USD
[2026-04-09 16:19:36] DEBUG    | ib_insync.client       | <<< 73,1,23,DUM165609,,FullExcessLiquidity-S,237792.83,USD
[2026-04-09 16:19:36] DEBUG    | ib_insync.client       | <<< 73,1,23,DUM165609,,FullInitMarginReq,9183.99,USD
[2026-04-09 16:19:36] DEBUG    | ib_insync.client       | <<< 73,1,23,DUM165609,,FullInitMarginReq-P,0.00,USD
[2026-04-09 16:19:36] DEBUG    | ib_insync.client       | <<< 73,1,23,DUM165609,,FullInitMarginReq-S,9183.99,USD
[2026-04-09 16:19:36] DEBUG    | ib_insync.client       | <<< 73,1,23,DUM165609,,FullMaintMarginReq,7251.11,USD
[2026-04-09 16:19:36] DEBUG    | ib_insync.client       | <<< 73,1,23,DUM165609,,FullMaintMarginReq-P,0.00,USD
[2026-04-09 16:19:36] DEBUG    | ib_insync.client       | <<< 73,1,23,DUM165609,,FullMaintMarginReq-S,7251.11,USD
[2026-04-09 16:19:36] DEBUG    | ib_insync.client       | <<< 73,1,23,DUM165609,,GrossPositionValue,0.00,USD
[2026-04-09 16:19:36] DEBUG    | ib_insync.client       | <<< 73,1,23,DUM165609,,GrossPositionValue-S,0.00,USD
[2026-04-09 16:19:36] DEBUG    | ib_insync.client       | <<< 73,1,23,DUM165609,,Guarantee,0.00,USD
[2026-04-09 16:19:36] DEBUG    | ib_insync.client       | <<< 73,1,23,DUM165609,,Guarantee-P,0.00,USD
[2026-04-09 16:19:36] DEBUG    | ib_insync.client       | <<< 73,1,23,DUM165609,,Guarantee-S,0.00,USD
[2026-04-09 16:19:36] DEBUG    | ib_insync.client       | <<< 73,1,23,DUM165609,,IncentiveCoupons,0.00,USD
[2026-04-09 16:19:36] DEBUG    | ib_insync.client       | <<< 73,1,23,DUM165609,,IncentiveCoupons-P,0.00,USD
[2026-04-09 16:19:36] DEBUG    | ib_insync.client       | <<< 73,1,23,DUM165609,,IncentiveCoupons-S,0.00,USD
[2026-04-09 16:19:36] DEBUG    | ib_insync.client       | <<< 73,1,23,DUM165609,,IndianStockHaircut,0.00,USD
[2026-04-09 16:19:36] DEBUG    | ib_insync.client       | <<< 73,1,23,DUM165609,,IndianStockHaircut-P,0.00,USD
[2026-04-09 16:19:36] DEBUG    | ib_insync.client       | <<< 73,1,23,DUM165609,,IndianStockHaircut-S,0.00,USD
[2026-04-09 16:19:36] DEBUG    | ib_insync.client       | <<< 73,1,23,DUM165609,,InitMarginReq,9183.99,USD
[2026-04-09 16:19:36] DEBUG    | ib_insync.client       | <<< 73,1,23,DUM165609,,InitMarginReq-P,0.00,USD
[2026-04-09 16:19:36] DEBUG    | ib_insync.client       | <<< 73,1,23,DUM165609,,InitMarginReq-S,9183.99,USD
[2026-04-09 16:19:36] DEBUG    | ib_insync.client       | <<< 73,1,23,DUM165609,,Leverage-S,0.00,
[2026-04-09 16:19:36] DEBUG    | ib_insync.client       | <<< 73,1,23,DUM165609,,LookAheadAvailableFunds,238615.16,USD
[2026-04-09 16:19:36] DEBUG    | ib_insync.client       | <<< 73,1,23,DUM165609,,LookAheadAvailableFunds-P,0.00,USD
[2026-04-09 16:19:36] DEBUG    | ib_insync.client       | <<< 73,1,23,DUM165609,,LookAheadAvailableFunds-S,238615.16,USD
[2026-04-09 16:19:36] DEBUG    | ib_insync.client       | <<< 73,1,23,DUM165609,,LookAheadExcessLiquidity,239968.17,USD
[2026-04-09 16:19:36] DEBUG    | ib_insync.client       | <<< 73,1,23,DUM165609,,LookAheadExcessLiquidity-P,0.00,USD
[2026-04-09 16:19:36] DEBUG    | ib_insync.client       | <<< 73,1,23,DUM165609,,LookAheadExcessLiquidity-S,239968.17,USD
[2026-04-09 16:19:36] DEBUG    | ib_insync.client       | <<< 73,1,23,DUM165609,,LookAheadInitMarginReq,6428.79,USD
[2026-04-09 16:19:36] DEBUG    | ib_insync.client       | <<< 73,1,23,DUM165609,,LookAheadInitMarginReq-P,0.00,USD
[2026-04-09 16:19:36] DEBUG    | ib_insync.client       | <<< 73,1,23,DUM165609,,LookAheadInitMarginReq-S,6428.79,USD
[2026-04-09 16:19:36] DEBUG    | ib_insync.client       | <<< 73,1,23,DUM165609,,LookAheadMaintMarginReq,5075.78,USD
[2026-04-09 16:19:36] DEBUG    | ib_insync.client       | <<< 73,1,23,DUM165609,,LookAheadMaintMarginReq-P,0.00,USD
[2026-04-09 16:19:36] DEBUG    | ib_insync.client       | <<< 73,1,23,DUM165609,,LookAheadMaintMarginReq-S,5075.78,USD
[2026-04-09 16:19:36] DEBUG    | ib_insync.client       | <<< 73,1,23,DUM165609,,LookAheadNextChange,1775741400,
[2026-04-09 16:19:36] DEBUG    | ib_insync.client       | <<< 73,1,23,DUM165609,,MaintMarginReq,7251.11,USD
[2026-04-09 16:19:36] DEBUG    | ib_insync.client       | <<< 73,1,23,DUM165609,,MaintMarginReq-P,0.00,USD
[2026-04-09 16:19:36] DEBUG    | ib_insync.client       | <<< 73,1,23,DUM165609,,MaintMarginReq-S,7251.11,USD
[2026-04-09 16:19:36] DEBUG    | ib_insync.client       | <<< 73,1,23,DUM165609,,NLVAndMarginInReview,false,
[2026-04-09 16:19:36] DEBUG    | ib_insync.client       | <<< 73,1,23,DUM165609,,NetLiquidation,245043.95,USD
[2026-04-09 16:19:36] DEBUG    | ib_insync.client       | <<< 73,1,23,DUM165609,,NetLiquidation-P,0.00,USD
[2026-04-09 16:19:36] DEBUG    | ib_insync.client       | <<< 73,1,23,DUM165609,,NetLiquidation-S,245043.95,USD
[2026-04-09 16:19:36] DEBUG    | ib_insync.client       | <<< 73,1,23,DUM165609,,NetLiquidationUncertainty,0.00,USD
[2026-04-09 16:19:36] DEBUG    | ib_insync.client       | <<< 73,1,23,DUM165609,,PASharesValue,0.00,USD
[2026-04-09 16:19:36] DEBUG    | ib_insync.client       | <<< 73,1,23,DUM165609,,PASharesValue-P,0.00,USD
[2026-04-09 16:19:36] DEBUG    | ib_insync.client       | <<< 73,1,23,DUM165609,,PASharesValue-S,0.00,USD
[2026-04-09 16:19:36] DEBUG    | ib_insync.client       | <<< 73,1,23,DUM165609,,PhysicalCertificateValue,0.00,USD
[2026-04-09 16:19:36] DEBUG    | ib_insync.client       | <<< 73,1,23,DUM165609,,PhysicalCertificateValue-P,0.00,USD
[2026-04-09 16:19:36] DEBUG    | ib_insync.client       | <<< 73,1,23,DUM165609,,PhysicalCertificateValue-S,0.00,USD
[2026-04-09 16:19:36] DEBUG    | ib_insync.client       | <<< 73,1,23,DUM165609,,PostExpirationExcess,0.00,USD
[2026-04-09 16:19:36] DEBUG    | ib_insync.client       | <<< 73,1,23,DUM165609,,PostExpirationExcess-P,0.00,USD
[2026-04-09 16:19:36] DEBUG    | ib_insync.client       | <<< 73,1,23,DUM165609,,PostExpirationExcess-S,0.00,USD
[2026-04-09 16:19:36] DEBUG    | ib_insync.client       | <<< 73,1,23,DUM165609,,PostExpirationMargin,0.00,USD
[2026-04-09 16:19:36] DEBUG    | ib_insync.client       | <<< 73,1,23,DUM165609,,PostExpirationMargin-P,0.00,USD
[2026-04-09 16:19:36] DEBUG    | ib_insync.client       | <<< 73,1,23,DUM165609,,PostExpirationMargin-S,0.00,USD
[2026-04-09 16:19:36] DEBUG    | ib_insync.client       | <<< 73,1,23,DUM165609,,SegmentTitle-P,Crypto at Paxos,
[2026-04-09 16:19:36] DEBUG    | ib_insync.client       | <<< 73,1,23,DUM165609,,SegmentTitle-S,Securities,
[2026-04-09 16:19:36] DEBUG    | ib_insync.client       | <<< 73,1,23,DUM165609,,SettledCashByDate,20260409:245213.54;20260410:244902.23873047,
[2026-04-09 16:19:36] DEBUG    | ib_insync.client       | <<< 73,1,23,DUM165609,,SettledCashByDate-P,20260409:0,
[2026-04-09 16:19:36] DEBUG    | ib_insync.client       | <<< 73,1,23,DUM165609,,SettledCashByDate-S,20260409:245213.54;20260410:244902.23873047,
[2026-04-09 16:19:36] DEBUG    | ib_insync.client       | <<< 73,1,23,DUM165609,,TotalCashValue,244902.24,USD
[2026-04-09 16:19:36] DEBUG    | ib_insync.client       | <<< 73,1,23,DUM165609,,TotalCashValue-P,0.00,USD
[2026-04-09 16:19:36] DEBUG    | ib_insync.client       | <<< 73,1,23,DUM165609,,TotalCashValue-S,244902.24,USD
[2026-04-09 16:19:36] DEBUG    | ib_insync.client       | <<< 73,1,23,DUM165609,,TotalDebitCardPendingCharges,0.00,USD
[2026-04-09 16:19:36] DEBUG    | ib_insync.client       | <<< 73,1,23,DUM165609,,TotalDebitCardPendingCharges-P,0.00,USD
[2026-04-09 16:19:36] DEBUG    | ib_insync.client       | <<< 73,1,23,DUM165609,,TotalDebitCardPendingCharges-S,0.00,USD
[2026-04-09 16:19:36] DEBUG    | ib_insync.client       | <<< 73,1,23,DUM165609,,TradingType-S,STKNOPT,
[2026-04-09 16:19:36] DEBUG    | ib_insync.client       | <<< 73,1,23,DUM165609,,Currency,USD,USD
[2026-04-09 16:19:36] DEBUG    | ib_insync.client       | <<< 73,1,23,DUM165609,,CashBalance,244902.2387,USD
[2026-04-09 16:19:36] DEBUG    | ib_insync.client       | <<< 73,1,23,DUM165609,,TotalCashBalance,244902.2387,USD
[2026-04-09 16:19:36] DEBUG    | ib_insync.client       | <<< 73,1,23,DUM165609,,AccruedCash,141.71,USD
[2026-04-09 16:19:36] DEBUG    | ib_insync.client       | <<< 73,1,23,DUM165609,,StockMarketValue,0.00,USD
[2026-04-09 16:19:36] DEBUG    | ib_insync.client       | <<< 73,1,23,DUM165609,,OptionMarketValue,0.00,USD
[2026-04-09 16:19:36] DEBUG    | ib_insync.client       | <<< 73,1,23,DUM165609,,FutureOptionValue,0.00,USD
[2026-04-09 16:19:36] DEBUG    | ib_insync.client       | <<< 73,1,23,DUM165609,,FuturesPNL,-311.30,USD
[2026-04-09 16:19:36] DEBUG    | ib_insync.client       | <<< 73,1,23,DUM165609,,NetLiquidationByCurrency,245043.9487,USD
[2026-04-09 16:19:36] DEBUG    | ib_insync.client       | <<< 73,1,23,DUM165609,,UnrealizedPnL,2360.59,USD
[2026-04-09 16:19:36] DEBUG    | ib_insync.client       | <<< 73,1,23,DUM165609,,RealizedPnL,0.00,USD
[2026-04-09 16:19:36] DEBUG    | ib_insync.client       | <<< 73,1,23,DUM165609,,ExchangeRate,1.00,USD
[2026-04-09 16:19:36] DEBUG    | ib_insync.client       | <<< 73,1,23,DUM165609,,FundValue,0.00,USD
[2026-04-09 16:19:36] DEBUG    | ib_insync.client       | <<< 73,1,23,DUM165609,,NetDividend,0.00,USD
[2026-04-09 16:19:36] DEBUG    | ib_insync.client       | <<< 73,1,23,DUM165609,,MutualFundValue,0.00,USD
[2026-04-09 16:19:36] DEBUG    | ib_insync.client       | <<< 73,1,23,DUM165609,,MoneyMarketFundValue,0.00,USD
[2026-04-09 16:19:36] DEBUG    | ib_insync.client       | <<< 73,1,23,DUM165609,,CorporateBondValue,0.00,USD
[2026-04-09 16:19:36] DEBUG    | ib_insync.client       | <<< 73,1,23,DUM165609,,TBondValue,0.00,USD
[2026-04-09 16:19:36] DEBUG    | ib_insync.client       | <<< 73,1,23,DUM165609,,TBillValue,0.00,USD
[2026-04-09 16:19:36] DEBUG    | ib_insync.client       | <<< 73,1,23,DUM165609,,WarrantValue,0.00,USD
[2026-04-09 16:19:36] DEBUG    | ib_insync.client       | <<< 73,1,23,DUM165609,,FxCashBalance,0.00,USD
[2026-04-09 16:19:36] DEBUG    | ib_insync.client       | <<< 73,1,23,DUM165609,,AccountOrGroup,DUM165609,USD
[2026-04-09 16:19:36] DEBUG    | ib_insync.client       | <<< 73,1,23,DUM165609,,RealCurrency,USD,USD
[2026-04-09 16:19:36] DEBUG    | ib_insync.client       | <<< 73,1,23,DUM165609,,IssuerOptionValue,0.00,USD
[2026-04-09 16:19:36] DEBUG    | ib_insync.client       | <<< 73,1,23,DUM165609,,Cryptocurrency,0.00,USD
[2026-04-09 16:19:36] DEBUG    | ib_insync.client       | <<< 73,1,23,DUM165609,,Currency,BASE,BASE
[2026-04-09 16:19:36] DEBUG    | ib_insync.client       | <<< 73,1,23,DUM165609,,CashBalance,244902.2387,BASE
[2026-04-09 16:19:36] DEBUG    | ib_insync.client       | <<< 73,1,23,DUM165609,,TotalCashBalance,244902.2387,BASE
[2026-04-09 16:19:36] DEBUG    | ib_insync.client       | <<< 73,1,23,DUM165609,,AccruedCash,141.71,BASE
[2026-04-09 16:19:36] DEBUG    | ib_insync.client       | <<< 73,1,23,DUM165609,,StockMarketValue,0.00,BASE
[2026-04-09 16:19:36] DEBUG    | ib_insync.client       | <<< 73,1,23,DUM165609,,OptionMarketValue,0.00,BASE
[2026-04-09 16:19:36] DEBUG    | ib_insync.client       | <<< 73,1,23,DUM165609,,FutureOptionValue,0.00,BASE
[2026-04-09 16:19:36] DEBUG    | ib_insync.client       | <<< 73,1,23,DUM165609,,FuturesPNL,-311.30,BASE
[2026-04-09 16:19:36] DEBUG    | ib_insync.client       | <<< 73,1,23,DUM165609,,NetLiquidationByCurrency,245043.9487,BASE
[2026-04-09 16:19:36] DEBUG    | ib_insync.client       | <<< 73,1,23,DUM165609,,UnrealizedPnL,2360.59,BASE
[2026-04-09 16:19:36] DEBUG    | ib_insync.client       | <<< 73,1,23,DUM165609,,RealizedPnL,0.00,BASE
[2026-04-09 16:19:36] DEBUG    | ib_insync.client       | <<< 73,1,23,DUM165609,,ExchangeRate,1.00,BASE
[2026-04-09 16:19:36] DEBUG    | ib_insync.client       | <<< 73,1,23,DUM165609,,FundValue,0.00,BASE
[2026-04-09 16:19:36] DEBUG    | ib_insync.client       | <<< 73,1,23,DUM165609,,NetDividend,0.00,BASE
[2026-04-09 16:19:36] DEBUG    | ib_insync.client       | <<< 73,1,23,DUM165609,,MutualFundValue,0.00,BASE
[2026-04-09 16:19:36] DEBUG    | ib_insync.client       | <<< 73,1,23,DUM165609,,MoneyMarketFundValue,0.00,BASE
[2026-04-09 16:19:36] DEBUG    | ib_insync.client       | <<< 73,1,23,DUM165609,,CorporateBondValue,0.00,BASE
[2026-04-09 16:19:36] DEBUG    | ib_insync.client       | <<< 73,1,23,DUM165609,,TBondValue,0.00,BASE
[2026-04-09 16:19:36] DEBUG    | ib_insync.client       | <<< 73,1,23,DUM165609,,TBillValue,0.00,BASE
[2026-04-09 16:19:36] DEBUG    | ib_insync.client       | <<< 73,1,23,DUM165609,,WarrantValue,0.00,BASE
[2026-04-09 16:19:36] DEBUG    | ib_insync.client       | <<< 73,1,23,DUM165609,,FxCashBalance,0.00,BASE
[2026-04-09 16:19:36] DEBUG    | ib_insync.client       | <<< 73,1,23,DUM165609,,AccountOrGroup,DUM165609,BASE
[2026-04-09 16:19:36] DEBUG    | ib_insync.client       | <<< 73,1,23,DUM165609,,RealCurrency,USD,BASE
[2026-04-09 16:19:36] DEBUG    | ib_insync.client       | <<< 73,1,23,DUM165609,,IssuerOptionValue,0.00,BASE
[2026-04-09 16:19:36] DEBUG    | ib_insync.client       | <<< 73,1,23,DUM165609,,Cryptocurrency,0.00,BASE
[2026-04-09 16:19:36] DEBUG    | ib_insync.client       | <<< 74,1,23
[2026-04-09 16:19:36] DEBUG    | ib_insync.client       | >>> 7,3,24,0,,,,,,
[2026-04-09 16:19:36] DEBUG    | ib_insync.client       | <<< 55,1,24
[2026-04-09 16:19:36] INFO     | ib_insync.ib           | Synchronization complete
[2026-04-09 16:19:36] INFO     | trading.broker         | Connected to IBKR
[2026-04-09 16:19:36] INFO     | trading.strategy.mgc_pullback | ==================================================
[2026-04-09 16:19:36] INFO     | trading.strategy.mgc_pullback | EXECUTING STRATEGY: mgc_pullback
[2026-04-09 16:19:36] INFO     | trading.strategy.mgc_pullback | ==================================================
[2026-04-09 16:19:36] INFO     | trading.strategy.mgc_pullback | [1] Qualifying contracts...
[2026-04-09 16:19:36] DEBUG    | ib_insync.client       | >>> 9,8,25,0,MGC,FUT,202606,0.0,,,COMEX,,USD,,,0,,,
[2026-04-09 16:19:36] DEBUG    | ib_insync.client       | <<< 10,25,MGC,FUT,20260626 13:30:00 US/Eastern,0,,COMEX,USD,MGCM6,MGC,MGC,712565978,0.1,10,ACTIVETIM,AD,ADJUST,ALERT,ALGO,ALLOC,AVGCOST,BASKET,BENCHPX,COND,CONDORDER,DAY,DEACT,DEACTDIS,DEACTEOD,GAT,GTC,GTD,GTT,HID,ICE,IOC,LIT,LMT,LTH,MIT,MKT,MTL,NGCOMB,NONALGO,OCA,PEGBENCH,SCALE,SCALERST,SIZECHK,SNAPMID,SNAPMKT,SNAPREL,STP,STPLMT,TRAIL,TRAILLIT,TRAILLMT,TRAILMIT,WHATIF,COMEX,1,79702479,E-Micro Gold ,,202606,,,,US/Eastern,20260408:1800-20260409:1700;20260409:1800-20260410:1700;20260411:CLOSED;20260412:1800-20260413:1700;20260413:1800-20260414:1700;20260414:1800-20260415:1700,20260409:0930-20260409:1700;20260410:0930-20260410:1700;20260411:CLOSED;20260412:CLOSED;20260413:0930-20260413:1700;20260414:0930-20260414:1700;20260414:1800-20260415:1700,,,0,2147483647,MGC,IND,65,20260626,,1,1,1
[2026-04-09 16:19:36] DEBUG    | ib_insync.client       | <<< 52,1,25
[2026-04-09 16:19:36] INFO     | trading.broker         | Qualified contract: MGCM6  conId=712565978
[2026-04-09 16:19:36] DEBUG    | ib_insync.client       | >>> 9,8,26,0,GC,FUT,202606,0.0,,,COMEX,,USD,,,0,,,
[2026-04-09 16:19:37] DEBUG    | ib_insync.client       | <<< 10,26,GC,FUT,20260626 13:30:00 US/Eastern,0,,COMEX,USD,GCM6,GC,GC,430360630,0.1,100,ACTIVETIM,AD,ADJUST,ALERT,ALGO,ALLOC,AVGCOST,BASKET,BENCHPX,COND,CONDORDER,DAY,DEACT,DEACTDIS,DEACTEOD,GAT,GTC,GTD,GTT,HID,ICE,IOC,LIT,LMT,LTH,MIT,MKT,MTL,NGCOMB,NONALGO,OCA,PEGBENCH,SCALE,SCALERST,SIZECHK,SNAPMID,SNAPMKT,SNAPREL,STP,STPLMT,TRAIL,TRAILLIT,TRAILLMT,TRAILMIT,WHATIF,COMEX,QBALGO,1,17340718,Gold,,202606,,,,US/Eastern,20260408:1800-20260409:1700;20260409:1800-20260410:1700;20260411:CLOSED;20260412:1800-20260413:1700;20260413:1800-20260414:1700;20260414:1800-20260415:1700,20260409:0930-20260409:1700;20260410:0930-20260410:1700;20260411:CLOSED;20260412:CLOSED;20260413:0930-20260413:1700;20260414:0930-20260414:1700;20260414:1800-20260415:1700,,,0,2147483647,GC,IND,65,65,20260626,,1,1,1
[2026-04-09 16:19:37] DEBUG    | ib_insync.client       | <<< 52,1,26
[2026-04-09 16:19:37] INFO     | trading.broker         | Qualified contract: GCM6  conId=430360630
[2026-04-09 16:19:37] INFO     | trading.strategy.mgc_pullback | [2] Fetching historical data...
[2026-04-09 16:19:37] DEBUG    | ib_insync.client       | >>> 9,8,27,0,GC,FUT,202606,0.0,,,COMEX,,USD,,,0,,,
[2026-04-09 16:19:37] DEBUG    | ib_insync.client       | <<< 10,27,GC,FUT,20260626 13:30:00 US/Eastern,0,,COMEX,USD,GCM6,GC,GC,430360630,0.1,100,ACTIVETIM,AD,ADJUST,ALERT,ALGO,ALLOC,AVGCOST,BASKET,BENCHPX,COND,CONDORDER,DAY,DEACT,DEACTDIS,DEACTEOD,GAT,GTC,GTD,GTT,HID,ICE,IOC,LIT,LMT,LTH,MIT,MKT,MTL,NGCOMB,NONALGO,OCA,PEGBENCH,SCALE,SCALERST,SIZECHK,SNAPMID,SNAPMKT,SNAPREL,STP,STPLMT,TRAIL,TRAILLIT,TRAILLMT,TRAILMIT,WHATIF,COMEX,QBALGO,1,17340718,Gold,,202606,,,,US/Eastern,20260408:1800-20260409:1700;20260409:1800-20260410:1700;20260411:CLOSED;20260412:1800-20260413:1700;20260413:1800-20260414:1700;20260414:1800-20260415:1700,20260409:0930-20260409:1700;20260410:0930-20260410:1700;20260411:CLOSED;20260412:CLOSED;20260413:0930-20260413:1700;20260414:0930-20260414:1700;20260414:1800-20260415:1700,,,0,2147483647,GC,IND,65,65,20260626,,1,1,1
[2026-04-09 16:19:37] DEBUG    | ib_insync.client       | <<< 52,1,27
[2026-04-09 16:19:37] INFO     | trading.broker         | Qualified contract: GCM6  conId=430360630
[2026-04-09 16:19:37] DEBUG    | ib_insync.client       | >>> 20,28,430360630,GC,FUT,20260626,0.0,,100,COMEX,,USD,GCM6,GC,0,,1 day,20 Y,0,TRADES,2,0,
[2026-04-09 16:19:38] DEBUG    | ib_insync.client       | <<< 4,2,28,162,Historical Market Data Service error message:Trading TWS session is connected from a different IP address,
[2026-04-09 16:19:38] ERROR    | ib_insync.wrapper      | Error 162, reqId 28: Historical Market Data Service error message:Trading TWS session is connected from a different IP address, contract: Future(conId=430360630, symbol='GC', lastTradeDateOrContractMonth='20260626', multiplier='100', exchange='COMEX', currency='USD', localSymbol='GCM6', tradingClass='GC')
[2026-04-09 16:19:38] ERROR    | trading.main           | Strategy 'mgc_pullback' failed
Traceback (most recent call last):
  File "/Users/rishabhmaniyar/Downloads/trading_framework/main.py", line 227, in main
    strat.execute()
  File "/Users/rishabhmaniyar/Downloads/trading_framework/strategies/base_strategy.py", line 109, in execute
    df = self.fetch_data()
         ^^^^^^^^^^^^^^^^^
  File "/Users/rishabhmaniyar/Downloads/trading_framework/strategies/mgc_pullback.py", line 48, in fetch_data
    return self.broker.fetch_historical_bars(data_ct)
           ^^^^^^^^^^^^^^^^^^^^^^^^^^^^^^^^^^^^^^^^^^
  File "/Users/rishabhmaniyar/Downloads/trading_framework/execution/broker.py", line 125, in fetch_historical_bars
    raise RuntimeError("No historical bars returned")
RuntimeError: No historical bars returned
[2026-04-09 16:19:38] INFO     | ib_insync.ib           | Disconnecting from 127.0.0.1:4002, 366 B sent in 12 messages, 20.3 kB received in 322 messages, session time 2.38 s.
[2026-04-09 16:19:38] INFO     | ib_insync.client       | Disconnecting
[2026-04-09 16:19:38] INFO     | trading.broker         | Disconnected from IBKR
[2026-04-09 16:19:38] INFO     | trading.db             | Database connection closed
[2026-04-09 16:19:38] INFO     | trading.main           | ALL STRATEGIES COMPLETE
[2026-04-09 16:22:37] DEBUG    | asyncio                | Using selector: KqueueSelector
[2026-04-09 16:22:37] INFO     | trading.main           | ============================================================
[2026-04-09 16:22:37] INFO     | trading.main           |   TRADING FRAMEWORK – STARTING
[2026-04-09 16:22:37] INFO     | trading.main           | ============================================================
[2026-04-09 16:22:37] INFO     | trading.db             | Database ready at /Users/rishabhmaniyar/Downloads/trading_framework/data/trading.db
[2026-04-09 16:22:37] INFO     | trading.broker         | Connecting to IBKR 127.0.0.1:4002 (attempt 1/3)
[2026-04-09 16:22:37] INFO     | ib_insync.client       | Connecting to 127.0.0.1:4002 with clientId 27...
[2026-04-09 16:22:37] INFO     | ib_insync.client       | Connected
[2026-04-09 16:22:37] DEBUG    | ib_insync.client       | <<< 176,20260409 16:22:37 India Standard Time
[2026-04-09 16:22:37] DEBUG    | ib_insync.client       | >>> 71,2,27,
[2026-04-09 16:22:37] INFO     | ib_insync.client       | Logged on to server version 176
[2026-04-09 16:22:37] DEBUG    | ib_insync.client       | <<< 15,1,DUM165609
[2026-04-09 16:22:37] DEBUG    | ib_insync.client       | <<< 9,1,12
[2026-04-09 16:22:37] INFO     | ib_insync.client       | API connection ready
[2026-04-09 16:22:37] DEBUG    | ib_insync.client       | >>> 61,1
[2026-04-09 16:22:37] DEBUG    | ib_insync.client       | >>> 5,1
[2026-04-09 16:22:37] DEBUG    | ib_insync.client       | >>> 99,0
[2026-04-09 16:22:37] DEBUG    | ib_insync.client       | >>> 6,2,1,DUM165609
[2026-04-09 16:22:37] DEBUG    | ib_insync.client       | >>> 76,1,12,DUM165609,,0
[2026-04-09 16:22:37] DEBUG    | ib_insync.client       | <<< 4,2,-1,2104,Market data farm connection is OK:usfarm,
[2026-04-09 16:22:37] INFO     | ib_insync.wrapper      | Warning 2104, reqId -1: Market data farm connection is OK:usfarm
[2026-04-09 16:22:37] DEBUG    | ib_insync.client       | <<< 4,2,-1,2106,HMDS data farm connection is OK:ushmds,
[2026-04-09 16:22:37] INFO     | ib_insync.wrapper      | Warning 2106, reqId -1: HMDS data farm connection is OK:ushmds
[2026-04-09 16:22:37] DEBUG    | ib_insync.client       | <<< 4,2,-1,2158,Sec-def data farm connection is OK:secdefil,
[2026-04-09 16:22:37] INFO     | ib_insync.wrapper      | Warning 2158, reqId -1: Sec-def data farm connection is OK:secdefil
[2026-04-09 16:22:37] DEBUG    | ib_insync.client       | <<< 61,3,DUM165609,770561194,MES,FUT,20260618,0.0,,5,,USD,MESM6,MES,3,33228.12
[2026-04-09 16:22:37] INFO     | ib_insync.wrapper      | position: Position(account='DUM165609', contract=Future(conId=770561194, symbol='MES', lastTradeDateOrContractMonth='20260618', multiplier='5', currency='USD', localSymbol='MESM6', tradingClass='MES'), position=3.0, avgCost=33228.12)
[2026-04-09 16:22:37] DEBUG    | ib_insync.client       | <<< 62,1
[2026-04-09 16:22:37] DEBUG    | ib_insync.client       | <<< 53,1
[2026-04-09 16:22:37] DEBUG    | ib_insync.client       | <<< 6,2,AccountCode,DUM165609,,DUM165609
[2026-04-09 16:22:37] DEBUG    | ib_insync.client       | <<< 6,2,AccountOrGroup,DUM165609,BASE,DUM165609
[2026-04-09 16:22:37] DEBUG    | ib_insync.client       | <<< 6,2,AccountOrGroup,DUM165609,USD,DUM165609
[2026-04-09 16:22:37] DEBUG    | ib_insync.client       | <<< 6,2,AccountReady,true,,DUM165609
[2026-04-09 16:22:37] DEBUG    | ib_insync.client       | <<< 6,2,AccountType,CORPORATION,,DUM165609
[2026-04-09 16:22:37] DEBUG    | ib_insync.client       | <<< 6,2,AccruedCash,141.71,BASE,DUM165609
[2026-04-09 16:22:37] DEBUG    | ib_insync.client       | <<< 6,2,AccruedCash,141.71,USD,DUM165609
[2026-04-09 16:22:37] DEBUG    | ib_insync.client       | <<< 6,2,AccruedCash-P,0.00,USD,DUM165609
[2026-04-09 16:22:37] DEBUG    | ib_insync.client       | <<< 6,2,AccruedCash-S,141.71,USD,DUM165609
[2026-04-09 16:22:37] DEBUG    | ib_insync.client       | <<< 6,2,AccruedDividend,0.00,USD,DUM165609
[2026-04-09 16:22:37] DEBUG    | ib_insync.client       | <<< 6,2,AccruedDividend-P,0.00,USD,DUM165609
[2026-04-09 16:22:37] DEBUG    | ib_insync.client       | <<< 6,2,AccruedDividend-S,0.00,USD,DUM165609
[2026-04-09 16:22:37] DEBUG    | ib_insync.client       | <<< 6,2,AvailableFunds,235831.28,USD,DUM165609
[2026-04-09 16:22:37] DEBUG    | ib_insync.client       | <<< 6,2,AvailableFunds-P,0.00,USD,DUM165609
[2026-04-09 16:22:37] DEBUG    | ib_insync.client       | <<< 6,2,AvailableFunds-S,235831.28,USD,DUM165609
[2026-04-09 16:22:37] DEBUG    | ib_insync.client       | <<< 6,2,Billable,0.00,USD,DUM165609
[2026-04-09 16:22:37] DEBUG    | ib_insync.client       | <<< 6,2,Billable-P,0.00,USD,DUM165609
[2026-04-09 16:22:37] DEBUG    | ib_insync.client       | <<< 6,2,Billable-S,0.00,USD,DUM165609
[2026-04-09 16:22:37] DEBUG    | ib_insync.client       | <<< 6,2,BuyingPower,1572208.56,USD,DUM165609
[2026-04-09 16:22:37] DEBUG    | ib_insync.client       | <<< 6,2,CashBalance,244870.7885,BASE,DUM165609
[2026-04-09 16:22:37] DEBUG    | ib_insync.client       | <<< 6,2,CashBalance,244870.7885,USD,DUM165609
[2026-04-09 16:22:37] DEBUG    | ib_insync.client       | <<< 6,2,ColumnPrio-P,5,,DUM165609
[2026-04-09 16:22:37] DEBUG    | ib_insync.client       | <<< 6,2,ColumnPrio-S,1,,DUM165609
[2026-04-09 16:22:37] DEBUG    | ib_insync.client       | <<< 6,2,CorporateBondValue,0.00,BASE,DUM165609
[2026-04-09 16:22:37] DEBUG    | ib_insync.client       | <<< 6,2,CorporateBondValue,0.00,USD,DUM165609
[2026-04-09 16:22:37] DEBUG    | ib_insync.client       | <<< 6,2,Cryptocurrency,0.00,BASE,DUM165609
[2026-04-09 16:22:37] DEBUG    | ib_insync.client       | <<< 6,2,Cryptocurrency,0.00,USD,DUM165609
[2026-04-09 16:22:37] DEBUG    | ib_insync.client       | <<< 6,2,Currency,BASE,BASE,DUM165609
[2026-04-09 16:22:37] DEBUG    | ib_insync.client       | <<< 6,2,Currency,USD,USD,DUM165609
[2026-04-09 16:22:37] DEBUG    | ib_insync.client       | <<< 6,2,Cushion,0.970414,,DUM165609
[2026-04-09 16:22:37] DEBUG    | ib_insync.client       | <<< 6,2,EquityWithLoanValue,245012.50,USD,DUM165609
[2026-04-09 16:22:37] DEBUG    | ib_insync.client       | <<< 6,2,EquityWithLoanValue-P,0.00,USD,DUM165609
[2026-04-09 16:22:37] DEBUG    | ib_insync.client       | <<< 6,2,EquityWithLoanValue-S,245012.50,USD,DUM165609
[2026-04-09 16:22:37] DEBUG    | ib_insync.client       | <<< 6,2,ExcessLiquidity,237763.62,USD,DUM165609
[2026-04-09 16:22:37] DEBUG    | ib_insync.client       | <<< 6,2,ExcessLiquidity-P,0.00,USD,DUM165609
[2026-04-09 16:22:37] DEBUG    | ib_insync.client       | <<< 6,2,ExcessLiquidity-S,237763.62,USD,DUM165609
[2026-04-09 16:22:37] DEBUG    | ib_insync.client       | <<< 6,2,ExchangeRate,1.00,BASE,DUM165609
[2026-04-09 16:22:37] DEBUG    | ib_insync.client       | <<< 6,2,ExchangeRate,1.00,USD,DUM165609
[2026-04-09 16:22:37] DEBUG    | ib_insync.client       | <<< 6,2,FullAvailableFunds,235831.28,USD,DUM165609
[2026-04-09 16:22:37] DEBUG    | ib_insync.client       | <<< 6,2,FullAvailableFunds-P,0.00,USD,DUM165609
[2026-04-09 16:22:37] DEBUG    | ib_insync.client       | <<< 6,2,FullAvailableFunds-S,235831.28,USD,DUM165609
[2026-04-09 16:22:37] DEBUG    | ib_insync.client       | <<< 6,2,FullExcessLiquidity,237763.62,USD,DUM165609
[2026-04-09 16:22:37] DEBUG    | ib_insync.client       | <<< 6,2,FullExcessLiquidity-P,0.00,USD,DUM165609
[2026-04-09 16:22:37] DEBUG    | ib_insync.client       | <<< 6,2,FullExcessLiquidity-S,237763.62,USD,DUM165609
[2026-04-09 16:22:37] DEBUG    | ib_insync.client       | <<< 6,2,FullInitMarginReq,9181.21,USD,DUM165609
[2026-04-09 16:22:37] DEBUG    | ib_insync.client       | <<< 6,2,FullInitMarginReq-P,0.00,USD,DUM165609
[2026-04-09 16:22:37] DEBUG    | ib_insync.client       | <<< 6,2,FullInitMarginReq-S,9181.21,USD,DUM165609
[2026-04-09 16:22:37] DEBUG    | ib_insync.client       | <<< 6,2,FullMaintMarginReq,7248.88,USD,DUM165609
[2026-04-09 16:22:37] DEBUG    | ib_insync.client       | <<< 6,2,FullMaintMarginReq-P,0.00,USD,DUM165609
[2026-04-09 16:22:37] DEBUG    | ib_insync.client       | <<< 6,2,FullMaintMarginReq-S,7248.88,USD,DUM165609
[2026-04-09 16:22:37] DEBUG    | ib_insync.client       | <<< 6,2,FundValue,0.00,BASE,DUM165609
[2026-04-09 16:22:37] DEBUG    | ib_insync.client       | <<< 6,2,FundValue,0.00,USD,DUM165609
[2026-04-09 16:22:37] DEBUG    | ib_insync.client       | <<< 6,2,FutureOptionValue,0.00,BASE,DUM165609
[2026-04-09 16:22:37] DEBUG    | ib_insync.client       | <<< 6,2,FutureOptionValue,0.00,USD,DUM165609
[2026-04-09 16:22:37] DEBUG    | ib_insync.client       | <<< 6,2,FuturesPNL,-342.75,BASE,DUM165609
[2026-04-09 16:22:37] DEBUG    | ib_insync.client       | <<< 6,2,FuturesPNL,-342.75,USD,DUM165609
[2026-04-09 16:22:37] DEBUG    | ib_insync.client       | <<< 6,2,FxCashBalance,0.00,BASE,DUM165609
[2026-04-09 16:22:37] DEBUG    | ib_insync.client       | <<< 6,2,FxCashBalance,0.00,USD,DUM165609
[2026-04-09 16:22:37] DEBUG    | ib_insync.client       | <<< 6,2,GrossPositionValue,0.00,USD,DUM165609
[2026-04-09 16:22:37] DEBUG    | ib_insync.client       | <<< 6,2,GrossPositionValue-S,0.00,USD,DUM165609
[2026-04-09 16:22:37] DEBUG    | ib_insync.client       | <<< 6,2,Guarantee,0.00,USD,DUM165609
[2026-04-09 16:22:37] DEBUG    | ib_insync.client       | <<< 6,2,Guarantee-P,0.00,USD,DUM165609
[2026-04-09 16:22:37] DEBUG    | ib_insync.client       | <<< 6,2,Guarantee-S,0.00,USD,DUM165609
[2026-04-09 16:22:37] DEBUG    | ib_insync.client       | <<< 6,2,IncentiveCoupons,0.00,USD,DUM165609
[2026-04-09 16:22:37] DEBUG    | ib_insync.client       | <<< 6,2,IncentiveCoupons-P,0.00,USD,DUM165609
[2026-04-09 16:22:37] DEBUG    | ib_insync.client       | <<< 6,2,IncentiveCoupons-S,0.00,USD,DUM165609
[2026-04-09 16:22:37] DEBUG    | ib_insync.client       | <<< 6,2,IndianStockHaircut,0.00,USD,DUM165609
[2026-04-09 16:22:37] DEBUG    | ib_insync.client       | <<< 6,2,IndianStockHaircut-P,0.00,USD,DUM165609
[2026-04-09 16:22:37] DEBUG    | ib_insync.client       | <<< 6,2,IndianStockHaircut-S,0.00,USD,DUM165609
[2026-04-09 16:22:37] DEBUG    | ib_insync.client       | <<< 6,2,InitMarginReq,9181.21,USD,DUM165609
[2026-04-09 16:22:37] DEBUG    | ib_insync.client       | <<< 6,2,InitMarginReq-P,0.00,USD,DUM165609
[2026-04-09 16:22:37] DEBUG    | ib_insync.client       | <<< 6,2,InitMarginReq-S,9181.21,USD,DUM165609
[2026-04-09 16:22:37] DEBUG    | ib_insync.client       | <<< 6,2,IssuerOptionValue,0.00,BASE,DUM165609
[2026-04-09 16:22:37] DEBUG    | ib_insync.client       | <<< 6,2,IssuerOptionValue,0.00,USD,DUM165609
[2026-04-09 16:22:37] DEBUG    | ib_insync.client       | <<< 6,2,Leverage-S,0.00,,DUM165609
[2026-04-09 16:22:37] DEBUG    | ib_insync.client       | <<< 6,2,LookAheadAvailableFunds,238585.65,USD,DUM165609
[2026-04-09 16:22:37] DEBUG    | ib_insync.client       | <<< 6,2,LookAheadAvailableFunds-P,0.00,USD,DUM165609
[2026-04-09 16:22:37] DEBUG    | ib_insync.client       | <<< 6,2,LookAheadAvailableFunds-S,238585.65,USD,DUM165609
[2026-04-09 16:22:37] DEBUG    | ib_insync.client       | <<< 6,2,LookAheadExcessLiquidity,239938.29,USD,DUM165609
[2026-04-09 16:22:37] DEBUG    | ib_insync.client       | <<< 6,2,LookAheadExcessLiquidity-P,0.00,USD,DUM165609
[2026-04-09 16:22:37] DEBUG    | ib_insync.client       | <<< 6,2,LookAheadExcessLiquidity-S,239938.29,USD,DUM165609
[2026-04-09 16:22:37] DEBUG    | ib_insync.client       | <<< 6,2,LookAheadInitMarginReq,6426.85,USD,DUM165609
[2026-04-09 16:22:37] DEBUG    | ib_insync.client       | <<< 6,2,LookAheadInitMarginReq-P,0.00,USD,DUM165609
[2026-04-09 16:22:37] DEBUG    | ib_insync.client       | <<< 6,2,LookAheadInitMarginReq-S,6426.85,USD,DUM165609
[2026-04-09 16:22:37] DEBUG    | ib_insync.client       | <<< 6,2,LookAheadMaintMarginReq,5074.21,USD,DUM165609
[2026-04-09 16:22:37] DEBUG    | ib_insync.client       | <<< 6,2,LookAheadMaintMarginReq-P,0.00,USD,DUM165609
[2026-04-09 16:22:37] DEBUG    | ib_insync.client       | <<< 6,2,LookAheadMaintMarginReq-S,5074.21,USD,DUM165609
[2026-04-09 16:22:37] DEBUG    | ib_insync.client       | <<< 6,2,LookAheadNextChange,1775741400,,DUM165609
[2026-04-09 16:22:37] DEBUG    | ib_insync.client       | <<< 6,2,MaintMarginReq,7248.88,USD,DUM165609
[2026-04-09 16:22:37] DEBUG    | ib_insync.client       | <<< 6,2,MaintMarginReq-P,0.00,USD,DUM165609
[2026-04-09 16:22:37] DEBUG    | ib_insync.client       | <<< 6,2,MaintMarginReq-S,7248.88,USD,DUM165609
[2026-04-09 16:22:37] DEBUG    | ib_insync.client       | <<< 6,2,MoneyMarketFundValue,0.00,BASE,DUM165609
[2026-04-09 16:22:37] DEBUG    | ib_insync.client       | <<< 6,2,MoneyMarketFundValue,0.00,USD,DUM165609
[2026-04-09 16:22:37] DEBUG    | ib_insync.client       | <<< 6,2,MutualFundValue,0.00,BASE,DUM165609
[2026-04-09 16:22:37] DEBUG    | ib_insync.client       | <<< 6,2,MutualFundValue,0.00,USD,DUM165609
[2026-04-09 16:22:37] DEBUG    | ib_insync.client       | <<< 6,2,NLVAndMarginInReview,false,,DUM165609
[2026-04-09 16:22:37] DEBUG    | ib_insync.client       | <<< 6,2,NetDividend,0.00,BASE,DUM165609
[2026-04-09 16:22:37] DEBUG    | ib_insync.client       | <<< 6,2,NetDividend,0.00,USD,DUM165609
[2026-04-09 16:22:37] DEBUG    | ib_insync.client       | <<< 6,2,NetLiquidation,245012.50,USD,DUM165609
[2026-04-09 16:22:37] DEBUG    | ib_insync.client       | <<< 6,2,NetLiquidation-P,0.00,USD,DUM165609
[2026-04-09 16:22:37] DEBUG    | ib_insync.client       | <<< 6,2,NetLiquidation-S,245012.50,USD,DUM165609
[2026-04-09 16:22:37] DEBUG    | ib_insync.client       | <<< 6,2,NetLiquidationByCurrency,245012.4985,BASE,DUM165609
[2026-04-09 16:22:37] DEBUG    | ib_insync.client       | <<< 6,2,NetLiquidationByCurrency,245012.4985,USD,DUM165609
[2026-04-09 16:22:37] DEBUG    | ib_insync.client       | <<< 6,2,NetLiquidationUncertainty,0.00,USD,DUM165609
[2026-04-09 16:22:37] DEBUG    | ib_insync.client       | <<< 6,2,OptionMarketValue,0.00,BASE,DUM165609
[2026-04-09 16:22:37] DEBUG    | ib_insync.client       | <<< 6,2,OptionMarketValue,0.00,USD,DUM165609
[2026-04-09 16:22:37] DEBUG    | ib_insync.client       | <<< 6,2,PASharesValue,0.00,USD,DUM165609
[2026-04-09 16:22:37] DEBUG    | ib_insync.client       | <<< 6,2,PASharesValue-P,0.00,USD,DUM165609
[2026-04-09 16:22:37] DEBUG    | ib_insync.client       | <<< 6,2,PASharesValue-S,0.00,USD,DUM165609
[2026-04-09 16:22:37] DEBUG    | ib_insync.client       | <<< 6,2,PhysicalCertificateValue,0.00,USD,DUM165609
[2026-04-09 16:22:37] DEBUG    | ib_insync.client       | <<< 6,2,PhysicalCertificateValue-P,0.00,USD,DUM165609
[2026-04-09 16:22:37] DEBUG    | ib_insync.client       | <<< 6,2,PhysicalCertificateValue-S,0.00,USD,DUM165609
[2026-04-09 16:22:37] DEBUG    | ib_insync.client       | <<< 6,2,PostExpirationExcess,0.00,USD,DUM165609
[2026-04-09 16:22:37] DEBUG    | ib_insync.client       | <<< 6,2,PostExpirationExcess-P,0.00,USD,DUM165609
[2026-04-09 16:22:37] DEBUG    | ib_insync.client       | <<< 6,2,PostExpirationExcess-S,0.00,USD,DUM165609
[2026-04-09 16:22:37] DEBUG    | ib_insync.client       | <<< 6,2,PostExpirationMargin,0.00,USD,DUM165609
[2026-04-09 16:22:37] DEBUG    | ib_insync.client       | <<< 6,2,PostExpirationMargin-P,0.00,USD,DUM165609
[2026-04-09 16:22:37] DEBUG    | ib_insync.client       | <<< 6,2,PostExpirationMargin-S,0.00,USD,DUM165609
[2026-04-09 16:22:37] DEBUG    | ib_insync.client       | <<< 6,2,RealCurrency,BASE,BASE,DUM165609
[2026-04-09 16:22:37] DEBUG    | ib_insync.client       | <<< 6,2,RealCurrency,USD,USD,DUM165609
[2026-04-09 16:22:37] DEBUG    | ib_insync.client       | <<< 6,2,RealizedPnL,0.00,BASE,DUM165609
[2026-04-09 16:22:37] DEBUG    | ib_insync.client       | <<< 6,2,RealizedPnL,0.00,USD,DUM165609
[2026-04-09 16:22:37] DEBUG    | ib_insync.client       | <<< 6,2,SegmentTitle-P,Crypto at Paxos,,DUM165609
[2026-04-09 16:22:37] DEBUG    | ib_insync.client       | <<< 6,2,SegmentTitle-S,Securities,,DUM165609
[2026-04-09 16:22:37] DEBUG    | ib_insync.client       | <<< 6,2,SettledCashByDate,20260409:245213.54;20260410:244870.78853516,,DUM165609
[2026-04-09 16:22:37] DEBUG    | ib_insync.client       | <<< 6,2,SettledCashByDate-P,20260409:0,,DUM165609
[2026-04-09 16:22:37] DEBUG    | ib_insync.client       | <<< 6,2,SettledCashByDate-S,20260409:245213.54;20260410:244870.78853516,,DUM165609
[2026-04-09 16:22:37] DEBUG    | ib_insync.client       | <<< 6,2,StockMarketValue,0.00,BASE,DUM165609
[2026-04-09 16:22:37] DEBUG    | ib_insync.client       | <<< 6,2,StockMarketValue,0.00,USD,DUM165609
[2026-04-09 16:22:37] DEBUG    | ib_insync.client       | <<< 6,2,TBillValue,0.00,BASE,DUM165609
[2026-04-09 16:22:37] DEBUG    | ib_insync.client       | <<< 6,2,TBillValue,0.00,USD,DUM165609
[2026-04-09 16:22:37] DEBUG    | ib_insync.client       | <<< 6,2,TBondValue,0.00,BASE,DUM165609
[2026-04-09 16:22:37] DEBUG    | ib_insync.client       | <<< 6,2,TBondValue,0.00,USD,DUM165609
[2026-04-09 16:22:37] DEBUG    | ib_insync.client       | <<< 6,2,TotalCashBalance,244870.7885,BASE,DUM165609
[2026-04-09 16:22:37] DEBUG    | ib_insync.client       | <<< 6,2,TotalCashBalance,244870.7885,USD,DUM165609
[2026-04-09 16:22:37] DEBUG    | ib_insync.client       | <<< 6,2,TotalCashValue,244870.79,USD,DUM165609
[2026-04-09 16:22:37] DEBUG    | ib_insync.client       | <<< 6,2,TotalCashValue-P,0.00,USD,DUM165609
[2026-04-09 16:22:37] DEBUG    | ib_insync.client       | <<< 6,2,TotalCashValue-S,244870.79,USD,DUM165609
[2026-04-09 16:22:37] DEBUG    | ib_insync.client       | <<< 6,2,TotalDebitCardPendingCharges,0.00,USD,DUM165609
[2026-04-09 16:22:37] DEBUG    | ib_insync.client       | <<< 6,2,TotalDebitCardPendingCharges-P,0.00,USD,DUM165609
[2026-04-09 16:22:37] DEBUG    | ib_insync.client       | <<< 6,2,TotalDebitCardPendingCharges-S,0.00,USD,DUM165609
[2026-04-09 16:22:37] DEBUG    | ib_insync.client       | <<< 6,2,TradingType-S,STKNOPT,,DUM165609
[2026-04-09 16:22:37] DEBUG    | ib_insync.client       | <<< 6,2,UnrealizedPnL,2329.14,BASE,DUM165609
[2026-04-09 16:22:37] DEBUG    | ib_insync.client       | <<< 6,2,UnrealizedPnL,2329.14,USD,DUM165609
[2026-04-09 16:22:37] DEBUG    | ib_insync.client       | <<< 6,2,WarrantValue,0.00,BASE,DUM165609
[2026-04-09 16:22:37] DEBUG    | ib_insync.client       | <<< 6,2,WarrantValue,0.00,USD,DUM165609
[2026-04-09 16:22:37] DEBUG    | ib_insync.client       | <<< 7,8,770561194,MES,FUT,20260618,0,0,5,CME,USD,MESM6,MES,3,6800.89990235,102013.5,33228.12,2329.14,0.0,DUM165609
[2026-04-09 16:22:37] INFO     | ib_insync.wrapper      | updatePortfolio: PortfolioItem(contract=Future(conId=770561194, symbol='MES', lastTradeDateOrContractMonth='20260618', right='0', multiplier='5', primaryExchange='CME', currency='USD', localSymbol='MESM6', tradingClass='MES'), position=3.0, marketPrice=6800.89990235, marketValue=102013.5, averageCost=33228.12, unrealizedPNL=2329.14, realizedPNL=0.0, account='DUM165609')
[2026-04-09 16:22:37] DEBUG    | ib_insync.client       | <<< 8,1,16:21
[2026-04-09 16:22:37] DEBUG    | ib_insync.client       | <<< 8,1,16:21
[2026-04-09 16:22:37] DEBUG    | ib_insync.client       | <<< 54,1,DUM165609
[2026-04-09 16:22:37] DEBUG    | ib_insync.client       | <<< 73,1,12,DUM165609,,AccountCode,DUM165609,
[2026-04-09 16:22:37] DEBUG    | ib_insync.client       | <<< 73,1,12,DUM165609,,AccountReady,true,
[2026-04-09 16:22:37] DEBUG    | ib_insync.client       | <<< 73,1,12,DUM165609,,AccountType,CORPORATION,
[2026-04-09 16:22:37] DEBUG    | ib_insync.client       | <<< 73,1,12,DUM165609,,AccruedCash,141.71,USD
[2026-04-09 16:22:37] DEBUG    | ib_insync.client       | <<< 73,1,12,DUM165609,,AccruedCash-P,0.00,USD
[2026-04-09 16:22:37] DEBUG    | ib_insync.client       | <<< 73,1,12,DUM165609,,AccruedCash-S,141.71,USD
[2026-04-09 16:22:37] DEBUG    | ib_insync.client       | <<< 73,1,12,DUM165609,,AccruedDividend,0.00,USD
[2026-04-09 16:22:37] DEBUG    | ib_insync.client       | <<< 73,1,12,DUM165609,,AccruedDividend-P,0.00,USD
[2026-04-09 16:22:37] DEBUG    | ib_insync.client       | <<< 73,1,12,DUM165609,,AccruedDividend-S,0.00,USD
[2026-04-09 16:22:37] DEBUG    | ib_insync.client       | <<< 73,1,12,DUM165609,,AvailableFunds,235831.28,USD
[2026-04-09 16:22:37] DEBUG    | ib_insync.client       | <<< 73,1,12,DUM165609,,AvailableFunds-P,0.00,USD
[2026-04-09 16:22:37] DEBUG    | ib_insync.client       | <<< 73,1,12,DUM165609,,AvailableFunds-S,235831.28,USD
[2026-04-09 16:22:37] DEBUG    | ib_insync.client       | <<< 73,1,12,DUM165609,,Billable,0.00,USD
[2026-04-09 16:22:37] DEBUG    | ib_insync.client       | <<< 73,1,12,DUM165609,,Billable-P,0.00,USD
[2026-04-09 16:22:37] DEBUG    | ib_insync.client       | <<< 73,1,12,DUM165609,,Billable-S,0.00,USD
[2026-04-09 16:22:37] DEBUG    | ib_insync.client       | <<< 73,1,12,DUM165609,,BuyingPower,1572208.56,USD
[2026-04-09 16:22:37] DEBUG    | ib_insync.client       | <<< 73,1,12,DUM165609,,ColumnPrio-P,5,
[2026-04-09 16:22:37] DEBUG    | ib_insync.client       | <<< 73,1,12,DUM165609,,ColumnPrio-S,1,
[2026-04-09 16:22:37] DEBUG    | ib_insync.client       | <<< 73,1,12,DUM165609,,Cushion,0.970414,
[2026-04-09 16:22:37] DEBUG    | ib_insync.client       | <<< 73,1,12,DUM165609,,EquityWithLoanValue,245012.50,USD
[2026-04-09 16:22:37] DEBUG    | ib_insync.client       | <<< 73,1,12,DUM165609,,EquityWithLoanValue-P,0.00,USD
[2026-04-09 16:22:37] DEBUG    | ib_insync.client       | <<< 73,1,12,DUM165609,,EquityWithLoanValue-S,245012.50,USD
[2026-04-09 16:22:37] DEBUG    | ib_insync.client       | <<< 73,1,12,DUM165609,,ExcessLiquidity,237763.62,USD
[2026-04-09 16:22:37] DEBUG    | ib_insync.client       | <<< 73,1,12,DUM165609,,ExcessLiquidity-P,0.00,USD
[2026-04-09 16:22:37] DEBUG    | ib_insync.client       | <<< 73,1,12,DUM165609,,ExcessLiquidity-S,237763.62,USD
[2026-04-09 16:22:37] DEBUG    | ib_insync.client       | <<< 73,1,12,DUM165609,,FullAvailableFunds,235831.28,USD
[2026-04-09 16:22:37] DEBUG    | ib_insync.client       | <<< 73,1,12,DUM165609,,FullAvailableFunds-P,0.00,USD
[2026-04-09 16:22:37] DEBUG    | ib_insync.client       | <<< 73,1,12,DUM165609,,FullAvailableFunds-S,235831.28,USD
[2026-04-09 16:22:37] DEBUG    | ib_insync.client       | <<< 73,1,12,DUM165609,,FullExcessLiquidity,237763.62,USD
[2026-04-09 16:22:37] DEBUG    | ib_insync.client       | <<< 73,1,12,DUM165609,,FullExcessLiquidity-P,0.00,USD
[2026-04-09 16:22:37] DEBUG    | ib_insync.client       | <<< 73,1,12,DUM165609,,FullExcessLiquidity-S,237763.62,USD
[2026-04-09 16:22:37] DEBUG    | ib_insync.client       | <<< 73,1,12,DUM165609,,FullInitMarginReq,9181.21,USD
[2026-04-09 16:22:37] DEBUG    | ib_insync.client       | <<< 73,1,12,DUM165609,,FullInitMarginReq-P,0.00,USD
[2026-04-09 16:22:37] DEBUG    | ib_insync.client       | <<< 73,1,12,DUM165609,,FullInitMarginReq-S,9181.21,USD
[2026-04-09 16:22:37] DEBUG    | ib_insync.client       | <<< 73,1,12,DUM165609,,FullMaintMarginReq,7248.88,USD
[2026-04-09 16:22:37] DEBUG    | ib_insync.client       | <<< 73,1,12,DUM165609,,FullMaintMarginReq-P,0.00,USD
[2026-04-09 16:22:37] DEBUG    | ib_insync.client       | <<< 73,1,12,DUM165609,,FullMaintMarginReq-S,7248.88,USD
[2026-04-09 16:22:37] DEBUG    | ib_insync.client       | <<< 73,1,12,DUM165609,,GrossPositionValue,0.00,USD
[2026-04-09 16:22:37] DEBUG    | ib_insync.client       | <<< 73,1,12,DUM165609,,GrossPositionValue-S,0.00,USD
[2026-04-09 16:22:37] DEBUG    | ib_insync.client       | <<< 73,1,12,DUM165609,,Guarantee,0.00,USD
[2026-04-09 16:22:37] DEBUG    | ib_insync.client       | <<< 73,1,12,DUM165609,,Guarantee-P,0.00,USD
[2026-04-09 16:22:37] DEBUG    | ib_insync.client       | <<< 73,1,12,DUM165609,,Guarantee-S,0.00,USD
[2026-04-09 16:22:37] DEBUG    | ib_insync.client       | <<< 73,1,12,DUM165609,,IncentiveCoupons,0.00,USD
[2026-04-09 16:22:37] DEBUG    | ib_insync.client       | <<< 73,1,12,DUM165609,,IncentiveCoupons-P,0.00,USD
[2026-04-09 16:22:37] DEBUG    | ib_insync.client       | <<< 73,1,12,DUM165609,,IncentiveCoupons-S,0.00,USD
[2026-04-09 16:22:37] DEBUG    | ib_insync.client       | <<< 73,1,12,DUM165609,,IndianStockHaircut,0.00,USD
[2026-04-09 16:22:37] DEBUG    | ib_insync.client       | <<< 73,1,12,DUM165609,,IndianStockHaircut-P,0.00,USD
[2026-04-09 16:22:37] DEBUG    | ib_insync.client       | <<< 73,1,12,DUM165609,,IndianStockHaircut-S,0.00,USD
[2026-04-09 16:22:37] DEBUG    | ib_insync.client       | <<< 73,1,12,DUM165609,,InitMarginReq,9181.21,USD
[2026-04-09 16:22:37] DEBUG    | ib_insync.client       | <<< 73,1,12,DUM165609,,InitMarginReq-P,0.00,USD
[2026-04-09 16:22:37] DEBUG    | ib_insync.client       | <<< 73,1,12,DUM165609,,InitMarginReq-S,9181.21,USD
[2026-04-09 16:22:37] DEBUG    | ib_insync.client       | <<< 73,1,12,DUM165609,,Leverage-S,0.00,
[2026-04-09 16:22:37] DEBUG    | ib_insync.client       | <<< 73,1,12,DUM165609,,LookAheadAvailableFunds,238585.65,USD
[2026-04-09 16:22:37] DEBUG    | ib_insync.client       | <<< 73,1,12,DUM165609,,LookAheadAvailableFunds-P,0.00,USD
[2026-04-09 16:22:37] DEBUG    | ib_insync.client       | <<< 73,1,12,DUM165609,,LookAheadAvailableFunds-S,238585.65,USD
[2026-04-09 16:22:37] DEBUG    | ib_insync.client       | <<< 73,1,12,DUM165609,,LookAheadExcessLiquidity,239938.29,USD
[2026-04-09 16:22:37] DEBUG    | ib_insync.client       | <<< 73,1,12,DUM165609,,LookAheadExcessLiquidity-P,0.00,USD
[2026-04-09 16:22:37] DEBUG    | ib_insync.client       | <<< 73,1,12,DUM165609,,LookAheadExcessLiquidity-S,239938.29,USD
[2026-04-09 16:22:37] DEBUG    | ib_insync.client       | <<< 73,1,12,DUM165609,,LookAheadInitMarginReq,6426.85,USD
[2026-04-09 16:22:37] DEBUG    | ib_insync.client       | <<< 73,1,12,DUM165609,,LookAheadInitMarginReq-P,0.00,USD
[2026-04-09 16:22:37] DEBUG    | ib_insync.client       | <<< 73,1,12,DUM165609,,LookAheadInitMarginReq-S,6426.85,USD
[2026-04-09 16:22:37] DEBUG    | ib_insync.client       | <<< 73,1,12,DUM165609,,LookAheadMaintMarginReq,5074.21,USD
[2026-04-09 16:22:37] DEBUG    | ib_insync.client       | <<< 73,1,12,DUM165609,,LookAheadMaintMarginReq-P,0.00,USD
[2026-04-09 16:22:37] DEBUG    | ib_insync.client       | <<< 73,1,12,DUM165609,,LookAheadMaintMarginReq-S,5074.21,USD
[2026-04-09 16:22:37] DEBUG    | ib_insync.client       | <<< 73,1,12,DUM165609,,LookAheadNextChange,1775741400,
[2026-04-09 16:22:37] DEBUG    | ib_insync.client       | <<< 73,1,12,DUM165609,,MaintMarginReq,7248.88,USD
[2026-04-09 16:22:37] DEBUG    | ib_insync.client       | <<< 73,1,12,DUM165609,,MaintMarginReq-P,0.00,USD
[2026-04-09 16:22:37] DEBUG    | ib_insync.client       | <<< 73,1,12,DUM165609,,MaintMarginReq-S,7248.88,USD
[2026-04-09 16:22:37] DEBUG    | ib_insync.client       | <<< 73,1,12,DUM165609,,NLVAndMarginInReview,false,
[2026-04-09 16:22:37] DEBUG    | ib_insync.client       | <<< 73,1,12,DUM165609,,NetLiquidation,245012.50,USD
[2026-04-09 16:22:37] DEBUG    | ib_insync.client       | <<< 73,1,12,DUM165609,,NetLiquidation-P,0.00,USD
[2026-04-09 16:22:37] DEBUG    | ib_insync.client       | <<< 73,1,12,DUM165609,,NetLiquidation-S,245012.50,USD
[2026-04-09 16:22:37] DEBUG    | ib_insync.client       | <<< 73,1,12,DUM165609,,NetLiquidationUncertainty,0.00,USD
[2026-04-09 16:22:37] DEBUG    | ib_insync.client       | <<< 73,1,12,DUM165609,,PASharesValue,0.00,USD
[2026-04-09 16:22:37] DEBUG    | ib_insync.client       | <<< 73,1,12,DUM165609,,PASharesValue-P,0.00,USD
[2026-04-09 16:22:37] DEBUG    | ib_insync.client       | <<< 73,1,12,DUM165609,,PASharesValue-S,0.00,USD
[2026-04-09 16:22:37] DEBUG    | ib_insync.client       | <<< 73,1,12,DUM165609,,PhysicalCertificateValue,0.00,USD
[2026-04-09 16:22:37] DEBUG    | ib_insync.client       | <<< 73,1,12,DUM165609,,PhysicalCertificateValue-P,0.00,USD
[2026-04-09 16:22:37] DEBUG    | ib_insync.client       | <<< 73,1,12,DUM165609,,PhysicalCertificateValue-S,0.00,USD
[2026-04-09 16:22:37] DEBUG    | ib_insync.client       | <<< 73,1,12,DUM165609,,PostExpirationExcess,0.00,USD
[2026-04-09 16:22:37] DEBUG    | ib_insync.client       | <<< 73,1,12,DUM165609,,PostExpirationExcess-P,0.00,USD
[2026-04-09 16:22:37] DEBUG    | ib_insync.client       | <<< 73,1,12,DUM165609,,PostExpirationExcess-S,0.00,USD
[2026-04-09 16:22:37] DEBUG    | ib_insync.client       | <<< 73,1,12,DUM165609,,PostExpirationMargin,0.00,USD
[2026-04-09 16:22:37] DEBUG    | ib_insync.client       | <<< 73,1,12,DUM165609,,PostExpirationMargin-P,0.00,USD
[2026-04-09 16:22:37] DEBUG    | ib_insync.client       | <<< 73,1,12,DUM165609,,PostExpirationMargin-S,0.00,USD
[2026-04-09 16:22:37] DEBUG    | ib_insync.client       | <<< 73,1,12,DUM165609,,SegmentTitle-P,Crypto at Paxos,
[2026-04-09 16:22:37] DEBUG    | ib_insync.client       | <<< 73,1,12,DUM165609,,SegmentTitle-S,Securities,
[2026-04-09 16:22:37] DEBUG    | ib_insync.client       | <<< 73,1,12,DUM165609,,SettledCashByDate,20260409:245213.54;20260410:244870.78853516,
[2026-04-09 16:22:37] DEBUG    | ib_insync.client       | <<< 73,1,12,DUM165609,,SettledCashByDate-P,20260409:0,
[2026-04-09 16:22:37] DEBUG    | ib_insync.client       | <<< 73,1,12,DUM165609,,SettledCashByDate-S,20260409:245213.54;20260410:244870.78853516,
[2026-04-09 16:22:37] DEBUG    | ib_insync.client       | <<< 73,1,12,DUM165609,,TotalCashValue,244870.79,USD
[2026-04-09 16:22:37] DEBUG    | ib_insync.client       | <<< 73,1,12,DUM165609,,TotalCashValue-P,0.00,USD
[2026-04-09 16:22:37] DEBUG    | ib_insync.client       | <<< 73,1,12,DUM165609,,TotalCashValue-S,244870.79,USD
[2026-04-09 16:22:37] DEBUG    | ib_insync.client       | <<< 73,1,12,DUM165609,,TotalDebitCardPendingCharges,0.00,USD
[2026-04-09 16:22:37] DEBUG    | ib_insync.client       | <<< 73,1,12,DUM165609,,TotalDebitCardPendingCharges-P,0.00,USD
[2026-04-09 16:22:37] DEBUG    | ib_insync.client       | <<< 73,1,12,DUM165609,,TotalDebitCardPendingCharges-S,0.00,USD
[2026-04-09 16:22:37] DEBUG    | ib_insync.client       | <<< 73,1,12,DUM165609,,TradingType-S,STKNOPT,
[2026-04-09 16:22:37] DEBUG    | ib_insync.client       | <<< 73,1,12,DUM165609,,Currency,USD,USD
[2026-04-09 16:22:37] DEBUG    | ib_insync.client       | <<< 73,1,12,DUM165609,,CashBalance,244870.7885,USD
[2026-04-09 16:22:37] DEBUG    | ib_insync.client       | <<< 73,1,12,DUM165609,,TotalCashBalance,244870.7885,USD
[2026-04-09 16:22:37] DEBUG    | ib_insync.client       | <<< 73,1,12,DUM165609,,AccruedCash,141.71,USD
[2026-04-09 16:22:37] DEBUG    | ib_insync.client       | <<< 73,1,12,DUM165609,,StockMarketValue,0.00,USD
[2026-04-09 16:22:37] DEBUG    | ib_insync.client       | <<< 73,1,12,DUM165609,,OptionMarketValue,0.00,USD
[2026-04-09 16:22:37] DEBUG    | ib_insync.client       | <<< 73,1,12,DUM165609,,FutureOptionValue,0.00,USD
[2026-04-09 16:22:37] DEBUG    | ib_insync.client       | <<< 73,1,12,DUM165609,,FuturesPNL,-342.75,USD
[2026-04-09 16:22:37] DEBUG    | ib_insync.client       | <<< 73,1,12,DUM165609,,NetLiquidationByCurrency,245012.4985,USD
[2026-04-09 16:22:37] DEBUG    | ib_insync.client       | <<< 73,1,12,DUM165609,,UnrealizedPnL,2329.14,USD
[2026-04-09 16:22:37] DEBUG    | ib_insync.client       | <<< 73,1,12,DUM165609,,RealizedPnL,0.00,USD
[2026-04-09 16:22:37] DEBUG    | ib_insync.client       | <<< 73,1,12,DUM165609,,ExchangeRate,1.00,USD
[2026-04-09 16:22:37] DEBUG    | ib_insync.client       | <<< 73,1,12,DUM165609,,FundValue,0.00,USD
[2026-04-09 16:22:37] DEBUG    | ib_insync.client       | <<< 73,1,12,DUM165609,,NetDividend,0.00,USD
[2026-04-09 16:22:37] DEBUG    | ib_insync.client       | <<< 73,1,12,DUM165609,,MutualFundValue,0.00,USD
[2026-04-09 16:22:37] DEBUG    | ib_insync.client       | <<< 73,1,12,DUM165609,,MoneyMarketFundValue,0.00,USD
[2026-04-09 16:22:37] DEBUG    | ib_insync.client       | <<< 73,1,12,DUM165609,,CorporateBondValue,0.00,USD
[2026-04-09 16:22:37] DEBUG    | ib_insync.client       | <<< 73,1,12,DUM165609,,TBondValue,0.00,USD
[2026-04-09 16:22:37] DEBUG    | ib_insync.client       | <<< 73,1,12,DUM165609,,TBillValue,0.00,USD
[2026-04-09 16:22:37] DEBUG    | ib_insync.client       | <<< 73,1,12,DUM165609,,WarrantValue,0.00,USD
[2026-04-09 16:22:37] DEBUG    | ib_insync.client       | <<< 73,1,12,DUM165609,,FxCashBalance,0.00,USD
[2026-04-09 16:22:37] DEBUG    | ib_insync.client       | <<< 73,1,12,DUM165609,,AccountOrGroup,DUM165609,USD
[2026-04-09 16:22:37] DEBUG    | ib_insync.client       | <<< 73,1,12,DUM165609,,RealCurrency,USD,USD
[2026-04-09 16:22:37] DEBUG    | ib_insync.client       | <<< 73,1,12,DUM165609,,IssuerOptionValue,0.00,USD
[2026-04-09 16:22:37] DEBUG    | ib_insync.client       | <<< 73,1,12,DUM165609,,Cryptocurrency,0.00,USD
[2026-04-09 16:22:37] DEBUG    | ib_insync.client       | <<< 73,1,12,DUM165609,,Currency,BASE,BASE
[2026-04-09 16:22:37] DEBUG    | ib_insync.client       | <<< 73,1,12,DUM165609,,CashBalance,244870.7885,BASE
[2026-04-09 16:22:37] DEBUG    | ib_insync.client       | <<< 73,1,12,DUM165609,,TotalCashBalance,244870.7885,BASE
[2026-04-09 16:22:37] DEBUG    | ib_insync.client       | <<< 73,1,12,DUM165609,,AccruedCash,141.71,BASE
[2026-04-09 16:22:37] DEBUG    | ib_insync.client       | <<< 73,1,12,DUM165609,,StockMarketValue,0.00,BASE
[2026-04-09 16:22:37] DEBUG    | ib_insync.client       | <<< 73,1,12,DUM165609,,OptionMarketValue,0.00,BASE
[2026-04-09 16:22:37] DEBUG    | ib_insync.client       | <<< 73,1,12,DUM165609,,FutureOptionValue,0.00,BASE
[2026-04-09 16:22:37] DEBUG    | ib_insync.client       | <<< 73,1,12,DUM165609,,FuturesPNL,-342.75,BASE
[2026-04-09 16:22:37] DEBUG    | ib_insync.client       | <<< 73,1,12,DUM165609,,NetLiquidationByCurrency,245012.4985,BASE
[2026-04-09 16:22:37] DEBUG    | ib_insync.client       | <<< 73,1,12,DUM165609,,UnrealizedPnL,2329.14,BASE
[2026-04-09 16:22:37] DEBUG    | ib_insync.client       | <<< 73,1,12,DUM165609,,RealizedPnL,0.00,BASE
[2026-04-09 16:22:37] DEBUG    | ib_insync.client       | <<< 73,1,12,DUM165609,,ExchangeRate,1.00,BASE
[2026-04-09 16:22:37] DEBUG    | ib_insync.client       | <<< 73,1,12,DUM165609,,FundValue,0.00,BASE
[2026-04-09 16:22:37] DEBUG    | ib_insync.client       | <<< 73,1,12,DUM165609,,NetDividend,0.00,BASE
[2026-04-09 16:22:37] DEBUG    | ib_insync.client       | <<< 73,1,12,DUM165609,,MutualFundValue,0.00,BASE
[2026-04-09 16:22:37] DEBUG    | ib_insync.client       | <<< 73,1,12,DUM165609,,MoneyMarketFundValue,0.00,BASE
[2026-04-09 16:22:37] DEBUG    | ib_insync.client       | <<< 73,1,12,DUM165609,,CorporateBondValue,0.00,BASE
[2026-04-09 16:22:37] DEBUG    | ib_insync.client       | <<< 73,1,12,DUM165609,,TBondValue,0.00,BASE
[2026-04-09 16:22:37] DEBUG    | ib_insync.client       | <<< 73,1,12,DUM165609,,TBillValue,0.00,BASE
[2026-04-09 16:22:37] DEBUG    | ib_insync.client       | <<< 73,1,12,DUM165609,,WarrantValue,0.00,BASE
[2026-04-09 16:22:37] DEBUG    | ib_insync.client       | <<< 73,1,12,DUM165609,,FxCashBalance,0.00,BASE
[2026-04-09 16:22:37] DEBUG    | ib_insync.client       | <<< 73,1,12,DUM165609,,AccountOrGroup,DUM165609,BASE
[2026-04-09 16:22:37] DEBUG    | ib_insync.client       | <<< 73,1,12,DUM165609,,RealCurrency,USD,BASE
[2026-04-09 16:22:37] DEBUG    | ib_insync.client       | <<< 73,1,12,DUM165609,,IssuerOptionValue,0.00,BASE
[2026-04-09 16:22:37] DEBUG    | ib_insync.client       | <<< 73,1,12,DUM165609,,Cryptocurrency,0.00,BASE
[2026-04-09 16:22:37] DEBUG    | ib_insync.client       | <<< 74,1,12
[2026-04-09 16:22:38] DEBUG    | ib_insync.client       | <<< 101,706903676,MGC,FUT,20260428,0,?,10,COMEX,USD,MGCJ6,MGC,BUY,1,LMT,4733.4,0.0,DAY,,DUM165609,,0,,541554248,0,0,0,,,,,,,,0,,,0,,-1,,,,,,2147483647,0,0,,3,0,,0,None,,0,0,0,,0,0,,,,0,0,0,2147483647,2147483647,,,,IB,0,0,,0,Cancelled,0,0,0,1.7976931348623157E308,1.7976931348623157E308,0,1,0,,0,2147483647,0,Not an insider or substantial shareholder,0,0,0,20260409 05:50:43 US/Eastern,Rejected by System:
This order does not comply with our order handling rules for derivatives subject to IBKR near-expiration and physical delivery risk policies.
Please refer to our website for further details.,,,,,
[2026-04-09 16:22:38] DEBUG    | ib_insync.client       | <<< 101,706903676,MGC,FUT,20260428,0,?,10,COMEX,USD,MGCJ6,MGC,SELL,1,LMT,4843.4,0.0,GTC,541554248,DUM165609,,0,,541554249,0,0,0,,,,,,,,0,,,0,,-1,,,,,,2147483647,0,0,,3,0,,0,None,,0,0,0,,0,0,,,,0,0,0,2147483647,2147483647,,,,IB,0,0,,0,Cancelled,0,0,0,1.7976931348623157E308,1.7976931348623157E308,0,1,0,,0,2147483647,0,Not an insider or substantial shareholder,0,0,541554248,20260409 05:50:43 US/Eastern,Cancelled by System:
,,,,,
[2026-04-09 16:22:38] DEBUG    | ib_insync.client       | <<< 101,706903676,MGC,FUT,20260428,0,?,10,COMEX,USD,MGCJ6,MGC,SELL,1,STP,0.0,4623.4,GTC,541554248,DUM165609,,0,,541554250,0,0,0,,,,,,,,0,,,0,,-1,,,,,,2147483647,0,0,,3,0,,0,None,,0,0,0,,0,0,,,,0,0,0,2147483647,2147483647,,,,IB,0,0,,0,Cancelled,0,0,0,4623.4,1.7976931348623157E308,0,1,0,,0,2147483647,0,Not an insider or substantial shareholder,0,0,541554248,20260409 05:50:43 US/Eastern,Cancelled by System:
,,,,,
[2026-04-09 16:22:38] DEBUG    | ib_insync.client       | <<< 101,706903676,MGC,FUT,20260428,0,?,10,COMEX,USD,MGCJ6,MGC,BUY,1,LMT,4735.0,0.0,GTC,,DUM165609,,0,,541554245,0,0,0,,,,,,,,0,,,0,,-1,,,,,,2147483647,0,0,,3,0,,0,None,,0,0,0,,0,0,,,,0,0,0,2147483647,2147483647,,,,IB,0,0,,0,Cancelled,0,0,0,1.7976931348623157E308,1.7976931348623157E308,0,1,0,,0,2147483647,0,Not an insider or substantial shareholder,0,0,0,20260409 05:49:58 US/Eastern,Rejected by System:
This order does not comply with our order handling rules for derivatives subject to IBKR near-expiration and physical delivery risk policies.
Please refer to our website for further details.,,,,,
[2026-04-09 16:22:38] DEBUG    | ib_insync.client       | <<< 101,706903676,MGC,FUT,20260428,0,?,10,COMEX,USD,MGCJ6,MGC,SELL,1,LMT,4845.0,0.0,GTC,541554245,DUM165609,,0,,541554246,0,0,0,,,,,,,,0,,,0,,-1,,,,,,2147483647,0,0,,3,0,,0,None,,0,0,0,,0,0,,,,0,0,0,2147483647,2147483647,,,,IB,0,0,,0,Cancelled,0,0,0,1.7976931348623157E308,1.7976931348623157E308,0,1,0,,0,2147483647,0,Not an insider or substantial shareholder,0,0,541554245,20260409 05:49:58 US/Eastern,Cancelled by System:
,,,,,
[2026-04-09 16:22:38] DEBUG    | ib_insync.client       | <<< 101,706903676,MGC,FUT,20260428,0,?,10,COMEX,USD,MGCJ6,MGC,SELL,1,STP,0.0,4625.0,GTC,541554245,DUM165609,,0,,541554247,0,0,0,,,,,,,,0,,,0,,-1,,,,,,2147483647,0,0,,3,0,,0,None,,0,0,0,,0,0,,,,0,0,0,2147483647,2147483647,,,,IB,0,0,,0,Cancelled,0,0,0,4625.0,1.7976931348623157E308,0,1,0,,0,2147483647,0,Not an insider or substantial shareholder,0,0,541554245,20260409 05:49:58 US/Eastern,Cancelled by System:
,,,,,
[2026-04-09 16:22:38] DEBUG    | ib_insync.client       | <<< 102
[2026-04-09 16:22:38] DEBUG    | ib_insync.client       | >>> 7,3,13,0,,,,,,
[2026-04-09 16:22:38] DEBUG    | ib_insync.client       | <<< 55,1,13
[2026-04-09 16:22:38] INFO     | ib_insync.ib           | Synchronization complete
[2026-04-09 16:22:38] INFO     | trading.broker         | Connected to IBKR
[2026-04-09 16:22:38] INFO     | trading.strategy.mgc_pullback | ==================================================
[2026-04-09 16:22:38] INFO     | trading.strategy.mgc_pullback | EXECUTING STRATEGY: mgc_pullback
[2026-04-09 16:22:38] INFO     | trading.strategy.mgc_pullback | ==================================================
[2026-04-09 16:22:38] INFO     | trading.strategy.mgc_pullback | [1] Qualifying contracts...
[2026-04-09 16:22:38] DEBUG    | ib_insync.client       | >>> 9,8,14,0,MGC,FUT,202606,0.0,,,COMEX,,USD,,,0,,,
[2026-04-09 16:22:39] DEBUG    | ib_insync.client       | <<< 10,14,MGC,FUT,20260626 13:30:00 US/Eastern,0,,COMEX,USD,MGCM6,MGC,MGC,712565978,0.1,10,ACTIVETIM,AD,ADJUST,ALERT,ALGO,ALLOC,AVGCOST,BASKET,BENCHPX,COND,CONDORDER,DAY,DEACT,DEACTDIS,DEACTEOD,GAT,GTC,GTD,GTT,HID,ICE,IOC,LIT,LMT,LTH,MIT,MKT,MTL,NGCOMB,NONALGO,OCA,PEGBENCH,SCALE,SCALERST,SIZECHK,SNAPMID,SNAPMKT,SNAPREL,STP,STPLMT,TRAIL,TRAILLIT,TRAILLMT,TRAILMIT,WHATIF,COMEX,1,79702479,E-Micro Gold ,,202606,,,,US/Eastern,20260408:1800-20260409:1700;20260409:1800-20260410:1700;20260411:CLOSED;20260412:1800-20260413:1700;20260413:1800-20260414:1700;20260414:1800-20260415:1700,20260409:0930-20260409:1700;20260410:0930-20260410:1700;20260411:CLOSED;20260412:CLOSED;20260413:0930-20260413:1700;20260414:0930-20260414:1700;20260414:1800-20260415:1700,,,0,2147483647,MGC,IND,65,20260626,,1,1,1
[2026-04-09 16:22:39] DEBUG    | ib_insync.client       | <<< 52,1,14
[2026-04-09 16:22:39] INFO     | trading.broker         | Qualified contract: MGCM6  conId=712565978
[2026-04-09 16:22:39] DEBUG    | ib_insync.client       | >>> 9,8,15,0,GC,FUT,202606,0.0,,,COMEX,,USD,,,0,,,
[2026-04-09 16:22:40] DEBUG    | ib_insync.client       | <<< 10,15,GC,FUT,20260626 13:30:00 US/Eastern,0,,COMEX,USD,GCM6,GC,GC,430360630,0.1,100,ACTIVETIM,AD,ADJUST,ALERT,ALGO,ALLOC,AVGCOST,BASKET,BENCHPX,COND,CONDORDER,DAY,DEACT,DEACTDIS,DEACTEOD,GAT,GTC,GTD,GTT,HID,ICE,IOC,LIT,LMT,LTH,MIT,MKT,MTL,NGCOMB,NONALGO,OCA,PEGBENCH,SCALE,SCALERST,SIZECHK,SNAPMID,SNAPMKT,SNAPREL,STP,STPLMT,TRAIL,TRAILLIT,TRAILLMT,TRAILMIT,WHATIF,COMEX,QBALGO,1,17340718,Gold,,202606,,,,US/Eastern,20260408:1800-20260409:1700;20260409:1800-20260410:1700;20260411:CLOSED;20260412:1800-20260413:1700;20260413:1800-20260414:1700;20260414:1800-20260415:1700,20260409:0930-20260409:1700;20260410:0930-20260410:1700;20260411:CLOSED;20260412:CLOSED;20260413:0930-20260413:1700;20260414:0930-20260414:1700;20260414:1800-20260415:1700,,,0,2147483647,GC,IND,65,65,20260626,,1,1,1
[2026-04-09 16:22:40] DEBUG    | ib_insync.client       | <<< 52,1,15
[2026-04-09 16:22:40] INFO     | trading.broker         | Qualified contract: GCM6  conId=430360630
[2026-04-09 16:22:40] INFO     | trading.strategy.mgc_pullback | [2] Fetching historical data...
[2026-04-09 16:22:40] DEBUG    | ib_insync.client       | >>> 9,8,16,0,GC,FUT,202606,0.0,,,COMEX,,USD,,,0,,,
[2026-04-09 16:22:40] DEBUG    | ib_insync.client       | <<< 10,16,GC,FUT,20260626 13:30:00 US/Eastern,0,,COMEX,USD,GCM6,GC,GC,430360630,0.1,100,ACTIVETIM,AD,ADJUST,ALERT,ALGO,ALLOC,AVGCOST,BASKET,BENCHPX,COND,CONDORDER,DAY,DEACT,DEACTDIS,DEACTEOD,GAT,GTC,GTD,GTT,HID,ICE,IOC,LIT,LMT,LTH,MIT,MKT,MTL,NGCOMB,NONALGO,OCA,PEGBENCH,SCALE,SCALERST,SIZECHK,SNAPMID,SNAPMKT,SNAPREL,STP,STPLMT,TRAIL,TRAILLIT,TRAILLMT,TRAILMIT,WHATIF,COMEX,QBALGO,1,17340718,Gold,,202606,,,,US/Eastern,20260408:1800-20260409:1700;20260409:1800-20260410:1700;20260411:CLOSED;20260412:1800-20260413:1700;20260413:1800-20260414:1700;20260414:1800-20260415:1700,20260409:0930-20260409:1700;20260410:0930-20260410:1700;20260411:CLOSED;20260412:CLOSED;20260413:0930-20260413:1700;20260414:0930-20260414:1700;20260414:1800-20260415:1700,,,0,2147483647,GC,IND,65,65,20260626,,1,1,1
[2026-04-09 16:22:40] DEBUG    | ib_insync.client       | <<< 52,1,16
[2026-04-09 16:22:40] INFO     | trading.broker         | Qualified contract: GCM6  conId=430360630
[2026-04-09 16:22:40] DEBUG    | ib_insync.client       | >>> 20,17,430360630,GC,FUT,20260626,0.0,,100,COMEX,,USD,GCM6,GC,0,,1 day,20 Y,0,TRADES,2,0,
[2026-04-09 16:22:42] DEBUG    | ib_insync.client       | <<< 17,17,20060409 06:52:40 US/Eastern,20260409 06:52:40 US/Eastern,1470,20200630,1917.10,1917.10,1917.10,1917.10,0,1917.1,0,20200701,1898.60,1898.60,1898.60,1898.60,0,1898.6,0,20200702,1908.90,1908.90,1908.90,1908.90,0,1908.9,0,20200706,1915.30,1915.30,1915.30,1915.30,0,1915.3,0,20200707,1936.80,1936.80,1936.80,1936.80,0,1936.8,0,20200708,1957.40,1957.40,1957.40,1957.40,0,1957.4,0,20200709,1940.70,1940.70,1940.70,1940.70,0,1940.7,0,20200710,1938.70,1938.70,1938.70,1938.70,0,1938.7,0,20200713,1952.00,1952.00,1952.00,1952.00,0,1952,0,20200714,1950.10,1950.10,1950.10,1950.10,0,1950.1,0,20200715,1950.00,1950.00,1950.00,1950.00,0,1950,0,20200716,1934.70,1934.70,1934.70,1934.70,0,1934.7,0,20200717,1941.60,1941.60,1941.60,1941.60,0,1941.6,0,20200720,1948.20,1948.20,1948.20,1948.20,0,1948.2,0,20200721,1979.50,1979.50,1979.50,1979.50,0,1979.5,0,20200722,2007.20,2007.20,2007.20,2007.20,0,2007.2,0,20200723,2035.80,2035.80,2035.80,2035.80,0,2035.8,0,20200724,2046.30,2046.30,2046.30,2046.30,0,2046.3,0,20200727,2078.00,2078.00,2078.00,2078.00,0,2078,0,20200728,2086.30,2086.30,2086.30,2086.30,0,2086.3,0,20200729,2097.60,2097.60,2097.60,2097.60,0,2097.6,0,20200730,2087.30,2087.30,2087.30,2087.30,0,2087.3,0,20200731,2107.50,2107.50,2107.50,2107.50,0,2107.5,0,20200803,2108.50,2108.50,2108.50,2108.50,0,2108.5,0,20200804,2143.50,2143.50,2143.50,2143.50,0,2143.5,0,20200805,2173.90,2173.90,2173.90,2173.90,0,2173.9,0,20200806,2195.80,2195.80,2195.80,2195.80,0,2195.8,0,20200807,2153.60,2153.60,2153.60,2153.60,0,2153.6,0,20200810,2164.80,2164.80,2164.80,2164.80,0,2164.8,0,20200811,2068.10,2068.10,2068.10,2068.10,0,2068.1,0,20200812,2068.50,2068.50,2068.50,2068.50,0,2068.5,0,20200813,2090.30,2090.30,2090.30,2090.30,0,2090.3,0,20200814,2068.40,2068.40,2068.40,2068.40,0,2068.4,0,20200817,2113.20,2113.20,2113.20,2113.20,0,2113.2,0,20200818,2128.30,2128.30,2128.30,2128.30,0,2128.3,0,20200819,2084.20,2084.20,2084.20,2084.20,0,2084.2,0,20200820,2060.80,2060.80,2060.80,2060.80,0,2060.8,0,20200821,2061.20,2061.20,2061.20,2061.20,0,2061.2,0,20200824,2053.90,2053.90,2053.90,2053.90,0,2053.9,0,20200825,2036.70,2036.70,2036.70,2036.70,0,2036.7,0,20200826,2065.90,2065.90,2065.90,2065.90,0,2065.9,0,20200827,2044.20,2044.20,2044.20,2044.20,0,2044.2,0,20200828,2081.90,2081.90,2081.90,2081.90,0,2081.9,0,20200831,2090.10,2090.10,2090.10,2090.10,0,2090.1,0,20200901,2089.90,2089.90,2089.90,2089.90,0,2089.9,0,20200902,2054.90,2054.90,2054.90,2054.90,0,2054.9,0,20200903,2046.00,2046.00,2046.00,2046.00,0,2046,0,20200904,2042.20,2042.20,2042.20,2042.20,0,2042.2,0,20200908,2050.90,2050.90,2050.90,2050.90,0,2050.9,0,20200909,2062.00,2062.00,2062.00,2062.00,0,2062,0,20200910,2072.70,2072.70,2072.70,2072.70,0,2072.7,0,20200911,2057.10,2057.10,2057.10,2057.10,0,2057.1,0,20200914,2073.70,2073.70,2073.70,2073.70,0,2073.7,0,20200915,2076.20,2076.20,2076.20,2076.20,0,2076.2,0,20200916,2080.50,2080.50,2080.50,2080.50,0,2080.5,0,20200917,2058.80,2058.80,2058.80,2058.80,0,2058.8,0,20200918,2071.10,2071.10,2071.10,2071.10,0,2071.1,0,20200921,2019.20,2019.20,2019.20,2019.20,0,2019.2,0,20200922,2016.70,2016.70,2016.70,2016.70,0,2016.7,0,20200923,1975.90,1975.90,1975.90,1975.90,0,1975.9,0,20200924,1983.70,1983.70,1983.70,1983.70,0,1983.7,0,20200925,1973.50,1973.50,1973.50,1973.50,0,1973.5,0,20200928,1989.80,1989.80,1989.80,1989.80,0,1989.8,0,20200929,2010.80,2010.80,2010.80,2010.80,0,2010.8,0,20200930,2003.30,2003.30,2003.30,2003.30,0,2003.3,0,20201001,2023.80,2023.80,2023.80,2023.80,0,2023.8,0,20201002,2015.00,2015.00,2015.00,2015.00,0,2015,0,20201005,2027.60,2027.60,2027.60,2027.60,0,2027.6,0,20201006,2016.90,2016.90,2016.90,2016.90,0,2016.9,0,20201007,2000.10,2000.10,2000.10,2000.10,0,2000.1,0,20201008,2006.10,2006.10,2006.10,2006.10,0,2006.1,0,20201009,2036.60,2036.60,2036.60,2036.60,0,2036.6,0,20201012,2039.30,2039.30,2039.30,2039.30,0,2039.3,0,20201013,2005.10,2005.10,2005.10,2005.10,0,2005.1,0,20201014,2018.60,2018.60,2018.60,2018.60,0,2018.6,0,20201015,2019.40,2019.40,2019.40,2019.40,0,2019.4,0,20201016,2017.00,2017.00,2017.00,2017.00,0,2017,0,20201019,2021.80,2021.80,2021.80,2021.80,0,2021.8,0,20201020,2025.10,2025.10,2025.10,2025.10,0,2025.1,0,20201021,2039.10,2039.10,2039.10,2039.10,0,2039.1,0,20201022,2014.70,2014.70,2014.70,2014.70,0,2014.7,0,20201023,2015.70,2015.70,2015.70,2015.70,0,2015.7,0,20201026,2017.60,2017.60,2017.60,2017.60,0,2017.6,0,20201027,2023.60,2023.60,2023.60,2023.60,0,2023.6,0,20201028,1990.50,1990.50,1990.50,1990.50,0,1990.5,0,20201029,1978.50,1978.50,1978.50,1978.50,0,1978.5,0,20201030,1989.90,1989.90,1989.90,1989.90,0,1989.9,0,20201102,2002.70,2002.70,2002.70,2002.70,0,2002.7,0,20201103,2020.20,2020.20,2020.20,2020.20,0,2020.2,0,20201104,2006.70,2006.70,2006.70,2006.70,0,2006.7,0,20201105,2058.00,2058.00,2058.00,2058.00,0,2058,0,20201106,2063.80,2063.80,2063.80,2063.80,0,2063.8,0,20201109,1965.60,1965.60,1965.60,1965.60,0,1965.6,0,20201110,1988.10,1988.10,1988.10,1988.10,0,1988.1,0,20201111,1971.80,1971.80,1971.80,1971.80,0,1971.8,0,20201112,1984.40,1984.40,1984.40,1984.40,0,1984.4,0,20201113,1997.50,1997.50,1997.50,1997.50,0,1997.5,0,20201116,1996.40,1996.40,1996.40,1996.40,0,1996.4,0,20201117,1992.50,1992.50,1992.50,1992.50,0,1992.5,0,20201118,1978.70,1978.70,1978.70,1978.70,0,1978.7,0,20201119,1966.90,1966.90,1966.90,1966.90,0,1966.9,0,20201120,1977.90,1977.90,1977.90,1977.90,0,1977.9,0,20201123,1944.30,1944.30,1944.30,1944.30,0,1944.3,0,20201124,1910.60,1910.60,1910.60,1910.60,0,1910.6,0,20201125,1909.10,1909.10,1909.10,1909.10,0,1909.1,0,20201127,1886.40,1886.40,1886.40,1886.40,0,1886.4,0,20201130,1878.80,1878.80,1878.80,1878.80,0,1878.8,0,20201201,1916.20,1916.20,1916.20,1916.20,0,1916.2,0,20201202,1926.20,1926.20,1926.20,1926.20,0,1926.2,0,20201203,1936.70,1936.70,1936.70,1936.70,0,1936.7,0,20201204,1937.20,1937.20,1937.20,1937.20,0,1937.2,0,20201207,1962.90,1962.90,1962.90,1962.90,0,1962.9,0,20201208,1971.40,1971.40,1971.40,1971.40,0,1971.4,0,20201209,1933.30,1933.30,1933.30,1933.30,0,1933.3,0,20201210,1932.50,1932.50,1932.50,1932.50,0,1932.5,0,20201211,1938.70,1938.70,1938.70,1938.70,0,1938.7,0,20201214,1927.90,1927.90,1927.90,1927.90,0,1927.9,0,20201215,1950.90,1950.90,1950.90,1950.90,0,1950.9,0,20201216,1953.70,1953.70,1953.70,1953.70,0,1953.7,0,20201217,1984.70,1984.70,1984.70,1984.70,0,1984.7,0,20201218,1983.40,1983.40,1983.40,1983.40,0,1983.4,0,20201221,1977.60,1977.60,1977.60,1977.60,0,1977.6,0,20201222,1965.80,1965.80,1965.80,1965.80,0,1965.8,0,20201223,1972.70,1972.70,1972.70,1972.70,0,1972.7,0,20201224,1978.50,1978.50,1978.50,1978.50,0,1978.5,0,20201228,1976.10,1976.10,1976.10,1976.10,0,1976.1,0,20201229,1979.20,1979.20,1979.20,1979.20,0,1979.2,0,20201230,1990.50,1990.50,1990.50,1990.50,0,1990.5,0,20201231,1992.70,1992.70,1992.70,1992.70,0,1992.7,0,20210104,2045.40,2045.40,2045.40,2045.40,0,2045.4,0,20210105,2053.20,2053.20,2053.20,2053.20,0,2053.2,0,20210106,2007.50,2007.50,2007.50,2007.50,0,2007.5,0,20210107,2011.10,2011.10,2011.10,2011.10,0,2011.1,0,20210108,1932.50,1932.50,1932.50,1932.50,0,1932.5,0,20210111,1946.70,1946.70,1946.70,1946.70,0,1946.7,0,20210112,1939.50,1939.50,1939.50,1939.50,0,1939.5,0,20210113,1949.80,1949.80,1949.80,1949.80,0,1949.8,0,20210114,1946.30,1946.30,1946.30,1946.30,0,1946.3,0,20210115,1923.50,1923.50,1923.50,1923.50,0,1923.5,0,20210119,1932.00,1932.00,1932.00,1932.00,0,1932,0,20210120,1957.50,1957.50,1957.50,1957.50,0,1957.5,0,20210121,1956.50,1956.50,1956.50,1956.50,0,1956.5,0,20210122,1944.60,1944.60,1944.60,1944.60,0,1944.6,0,20210125,1944.00,1944.00,1944.00,1944.00,0,1944,0,20210126,1940.00,1940.00,1940.00,1940.00,0,1940,0,20210127,1934.00,1934.00,1934.00,1934.00,0,1934,0,20210128,1925.80,1925.80,1925.80,1925.80,0,1925.8,0,20210129,1934.00,1934.00,1934.00,1934.00,0,1934,0,20210201,1946.00,1946.00,1946.00,1946.00,0,1946,0,20210202,1917.60,1917.60,1917.60,1917.60,0,1917.6,0,20210203,1921.10,1921.10,1921.10,1921.10,0,1921.1,0,20210204,1876.90,1876.90,1876.90,1876.90,0,1876.9,0,20210205,1899.00,1899.00,1899.00,1899.00,0,1899,0,20210208,1918.40,1918.40,1918.40,1918.40,0,1918.4,0,20210209,1922.30,1922.30,1922.30,1922.30,0,1922.3,0,20210210,1927.50,1927.50,1927.50,1927.50,0,1927.5,0,20210211,1911.70,1911.70,1911.70,1911.70,0,1911.7,0,20210212,1907.60,1907.60,1907.60,1907.60,0,1907.6,0,20210216,1883.60,1883.60,1883.60,1883.60,0,1883.6,0,20210217,1857.20,1857.20,1857.20,1857.20,0,1857.2,0,20210218,1859.00,1859.00,1859.00,1859.00,0,1859,0,20210219,1861.30,1861.30,1861.30,1861.30,0,1861.3,0,20210222,1942.00,1942.00,1942.00,1942.00,0,1942,0,20210223,1939.50,1939.50,1939.50,1939.50,0,1939.5,0,20210224,1932.00,1932.00,1932.00,1932.00,0,1932,0,20210225,1911.90,1911.90,1911.90,1911.90,0,1911.9,0,20210226,1866.50,1866.50,1866.50,1866.50,0,1866.5,0,20210301,1859.50,1859.50,1859.50,1859.50,0,1859.5,0,20210302,1870.20,1870.20,1870.20,1870.20,0,1870.2,0,20210303,1852.50,1852.50,1852.50,1852.50,0,1852.5,0,20210304,1837.60,1837.60,1837.60,1837.60,0,1837.6,0,20210305,1836.20,1836.20,1836.20,1836.20,0,1836.2,0,20210308,1814.80,1814.80,1814.80,1814.80,0,1814.8,0,20210309,1853.20,1853.20,1853.20,1853.20,0,1853.2,0,20210310,1857.20,1857.20,1857.20,1857.20,0,1857.2,0,20210311,1857.20,1857.20,1857.20,1857.20,0,1857.2,0,20210312,1853.10,1853.10,1853.10,1853.10,0,1853.1,0,20210315,1862.80,1862.80,1862.80,1862.80,0,1862.8,0,20210316,1864.40,1864.40,1864.40,1864.40,0,1864.4,0,20210317,1860.20,1860.20,1860.20,1860.20,0,1860.2,0,20210318,1866.10,1866.10,1866.10,1866.10,0,1866.1,0,20210319,1875.30,1875.30,1875.30,1875.30,0,1875.3,0,20210322,1872.10,1872.10,1872.10,1872.10,0,1872.1,0,20210323,1859.20,1859.20,1859.20,1859.20,0,1859.2,0,20210324,1866.90,1866.90,1866.90,1866.90,0,1866.9,0,20210325,1858.80,1858.80,1858.80,1858.80,0,1858.8,0,20210326,1865.90,1865.90,1865.90,1865.90,0,1865.9,0,20210329,1846.10,1846.10,1846.10,1846.10,0,1846.1,0,20210330,1817.60,1817.60,1817.60,1817.60,0,1817.6,0,20210331,1847.20,1847.20,1847.20,1847.20,0,1847.2,0,20210401,1859.70,1859.70,1859.70,1859.70,0,1859.7,0,20210405,1860.60,1860.60,1860.60,1860.60,0,1860.6,0,20210406,1874.50,1874.50,1874.50,1874.50,0,1874.5,0,20210407,1873.00,1873.00,1873.00,1873.00,0,1873,0,20210408,1890.10,1890.10,1890.10,1890.10,0,1890.1,0,20210409,1876.70,1876.70,1876.70,1876.70,0,1876.7,0,20210412,1864.80,1864.80,1864.80,1864.80,0,1864.8,0,20210413,1879.80,1879.80,1879.80,1879.80,0,1879.8,0,20210414,1868.80,1868.80,1868.80,1868.80,0,1868.8,0,20210415,1899.50,1899.50,1899.50,1899.50,0,1899.5,0,20210416,1912.70,1912.70,1912.70,1912.70,0,1912.7,0,20210419,1903.30,1903.30,1903.30,1903.30,0,1903.3,0,20210420,1911.10,1911.10,1911.10,1911.10,0,1911.1,0,20210421,1926.10,1926.10,1926.10,1926.10,0,1926.1,0,20210422,1914.80,1914.80,1914.80,1914.80,0,1914.8,0,20210423,1910.20,1910.20,1910.20,1910.20,0,1910.2,0,20210426,1912.70,1912.70,1912.70,1912.70,0,1912.7,0,20210427,1911.50,1911.50,1911.50,1911.50,0,1911.5,0,20210428,1906.60,1906.60,1906.60,1906.60,0,1906.6,0,20210429,1897.90,1897.90,1897.90,1897.90,0,1897.9,0,20210430,1897.40,1897.40,1897.40,1897.40,0,1897.4,0,20210503,1923.10,1923.10,1923.10,1923.10,0,1923.1,0,20210504,1907.60,1907.60,1907.60,1907.60,0,1907.6,0,20210505,1916.00,1916.00,1916.00,1916.00,0,1916,0,20210506,1947.00,1947.00,1947.00,1947.00,0,1947,0,20210507,1962.50,1962.50,1962.50,1962.50,0,1962.5,0,20210510,1968.90,1968.90,1968.90,1968.90,0,1968.9,0,20210511,1967.30,1967.30,1967.30,1967.30,0,1967.3,0,20210512,1954.00,1954.00,1954.00,1954.00,0,1954,0,20210513,1955.30,1955.30,1955.30,1955.30,0,1955.3,0,20210514,1969.60,1969.60,1969.60,1969.60,0,1969.6,0,20210517,1998.00,1998.00,1998.00,1998.00,0,1998,0,20210518,1998.60,1998.60,1998.60,1998.60,0,1998.6,0,20210519,2012.00,2012.00,2012.00,2012.00,0,2012,0,20210520,2012.40,2012.40,2012.40,2012.40,0,2012.4,0,20210521,2007.90,2007.90,2007.90,2007.90,0,2007.9,0,20210524,2019.70,2019.70,2019.70,2019.70,0,2019.7,0,20210525,2030.70,2030.70,2030.70,2030.70,0,2030.7,0,20210526,2034.10,2034.10,2034.10,2034.10,0,2034.1,0,20210527,2029.70,2029.70,2029.70,2029.70,0,2029.7,0,20210528,2035.90,2035.90,2035.90,2035.90,0,2035.9,0,20210601,2035.60,2035.60,2035.60,2035.60,0,2035.6,0,20210602,2040.50,2040.50,2040.50,2040.50,0,2040.5,0,20210603,2003.90,2003.90,2003.90,2003.90,0,2003.9,0,20210604,2022.40,2022.40,2022.40,2022.40,0,2022.4,0,20210607,2029.00,2029.00,2029.00,2029.00,0,2029,0,20210608,2024.10,2024.10,2024.10,2024.10,0,2024.1,0,20210609,2025.00,2025.00,2025.00,2025.00,0,2025,0,20210610,2025.60,2025.60,2025.60,2025.60,0,2025.6,0,20210611,2008.50,2008.50,2008.50,2008.50,0,2008.5,0,20210614,1993.80,1993.80,1993.80,1993.80,0,1993.8,0,20210615,1984.40,1984.40,1984.40,1984.40,0,1984.4,0,20210616,1989.40,1989.40,1989.40,1989.40,0,1989.4,0,20210617,1902.80,1902.80,1902.80,1902.80,0,1902.8,0,20210618,1897.50,1897.50,1897.50,1897.50,0,1897.5,0,20210621,1911.30,1911.30,1911.30,1911.30,0,1911.3,0,20210622,1905.40,1905.40,1905.40,1905.40,0,1905.4,0,20210623,1911.60,1911.60,1911.60,1911.60,0,1911.6,0,20210624,1905.00,1905.00,1905.00,1905.00,0,1905,0,20210625,1905.80,1905.80,1905.80,1905.80,0,1905.8,0,20210628,1908.60,1908.60,1908.60,1908.60,0,1908.6,0,20210629,1891.50,1891.50,1891.50,1891.50,0,1891.5,0,20210630,1899.90,1899.90,1899.90,1899.90,0,1899.9,0,20210701,1905.10,1905.10,1905.10,1905.10,0,1905.1,0,20210702,1911.90,1911.90,1911.90,1911.90,0,1911.9,0,20210706,1922.50,1922.50,1922.50,1922.50,0,1922.5,0,20210707,1930.70,1930.70,1930.70,1930.70,0,1930.7,0,20210708,1928.50,1928.50,1928.50,1928.50,0,1928.5,0,20210709,1939.50,1939.50,1939.50,1939.50,0,1939.5,0,20210712,1934.70,1934.70,1934.70,1934.70,0,1934.7,0,20210713,1939.20,1939.20,1939.20,1939.20,0,1939.2,0,20210714,1954.50,1954.50,1954.50,1954.50,0,1954.5,0,20210715,1958.30,1958.30,1958.30,1958.30,0,1958.3,0,20210716,1944.40,1944.40,1944.40,1944.40,0,1944.4,0,20210719,1938.20,1938.20,1938.20,1938.20,0,1938.2,0,20210720,1940.00,1940.00,1940.00,1940.00,0,1940,0,20210721,1932.00,1932.00,1932.00,1932.00,0,1932,0,20210722,1934.20,1934.20,1934.20,1934.20,0,1934.2,0,20210723,1930.30,1930.30,1930.30,1930.30,0,1930.3,0,20210726,1927.90,1927.90,1927.90,1927.90,0,1927.9,0,20210727,1928.20,1928.20,1928.20,1928.20,0,1928.2,0,20210728,1929.00,1929.00,1929.00,1929.00,0,1929,0,20210729,1960.30,1960.30,1960.30,1960.30,0,1960.3,0,20210730,1941.50,1941.50,1941.50,1941.50,0,1941.5,0,20210802,1946.50,1946.50,1946.50,1946.50,0,1946.5,0,20210803,1938.90,1938.90,1938.90,1938.90,0,1938.9,0,20210804,1939.20,1939.20,1939.20,1939.20,0,1939.2,0,20210805,1934.20,1934.20,1934.20,1934.20,0,1934.2,0,20210806,1889.10,1889.10,1889.10,1889.10,0,1889.1,0,20210809,1852.40,1852.40,1852.40,1852.40,0,1852.4,0,20210810,1857.80,1857.80,1857.80,1857.80,0,1857.8,0,20210811,1879.70,1879.70,1879.70,1879.70,0,1879.7,0,20210812,1878.20,1878.20,1878.20,1878.20,0,1878.2,0,20210813,1904.00,1904.00,1904.00,1904.00,0,1904,0,20210816,1916.00,1916.00,1916.00,1916.00,0,1916,0,20210817,1913.00,1913.00,1913.00,1913.00,0,1913,0,20210818,1909.60,1909.60,1909.60,1909.60,0,1909.6,0,20210819,1908.00,1908.00,1908.00,1908.00,0,1908,0,20210820,1908.60,1908.60,1908.60,1908.60,0,1908.6,0,20210823,1930.80,1930.80,1930.80,1930.80,0,1930.8,0,20210824,1932.80,1932.80,1932.80,1932.80,0,1932.8,0,20210825,1915.30,1915.30,1915.30,1915.30,0,1915.3,0,20210826,1919.70,1919.70,1919.70,1919.70,0,1919.7,0,20210827,1944.00,1944.00,1944.00,1944.00,0,1944,0,20210830,1936.70,1936.70,1936.70,1936.70,0,1936.7,0,20210831,1942.60,1942.60,1942.60,1942.60,0,1942.6,0,20210901,1940.40,1940.40,1940.40,1940.40,0,1940.4,0,20210902,1932.10,1932.10,1932.10,1932.10,0,1932.1,0,20210903,1954.10,1954.10,1954.10,1954.10,0,1954.1,0,20210907,1919.00,1919.00,1919.00,1919.00,0,1919,0,20210908,1914.10,1914.10,1914.10,1914.10,0,1914.1,0,20210909,1920.60,1920.60,1920.60,1920.60,0,1920.6,0,20210910,1912.80,1912.80,1912.80,1912.80,0,1912.8,0,20210913,1915.10,1915.10,1915.10,1915.10,0,1915.1,0,20210914,1927.80,1927.80,1927.80,1927.80,0,1927.8,0,20210915,1915.40,1915.40,1915.40,1915.40,0,1915.4,0,20210916,1877.20,1877.20,1877.20,1877.20,0,1877.2,0,20210917,1871.60,1871.60,1871.60,1871.60,0,1871.6,0,20210920,1884.20,1884.20,1884.20,1884.20,0,1884.2,0,20210921,1898.80,1898.80,1898.80,1898.80,0,1898.8,0,20210922,1899.30,1899.30,1899.30,1899.30,0,1899.3,0,20210923,1870.10,1870.10,1870.10,1870.10,0,1870.1,0,20210924,1871.90,1871.90,1871.90,1871.90,0,1871.9,0,20210927,1872.20,1872.20,1872.20,1872.20,0,1872.2,0,20210928,1857.70,1857.70,1857.70,1857.70,0,1857.7,0,20210929,1842.90,1842.90,1842.90,1842.90,0,1842.9,0,20210930,1876.00,1876.00,1876.00,1876.00,0,1876,0,20211001,1877.70,1877.70,1877.70,1877.70,0,1877.7,0,20211004,1886.60,1886.60,1886.60,1886.60,0,1886.6,0,20211005,1880.40,1880.40,1880.40,1880.40,0,1880.4,0,20211006,1881.10,1881.10,1881.10,1881.10,0,1881.1,0,20211007,1879.30,1879.30,1879.30,1879.30,0,1879.3,0,20211008,1877.70,1877.70,1877.70,1877.70,0,1877.7,0,20211011,1876.20,1876.20,1876.20,1876.20,0,1876.2,0,20211012,1879.70,1879.70,1879.70,1879.70,0,1879.7,0,20211013,1915.90,1915.90,1915.90,1915.90,0,1915.9,0,20211014,1918.70,1918.70,1918.70,1918.70,0,1918.7,0,20211015,1889.10,1889.10,1889.10,1889.10,0,1889.1,0,20211018,1886.80,1886.80,1886.80,1886.80,0,1886.8,0,20211019,1891.70,1891.70,1891.70,1891.70,0,1891.7,0,20211020,1905.70,1905.70,1905.70,1905.70,0,1905.7,0,20211021,1903.00,1903.00,1903.00,1903.00,0,1903,0,20211022,1917.60,1917.60,1917.60,1917.60,0,1917.6,0,20211025,1927.80,1927.80,1927.80,1927.80,0,1927.8,0,20211026,1914.40,1914.40,1914.40,1914.40,0,1914.4,0,20211027,1920.00,1920.00,1920.00,1920.00,0,1920,0,20211028,1923.50,1923.50,1923.50,1923.50,0,1923.5,0,20211029,1904.90,1904.90,1904.90,1904.90,0,1904.9,0,20211101,1916.00,1916.00,1916.00,1916.00,0,1916,0,20211102,1909.50,1909.50,1909.50,1909.50,0,1909.5,0,20211103,1883.70,1883.70,1883.70,1883.70,0,1883.7,0,20211104,1913.50,1913.50,1913.50,1913.50,0,1913.5,0,20211105,1937.00,1937.00,1937.00,1937.00,0,1937,0,20211108,1948.30,1948.30,1948.30,1948.30,0,1948.3,0,20211109,1951.00,1951.00,1951.00,1951.00,0,1951,0,20211110,1969.00,1969.00,1969.00,1969.00,0,1969,0,20211111,1984.30,1984.30,1984.30,1984.30,0,1984.3,0,20211112,1988.80,1988.80,1988.80,1988.80,0,1988.8,0,20211115,1987.20,1987.20,1987.20,1987.20,0,1987.2,0,20211116,1975.10,1975.10,1975.10,1975.10,0,1975.1,0,20211117,1991.10,1991.10,1991.10,1991.10,0,1991.1,0,20211118,1982.20,1982.20,1982.20,1982.20,0,1982.2,0,20211119,1972.30,1972.30,1972.30,1972.30,0,1972.3,0,20211122,1927.50,1927.50,1927.50,1927.50,0,1927.5,0,20211123,1905.00,1905.00,1905.00,1905.00,0,1905,0,20211124,1905.80,1905.80,1905.80,1905.80,0,1905.8,0,20211126,1906.20,1906.20,1906.20,1906.20,0,1906.2,0,20211129,1903.50,1903.50,1903.50,1903.50,0,1903.5,0,20211130,1894.80,1894.80,1894.80,1894.80,0,1894.8,0,20211201,1903.60,1903.60,1903.60,1903.60,0,1903.6,0,20211202,1881.90,1881.90,1881.90,1881.90,0,1881.9,0,20211203,1902.90,1902.90,1902.90,1902.90,0,1902.9,0,20211206,1898.90,1898.90,1898.90,1898.90,0,1898.9,0,20211207,1904.50,1904.50,1904.50,1904.50,0,1904.5,0,20211208,1905.60,1905.60,1905.60,1905.60,0,1905.6,0,20211209,1897.20,1897.20,1897.20,1897.20,0,1897.2,0,20211210,1905.40,1905.40,1905.40,1905.40,0,1905.4,0,20211213,1909.80,1909.80,1909.80,1909.80,0,1909.8,0,20211214,1894.50,1894.50,1894.50,1894.50,0,1894.5,0,20211215,1886.70,1886.70,1886.70,1886.70,0,1886.7,0,20211216,1919.90,1919.90,1919.90,1919.90,0,1919.9,0,20211217,1926.40,1926.40,1926.40,1926.40,0,1926.4,0,20211220,1916.10,1916.10,1916.10,1916.10,0,1916.1,0,20211221,1911.00,1911.00,1911.00,1911.00,0,1911,0,20211222,1924.20,1924.20,1924.20,1924.20,0,1924.2,0,20211223,1933.70,1933.70,1933.70,1933.70,0,1933.7,0,20211227,1931.00,1931.00,1931.00,1931.00,0,1931,0,20211228,1933.10,1933.10,1933.10,1933.10,0,1933.1,0,20211229,1928.50,1928.50,1928.50,1928.50,0,1928.5,0,20211230,1937.00,1937.00,1937.00,1937.00,0,1937,0,20211231,1951.80,1951.80,1951.80,1951.80,0,1951.8,0,20220103,1923.00,1923.00,1923.00,1923.00,0,1923,0,20220104,1937.70,1937.70,1937.70,1937.70,0,1937.7,0,20220105,1947.60,1947.60,1947.60,1947.60,0,1947.6,0,20220106,1911.50,1911.50,1911.50,1911.50,0,1911.5,0,20220107,1919.70,1919.70,1919.70,1919.70,0,1919.7,0,20220110,1921.50,1921.50,1921.50,1921.50,0,1921.5,0,20220111,1940.80,1940.80,1940.80,1940.80,0,1940.8,0,20220112,1950.10,1950.10,1950.10,1950.10,0,1950.1,0,20220113,1944.40,1944.40,1944.40,1944.40,0,1944.4,0,20220114,1939.80,1939.80,1939.80,1939.80,0,1939.8,0,20220118,1937.30,1937.30,1937.30,1937.30,0,1937.3,0,20220119,1968.30,1968.30,1968.30,1968.30,0,1968.3,0,20220120,1968.00,1968.00,1968.00,1968.00,0,1968,0,20220121,1957.10,1957.10,1957.10,1957.10,0,1957.1,0,20220124,1967.30,1967.30,1967.30,1967.30,0,1967.3,0,20220125,1978.30,1978.30,1978.30,1978.30,0,1978.3,0,20220126,1955.40,1955.40,1955.40,1955.40,0,1955.4,0,20220127,1921.00,1921.00,1921.00,1921.00,0,1921,0,20220128,1913.50,1913.50,1913.50,1913.50,0,1913.5,0,20220131,1924.30,1924.30,1924.30,1924.30,0,1924.3,0,20220201,1929.30,1929.30,1929.30,1929.30,0,1929.3,0,20220202,1937.90,1937.90,1937.90,1937.90,0,1937.9,0,20220203,1932.90,1932.90,1932.90,1932.90,0,1932.9,0,20220204,1938.50,1938.50,1938.50,1938.50,0,1938.5,0,20220207,1951.90,1951.90,1951.90,1951.90,0,1951.9,0,20220208,1958.90,1958.90,1958.90,1958.90,0,1958.9,0,20220209,1967.70,1967.70,1967.70,1967.70,0,1967.7,0,20220210,1972.70,1972.70,1972.70,1972.70,0,1972.7,0,20220211,1979.10,1979.10,1979.10,1979.10,0,1979.1,0,20220214,2007.50,2007.50,2007.50,2007.50,0,2007.5,0,20220215,1993.50,1993.50,1993.50,1993.50,0,1993.5,0,20220216,2007.90,2007.90,2007.90,2007.90,0,2007.9,0,20220217,2037.50,2037.50,2037.50,2037.50,0,2037.5,0,20220218,2035.10,2035.10,2035.10,2035.10,0,2035.1,0,20220222,2042.00,2042.00,2042.00,2042.00,0,2042,0,20220223,2044.70,2044.70,2044.70,2044.70,0,2044.7,0,20220224,2059.20,2059.20,2059.20,2059.20,0,2059.2,0,20220225,2021.20,2021.20,2021.20,2021.20,0,2021.2,0,20220228,2033.00,2033.00,2033.00,2033.00,0,2033,0,20220301,2075.10,2075.10,2075.10,2075.10,0,2075.1,0,20220302,2055.50,2055.50,2055.50,2055.50,0,2055.5,0,20220303,2070.30,2070.30,2070.30,2070.30,0,2070.3,0,20220304,2100.60,2100.60,2100.60,2100.60,0,2100.6,0,20220307,2128.80,2128.80,2128.80,2128.80,0,2128.8,0,20220308,2176.10,2176.10,2176.10,2176.10,0,2176.1,0,20220309,2121.70,2121.70,2121.70,2121.70,0,2121.7,0,20220310,2136.40,2136.40,2136.40,2136.40,0,2136.4,0,20220311,2121.30,2121.30,2121.30,2121.30,0,2121.3,0,20220314,2097.70,2097.70,2097.70,2097.70,0,2097.7,0,20220315,2066.30,2066.30,2066.30,2066.30,0,2066.3,0,20220316,2046.40,2046.40,2046.40,2046.40,0,2046.4,0,20220317,2082.40,2082.40,2082.40,2082.40,0,2082.4,0,20220318,2069.70,2069.70,2069.70,2069.70,0,2069.7,0,20220321,2073.40,2073.40,2073.40,2073.40,0,2073.4,0,20220322,2068.60,2068.60,2068.60,2068.60,0,2068.6,0,20220323,2086.00,2086.00,2086.00,2086.00,0,2086,0,20220324,2116.60,2116.60,2116.60,2116.60,0,2116.6,0,20220325,2112.80,2112.80,2112.80,2112.80,0,2112.8,0,20220328,2100.10,2100.10,2100.10,2100.10,0,2100.1,0,20220329,2072.50,2072.50,2072.50,2072.50,0,2072.5,0,20220330,2092.80,2092.80,2092.80,2092.80,0,2092.8,0,20220331,2109.00,2109.00,2109.00,2109.00,0,2109,0,20220401,2080.10,2080.10,2080.10,2080.10,0,2080.1,0,20220404,2091.40,2091.40,2091.40,2091.40,0,2091.4,0,20220405,2091.70,2091.70,2091.70,2091.70,0,2091.7,0,20220406,2087.60,2087.60,2087.60,2087.60,0,2087.6,0,20220407,2102.70,2102.70,2102.70,2102.70,0,2102.7,0,20220408,2110.80,2110.80,2110.80,2110.80,0,2110.8,0,20220411,2114.90,2114.90,2114.90,2114.90,0,2114.9,0,20220412,2152.70,2152.70,2152.70,2152.70,0,2152.7,0,20220413,2161.50,2161.50,2161.50,2161.50,0,2161.5,0,20220414,2152.00,2152.00,2152.00,2152.00,0,2152,0,20220418,2164.60,2164.60,2164.60,2164.60,0,2164.6,0,20220419,2137.70,2137.70,2137.70,2137.70,0,2137.7,0,20220420,2135.50,2135.50,2135.50,2135.50,0,2135.5,0,20220421,2130.30,2130.30,2130.30,2130.30,0,2130.3,0,20220422,2117.60,2117.60,2117.60,2117.60,0,2117.6,0,20220425,2077.60,2077.60,2077.60,2077.60,0,2077.6,0,20220426,2085.40,2085.40,2085.40,2085.40,0,2085.4,0,20220427,2069.90,2069.90,2069.90,2069.90,0,2069.9,0,20220428,2073.00,2073.00,2073.00,2073.00,0,2073,0,20220429,2094.10,2094.10,2094.10,2094.10,0,2094.1,0,20220502,2046.90,2046.90,2046.90,2046.90,0,2046.9,0,20220503,2054.50,2054.50,2054.50,2054.50,0,2054.5,0,20220504,2053.60,2053.60,2053.60,2053.60,0,2053.6,0,20220505,2059.80,2059.80,2059.80,2059.80,0,2059.8,0,20220506,2066.90,2066.90,2066.90,2066.90,0,2066.9,0,20220509,2041.90,2041.90,2041.90,2041.90,0,2041.9,0,20220510,2024.10,2024.10,2024.10,2024.10,0,2024.1,0,20220511,2037.80,2037.80,2037.80,2037.80,0,2037.8,0,20220512,2008.80,2008.80,2008.80,2008.80,0,2008.8,0,20220513,1991.80,1991.80,1991.80,1991.80,0,1991.8,0,20220516,1997.40,1997.40,1997.40,1997.40,0,1997.4,0,20220517,2002.90,2002.90,2002.90,2002.90,0,2002.9,0,20220518,2000.10,2000.10,2000.10,2000.10,0,2000.1,0,20220519,2025.00,2025.00,2025.00,2025.00,0,2025,0,20220520,2025.30,2025.30,2025.30,2025.30,0,2025.3,0,20220523,2030.30,2030.30,2030.30,2030.30,0,2030.3,0,20220524,2047.60,2047.60,2047.60,2047.60,0,2047.6,0,20220525,2028.90,2028.90,2028.90,2028.90,0,2028.9,0,20220526,2030.00,2030.00,2030.00,2030.00,0,2030,0,20220527,2033.80,2033.80,2033.80,2033.80,0,2033.8,0,20220531,2025.50,2025.50,2025.50,2025.50,0,2025.5,0,20220601,2027.10,2027.10,2027.10,2027.10,0,2027.1,0,20220602,2050.00,2050.00,2050.00,2050.00,0,2050,0,20220603,2029.20,2029.20,2029.20,2029.20,0,2029.2,0,20220606,2023.70,2023.70,2023.70,2023.70,0,2023.7,0,20220607,2033.10,2033.10,2033.10,2033.10,0,2033.1,0,20220608,2037.20,2037.20,2037.20,2037.20,0,2037.2,0,20220609,2034.90,2034.90,2034.90,2034.90,0,2034.9,0,20220610,2063.40,2063.40,2063.40,2063.40,0,2063.4,0,20220613,2022.50,2022.50,2022.50,2022.50,0,2022.5,0,20220614,2006.50,2006.50,2006.50,2006.50,0,2006.5,0,20220615,2012.50,2012.50,2012.50,2012.50,0,2012.5,0,20220616,2045.10,2045.10,2045.10,2045.10,0,2045.1,0,20220617,2036.60,2036.60,2036.60,2036.60,0,2036.6,0,20220621,2034.80,2034.80,2034.80,2034.80,0,2034.8,0,20220622,2032.50,2032.50,2032.50,2032.50,0,2032.5,0,20220623,2023.00,2023.00,2023.00,2023.00,0,2023,0,20220624,2023.10,2023.10,2023.10,2023.10,0,2023.1,0,20220627,2018.70,2018.70,2018.70,2018.70,0,2018.7,0,20220628,2016.10,2016.10,2016.10,2016.10,0,2016.1,0,20220629,2011.60,2011.60,2011.60,2011.60,0,2011.6,0,20220630,2000.20,2000.20,2000.20,2000.20,0,2000.2,0,20220701,1992.00,1992.00,1992.00,1992.00,0,1992,0,20220704,1992.00,1992.00,1992.00,1992.00,0,1992,0,20220705,1950.30,1950.30,1950.30,1950.30,0,1950.3,0,20220706,1917.70,1917.70,1917.70,1917.70,0,1917.7,0,20220707,1921.40,1921.40,1921.40,1921.40,0,1921.4,0,20220708,1925.30,1925.30,1925.30,1925.30,0,1925.3,0,20220711,1915.50,1915.50,1915.50,1915.50,0,1915.5,0,20220712,1908.40,1908.40,1908.40,1908.40,0,1908.4,0,20220713,1919.90,1919.90,1919.90,1919.90,0,1919.9,0,20220714,1890.90,1890.90,1890.90,1890.90,0,1890.9,0,20220715,1886.80,1886.80,1886.80,1886.80,0,1886.8,0,20220718,1898.00,1898.00,1898.00,1898.00,0,1898,0,20220719,1897.00,1897.00,1897.00,1897.00,0,1897,0,20220720,1885.90,1885.90,1885.90,1885.90,0,1885.9,0,20220721,1899.00,1899.00,1899.00,1899.00,0,1899,0,20220722,1912.20,1912.20,1912.20,1912.20,0,1912.2,0,20220725,1904.10,1904.10,1904.10,1904.10,0,1904.1,0,20220726,1901.70,1901.70,1901.70,1901.70,0,1901.7,0,20220727,1903.30,1903.30,1903.30,1903.30,0,1903.3,0,20220728,1934.00,1934.00,1934.00,1934.00,0,1934,0,20220729,1947.10,1947.10,1947.10,1947.10,0,1947.1,0,20220801,1953.90,1953.90,1953.90,1953.90,0,1953.9,0,20220802,1957.90,1957.90,1957.90,1957.90,0,1957.9,0,20220803,1947.10,1947.10,1947.10,1947.10,0,1947.1,0,20220804,1977.10,1977.10,1977.10,1977.10,0,1977.1,0,20220805,1963.80,1963.80,1963.80,1963.80,0,1963.8,0,20220808,1979.10,1979.10,1979.10,1979.10,0,1979.1,0,20220809,1986.70,1986.70,1986.70,1986.70,0,1986.7,0,20220810,1986.90,1986.90,1986.90,1986.90,0,1986.9,0,20220811,1980.90,1980.90,1980.90,1980.90,0,1980.9,0,20220812,1989.30,1989.30,1989.30,1989.30,0,1989.3,0,20220815,1972.00,1972.00,1972.00,1972.00,0,1972,0,20220816,1963.30,1963.30,1963.30,1963.30,0,1963.3,0,20220817,1950.50,1950.50,1950.50,1950.50,0,1950.5,0,20220818,1945.50,1945.50,1945.50,1945.50,0,1945.5,0,20220819,1937.40,1937.40,1937.40,1937.40,0,1937.4,0,20220822,1922.80,1922.80,1922.80,1922.80,0,1922.8,0,20220823,1936.50,1936.50,1936.50,1936.50,0,1936.5,0,20220824,1937.60,1937.60,1937.60,1937.60,0,1937.6,0,20220825,1948.10,1948.10,1948.10,1948.10,0,1948.1,0,20220826,1926.40,1926.40,1926.40,1926.40,0,1926.4,0,20220829,1926.80,1926.80,1926.80,1926.80,0,1926.8,0,20220830,1912.90,1912.90,1912.90,1912.90,0,1912.9,0,20220831,1902.70,1902.70,1902.70,1902.70,0,1902.7,0,20220901,1885.60,1885.60,1885.60,1885.60,0,1885.6,0,20220902,1899.00,1899.00,1899.00,1899.00,0,1899,0,20220905,1899.00,1899.00,1899.00,1899.00,0,1899,0,20220906,1889.80,1889.80,1889.80,1889.80,0,1889.8,0,20220907,1904.60,1904.60,1904.60,1904.60,0,1904.6,0,20220908,1896.90,1896.90,1896.90,1896.90,0,1896.9,0,20220909,1906.00,1906.00,1906.00,1906.00,0,1906,0,20220912,1918.40,1918.40,1918.40,1918.40,0,1918.4,0,20220913,1897.50,1897.50,1897.50,1897.50,0,1897.5,0,20220914,1892.20,1892.20,1892.20,1892.20,0,1892.2,0,20220915,1861.10,1861.10,1861.10,1861.10,0,1861.1,0,20220916,1867.60,1867.60,1867.60,1867.60,0,1867.6,0,20220919,1862.70,1862.70,1862.70,1862.70,0,1862.7,0,20220920,1856.10,1856.10,1856.10,1856.10,0,1856.1,0,20220921,1861.00,1861.00,1861.00,1861.00,0,1861,0,20220922,1868.80,1868.80,1868.80,1868.80,0,1868.8,0,20220923,1844.60,1844.60,1844.60,1844.60,0,1844.6,0,20220926,1822.60,1822.60,1822.60,1822.60,0,1822.6,0,20220927,1824.80,1824.80,1824.80,1824.80,0,1824.8,0,20220928,1858.10,1858.10,1858.10,1858.10,0,1858.1,0,20220929,1856.80,1856.80,1856.80,1856.80,0,1856.8,0,20220930,1859.30,1859.30,1859.30,1859.30,0,1859.3,0,20221003,1891.80,1891.80,1891.80,1891.80,0,1891.8,0,20221004,1921.40,1921.40,1921.40,1921.40,0,1921.4,0,20221005,1912.30,1912.30,1912.30,1912.30,0,1912.3,0,20221006,1912.80,1912.80,1912.80,1912.80,0,1912.8,0,20221007,1904.20,1904.20,1904.20,1904.20,0,1904.2,0,20221010,1871.70,1871.70,1871.70,1871.70,0,1871.7,0,20221011,1882.00,1882.00,1882.00,1882.00,0,1882,0,20221012,1873.60,1873.60,1873.60,1873.60,0,1873.6,0,20221013,1874.60,1874.60,1874.60,1874.60,0,1874.6,0,20221014,1849.60,1849.60,1849.60,1849.60,0,1849.6,0,20221017,1865.20,1865.20,1865.20,1865.20,0,1865.2,0,20221018,1857.50,1857.50,1857.50,1857.50,0,1857.5,0,20221019,1837.70,1837.70,1837.70,1837.70,0,1837.7,0,20221020,1842.80,1842.80,1842.80,1842.80,0,1842.8,0,20221021,1863.20,1863.20,1863.20,1863.20,0,1863.2,0,20221024,1861.30,1861.30,1861.30,1861.30,0,1861.3,0,20221025,1868.10,1868.10,1868.10,1868.10,0,1868.1,0,20221026,1878.80,1878.80,1878.80,1878.80,0,1878.8,0,20221027,1875.20,1875.20,1875.20,1875.20,0,1875.2,0,20221028,1854.50,1854.50,1854.50,1854.50,0,1854.5,0,20221031,1851.40,1851.40,1851.40,1851.40,0,1851.4,0,20221101,1860.70,1860.70,1860.70,1860.70,0,1860.7,0,20221102,1864.90,1864.90,1864.90,1864.90,0,1864.9,0,20221103,1847.10,1847.10,1847.10,1847.10,0,1847.1,0,20221104,1894.20,1894.20,1894.20,1894.20,0,1894.2,0,20221107,1897.70,1897.70,1897.70,1897.70,0,1897.7,0,20221108,1932.70,1932.70,1932.70,1932.70,0,1932.7,0,20221109,1930.00,1930.00,1930.00,1930.00,0,1930,0,20221110,1969.40,1969.40,1969.40,1969.40,0,1969.4,0,20221111,1985.90,1985.90,1985.90,1985.90,0,1985.9,0,20221114,1994.50,1994.50,1994.50,1994.50,0,1994.5,0,20221115,1996.00,1996.00,1996.00,1996.00,0,1996,0,20221116,1995.10,1995.10,1995.10,1995.10,0,1995.1,0,20221117,1981.90,1981.90,1981.90,1981.90,0,1981.9,0,20221118,1974.20,1974.20,1974.20,1974.20,0,1974.2,0,20221121,1960.00,1960.00,1960.00,1960.00,0,1960,0,20221122,1960.90,1960.90,1960.90,1960.90,0,1960.9,0,20221123,1970.00,1970.00,1970.00,1970.00,0,1970,0,20221124,1970.00,1970.00,1970.00,1970.00,0,1970,0,20221125,1975.70,1975.70,1975.70,1975.70,0,1975.7,0,20221128,1964.30,1964.30,1964.30,1964.30,0,1964.3,0,20221129,1974.00,1974.00,1974.00,1974.00,0,1974,0,20221130,1972.60,1972.60,1972.60,1972.60,0,1972.6,0,20221201,2026.50,2026.50,2026.50,2026.50,0,2026.5,0,20221205,1993.20,1993.20,1993.20,1993.20,0,1993.2,0,20221206,1994.00,1994.00,1994.00,1994.00,0,1994,0,20221207,2008.90,2008.90,2008.90,2008.90,0,2008.9,0,20221208,2011.90,2011.90,2011.90,2011.90,0,2011.9,0,20221209,2021.00,2021.00,2021.00,2021.00,0,2021,0,20221212,2002.50,2002.50,2002.50,2002.50,0,2002.5,0,20221213,2035.30,2035.30,2035.30,2035.30,0,2035.3,0,20221214,2028.40,2028.40,2028.40,2028.40,0,2028.4,0,20221215,1997.70,1997.70,1997.70,1997.70,0,1997.7,0,20221216,2010.10,2010.10,2010.10,2010.10,0,2010.1,0,20221219,2007.70,2007.70,2007.70,2007.70,0,2007.7,0,20221220,2035.70,2035.70,2035.70,2035.70,0,2035.7,0,20221221,2035.80,2035.80,2035.80,2035.80,0,2035.8,0,20221222,2005.10,2005.10,2005.10,2005.10,0,2005.1,0,20221223,2014.50,2014.50,2014.50,2014.50,0,2014.5,0,20221227,2034.70,2034.70,2034.70,2034.70,0,2034.7,0,20221228,2027.10,2027.10,2027.10,2027.10,0,2027.1,0,20221229,2037.90,2037.90,2037.90,2037.90,0,2037.9,0,20221230,2038.30,2038.30,2038.30,2038.30,0,2038.3,0,20230103,2058.40,2058.40,2058.40,2058.40,0,2058.4,0,20230104,2072.30,2072.30,2072.30,2072.30,0,2072.3,0,20230105,2054.80,2054.80,2054.80,2054.80,0,2054.8,0,20230106,2083.70,2083.70,2083.70,2083.70,0,2083.7,0,20230109,2092.70,2092.70,2092.70,2092.70,0,2092.7,0,20230110,2097.60,2097.60,2097.60,2097.60,0,2097.6,0,20230111,2099.20,2099.20,2099.20,2099.20,0,2099.2,0,20230112,2117.80,2117.80,2117.80,2117.80,0,2117.8,0,20230113,2142.70,2142.70,2142.70,2142.70,0,2142.7,0,20230116,2142.70,2142.70,2142.70,2142.70,0,2142.7,0,20230117,2130.80,2130.80,2130.80,2130.80,0,2130.8,0,20230118,2127.80,2127.80,2127.80,2127.80,0,2127.8,0,20230119,2143.40,2143.40,2143.40,2143.40,0,2143.4,0,20230120,2147.30,2147.30,2147.30,2147.30,0,2147.3,0,20230123,2149.80,2149.80,2149.80,2149.80,0,2149.8,0,20230124,2158.50,2158.50,2158.50,2158.50,0,2158.5,0,20230125,2165.70,2165.70,2165.70,2165.70,0,2165.7,0,20230126,2152.30,2152.30,2152.30,2152.30,0,2152.3,0,20230127,2151.30,2151.30,2151.30,2151.30,0,2151.3,0,20230130,2146.80,2146.80,2146.80,2146.80,0,2146.8,0,20230131,2153.10,2153.10,2153.10,2153.10,0,2153.1,0,20230201,2151.10,2151.10,2151.10,2151.10,0,2151.1,0,20230202,2138.90,2138.90,2138.90,2138.90,0,2138.9,0,20230203,2097.60,2097.60,2097.60,2097.60,0,2097.6,0,20230206,2100.20,2100.20,2100.20,2100.20,0,2100.2,0,20230207,2106.00,2106.00,2106.00,2106.00,0,2106,0,20230208,2112.30,2112.30,2112.30,2112.30,0,2112.3,0,20230209,2111.10,2111.10,2111.10,2111.10,0,2111.1,0,20230210,2107.10,2107.10,2107.10,2107.10,0,2107.1,0,20230213,2096.20,2096.20,2096.20,2096.20,0,2096.2,0,20230214,2099.60,2099.60,2099.60,2099.60,0,2099.6,0,20230215,2079.60,2079.60,2079.60,2079.60,0,2079.6,0,20230216,2085.90,2085.90,2085.90,2085.90,0,2085.9,0,20230217,2084.80,2084.80,2084.80,2084.80,0,2084.8,0,20230220,2084.80,2084.80,2084.80,2084.80,0,2084.8,0,20230221,2080.10,2080.10,2080.10,2080.10,0,2080.1,0,20230222,2079.70,2079.70,2079.70,2079.70,0,2079.7,0,20230223,2065.30,2065.30,2065.30,2065.30,0,2065.3,0,20230224,2066.00,2066.00,2066.00,2066.00,0,2066,0,20230227,2065.70,2065.70,2065.70,2065.70,0,2065.7,0,20230228,2077.40,2077.40,2077.40,2077.40,0,2077.4,0,20230301,2088.00,2088.00,2088.00,2088.00,0,2088,0,20230302,2083.00,2083.00,2083.00,2083.00,0,2083,0,20230303,2098.20,2098.20,2098.20,2098.20,0,2098.2,0,20230306,2097.10,2097.10,2097.10,2097.10,0,2097.1,0,20230307,2068.30,2068.30,2068.30,2068.30,0,2068.3,0,20230308,2071.00,2071.00,2071.00,2071.00,0,2071,0,20230309,2087.80,2087.80,2087.80,2087.80,0,2087.8,0,20230310,2113.50,2113.50,2113.50,2113.50,0,2113.5,0,20230313,2145.70,2145.70,2145.70,2145.70,0,2145.7,0,20230314,2142.70,2142.70,2142.70,2142.70,0,2142.7,0,20230315,2151.00,2151.00,2151.00,2151.00,0,2151,0,20230316,2140.60,2140.60,2140.60,2140.60,0,2140.6,0,20230317,2193.80,2193.80,2193.80,2193.80,0,2193.8,0,20230320,2203.10,2203.10,2203.10,2203.10,0,2203.1,0,20230321,2167.50,2167.50,2167.50,2167.50,0,2167.5,0,20230322,2177.20,2177.20,2177.20,2177.20,0,2177.2,0,20230323,2218.10,2218.10,2218.10,2218.10,0,2218.1,0,20230324,2204.90,2204.90,2204.90,2204.90,0,2204.9,0,20230327,2178.70,2178.70,2178.70,2178.70,0,2178.7,0,20230328,2201.40,2201.40,2201.40,2201.40,0,2201.4,0,20230329,2197.60,2197.60,2197.60,2197.60,0,2197.6,0,20230330,2214.70,2214.70,2214.70,2214.70,0,2214.7,0,20230331,2204.00,2204.00,2204.00,2204.00,0,2204,0,20230403,2219.60,2219.60,2219.60,2219.60,0,2219.6,0,20230404,2255.50,2255.50,2255.50,2255.50,0,2255.5,0,20230405,2248.80,2248.80,2248.80,2248.80,0,2248.8,0,20230406,2238.40,2238.40,2238.40,2238.40,0,2238.4,0,20230410,2216.70,2216.70,2216.70,2216.70,0,2216.7,0,20230411,2236.60,2236.60,2236.60,2236.60,0,2236.6,0,20230412,2244.00,2244.00,2244.00,2244.00,0,2244,0,20230413,2274.70,2274.70,2274.70,2274.70,0,2274.7,0,20230414,2236.80,2236.80,2236.80,2236.80,0,2236.8,0,20230417,2228.90,2228.90,2228.90,2228.90,0,2228.9,0,20230418,2242.60,2242.60,2242.60,2242.60,0,2242.6,0,20230419,2231.30,2231.30,2231.30,2231.30,0,2231.3,0,20230420,2242.90,2242.90,2242.90,2242.90,0,2242.9,0,20230421,2214.30,2214.30,2214.30,2214.30,0,2214.3,0,20230424,2222.40,2222.40,2222.40,2222.40,0,2222.4,0,20230425,2226.10,2226.10,2226.10,2226.10,0,2226.1,0,20230426,2214.00,2214.00,2214.00,2214.00,0,2214,0,20230427,2218.80,2218.80,2218.80,2218.80,0,2218.8,0,20230428,2219.50,2219.50,2219.50,2219.50,0,2219.5,0,20230501,2214.60,2214.60,2214.60,2214.60,0,2214.6,0,20230502,2245.30,2245.30,2245.30,2245.30,0,2245.3,0,20230503,2259.30,2259.30,2259.30,2259.30,0,2259.3,0,20230504,2272.60,2272.60,2272.60,2272.60,0,2272.6,0,20230505,2241.40,2241.40,2241.40,2241.40,0,2241.4,0,20230508,2252.70,2252.70,2252.70,2252.70,0,2252.7,0,20230509,2262.60,2262.60,2262.60,2262.60,0,2262.6,0,20230510,2257.30,2257.30,2257.30,2257.30,0,2257.3,0,20230511,2240.60,2240.60,2240.60,2240.60,0,2240.6,0,20230512,2239.40,2239.40,2239.40,2239.40,0,2239.4,0,20230515,2243.50,2243.50,2243.50,2243.50,0,2243.5,0,20230516,2212.40,2212.40,2212.40,2212.40,0,2212.4,0,20230517,2204.10,2204.10,2204.10,2204.10,0,2204.1,0,20230518,2180.20,2180.20,2180.20,2180.20,0,2180.2,0,20230519,2202.80,2202.80,2202.80,2202.80,0,2202.8,0,20230522,2199.50,2199.50,2199.50,2199.50,0,2199.5,0,20230523,2198.50,2198.50,2198.50,2198.50,0,2198.5,0,20230524,2190.10,2190.10,2190.10,2190.10,0,2190.1,0,20230525,2172.20,2172.20,2172.20,2172.20,0,2172.2,0,20230526,2175.00,2175.00,2175.00,2175.00,0,2175,0,20230529,2175.00,2175.00,2175.00,2175.00,0,2175,0,20230530,2189.60,2189.60,2189.60,2189.60,0,2189.6,0,20230531,2193.60,2193.60,2193.60,2193.60,0,2193.6,0,20230601,2206.00,2206.00,2206.00,2206.00,0,2206,0,20230602,2182.60,2182.60,2182.60,2182.60,0,2182.6,0,20230605,2189.00,2189.00,2189.00,2189.00,0,2189,0,20230606,2195.90,2195.90,2195.90,2195.90,0,2195.9,0,20230607,2172.90,2172.90,2172.90,2172.90,0,2172.9,0,20230608,2192.70,2192.70,2192.70,2192.70,0,2192.7,0,20230609,2191.60,2191.60,2191.60,2191.60,0,2191.6,0,20230612,2186.60,2186.60,2186.60,2186.60,0,2186.6,0,20230613,2176.50,2176.50,2176.50,2176.50,0,2176.5,0,20230614,2186.50,2186.50,2186.50,2186.50,0,2186.5,0,20230615,2190.70,2190.70,2190.70,2190.70,0,2190.7,0,20230616,2193.50,2193.50,2193.50,2193.50,0,2193.5,0,20230619,2193.50,2193.50,2193.50,2193.50,0,2193.5,0,20230620,2174.70,2174.70,2174.70,2174.70,0,2174.7,0,20230621,2172.50,2172.50,2172.50,2172.50,0,2172.5,0,20230622,2152.80,2152.80,2152.80,2152.80,0,2152.8,0,20230623,2156.40,2156.40,2156.40,2156.40,0,2156.4,0,20230626,2160.70,2160.70,2160.70,2160.70,0,2160.7,0,20230627,2150.30,2150.30,2150.30,2150.30,0,2150.3,0,20230628,2148.40,2148.40,2148.40,2148.40,0,2148.4,0,20230629,2147.60,2147.60,2147.60,2147.60,0,2147.6,0,20230630,2161.80,2161.80,2161.80,2161.80,0,2161.8,0,20230703,2161.90,2161.90,2161.90,2161.90,0,2161.9,0,20230704,2161.90,2161.90,2161.90,2161.90,0,2161.9,0,20230705,2159.80,2159.80,2159.80,2159.80,0,2159.8,0,20230706,2148.50,2148.50,2148.50,2148.50,0,2148.5,0,20230707,2165.90,2165.90,2165.90,2165.90,0,2165.9,0,20230710,2164.60,2164.60,2164.60,2164.60,0,2164.6,0,20230711,2171.70,2171.70,2171.70,2171.70,0,2171.7,0,20230712,2192.90,2192.90,2192.90,2192.90,0,2192.9,0,20230713,2193.70,2193.70,2193.70,2193.70,0,2193.7,0,20230714,2193.50,2193.50,2193.50,2193.50,0,2193.5,0,20230717,2185.30,2185.30,2185.30,2185.30,0,2185.3,0,20230718,2208.60,2208.60,2208.60,2208.60,0,2208.6,0,20230719,2209.90,2209.90,2209.90,2209.90,0,2209.9,0,20230720,2200.00,2200.00,2200.00,2200.00,0,2200,0,20230721,2196.30,2196.30,2196.30,2196.30,0,2196.3,0,20230724,2191.90,2191.90,2191.90,2191.90,0,2191.9,0,20230725,2194.90,2194.90,2194.90,2194.90,0,2194.9,0,20230726,2202.20,2202.20,2202.20,2202.20,0,2202.2,0,20230727,2178.70,2178.70,2178.70,2178.70,0,2178.7,0,20230728,2193.20,2193.20,2193.20,2193.20,0,2193.2,0,20230731,2201.80,2201.80,2201.80,2201.80,0,2201.8,0,20230801,2172.50,2172.50,2172.50,2172.50,0,2172.5,0,20230802,2169.00,2169.00,2169.00,2169.00,0,2169,0,20230803,2165.10,2165.10,2165.10,2165.10,0,2165.1,0,20230804,2172.80,2172.80,2172.80,2172.80,0,2172.8,0,20230807,2166.10,2166.10,2166.10,2166.10,0,2166.1,0,20230808,2156.80,2156.80,2156.80,2156.80,0,2156.8,0,20230809,2147.30,2147.30,2147.30,2147.30,0,2147.3,0,20230810,2148.50,2148.50,2148.50,2148.50,0,2148.5,0,20230811,2146.00,2146.00,2146.00,2146.00,0,2146,0,20230814,2143.10,2143.10,2143.10,2143.10,0,2143.1,0,20230815,2135.30,2135.30,2135.30,2135.30,0,2135.3,0,20230816,2136.40,2136.40,2136.40,2136.40,0,2136.4,0,20230817,2123.30,2123.30,2123.30,2123.30,0,2123.3,0,20230818,2124.40,2124.40,2124.40,2124.40,0,2124.4,0,20230821,2130.90,2130.90,2130.90,2130.90,0,2130.9,0,20230822,2134.10,2134.10,2134.10,2134.10,0,2134.1,0,20230823,2155.20,2155.20,2155.20,2155.20,0,2155.2,0,20230824,2155.10,2155.10,2155.10,2155.10,0,2155.1,0,20230825,2149.10,2149.10,2149.10,2149.10,0,2149.1,0,20230828,2156.80,2156.80,2156.80,2156.80,0,2156.8,0,20230829,2175.30,2175.30,2175.30,2175.30,0,2175.3,0,20230830,2182.50,2182.50,2182.50,2182.50,0,2182.5,0,20230831,2175.60,2175.60,2175.60,2175.60,0,2175.6,0,20230901,2175.90,2175.90,2175.90,2175.90,0,2175.9,0,20230904,2175.90,2175.90,2175.90,2175.90,0,2175.9,0,20230905,2162.40,2162.40,2162.40,2162.40,0,2162.4,0,20230906,2154.20,2154.20,2154.20,2154.20,0,2154.2,0,20230907,2152.60,2152.60,2152.60,2152.60,0,2152.6,0,20230908,2153.00,2153.00,2153.00,2153.00,0,2153,0,20230911,2157.10,2157.10,2157.10,2157.10,0,2157.1,0,20230912,2147.90,2147.90,2147.90,2147.90,0,2147.9,0,20230913,2151.40,2151.40,2151.40,2151.40,0,2151.4,0,20230914,2152.40,2152.40,2152.40,2152.40,0,2152.4,0,20230915,2167.10,2167.10,2167.10,2167.10,0,2167.1,0,20230918,2174.10,2174.10,2174.10,2174.10,0,2174.1,0,20230919,2174.40,2174.40,2174.40,2174.40,0,2174.4,0,20230920,2187.10,2187.10,2187.10,2187.10,0,2187.1,0,20230921,2160.70,2160.70,2160.70,2160.70,0,2160.7,0,20230922,2167.80,2167.80,2167.80,2167.80,0,2167.8,0,20230925,2162.10,2162.10,2162.10,2162.10,0,2162.1,0,20230926,2144.70,2144.70,2144.70,2144.70,0,2144.7,0,20230927,2115.00,2115.00,2115.00,2115.00,0,2115,0,20230928,2130.60,2130.60,2130.60,2130.60,0,2130.6,0,20230929,2116.60,2116.60,2116.60,2116.60,0,2116.6,0,20231002,2097.00,2097.00,2097.00,2097.00,0,2097,0,20231003,2090.00,2090.00,2090.00,2090.00,0,2090,0,20231004,2082.20,2082.20,2082.20,2082.20,0,2082.2,0,20231005,2076.90,2076.90,2076.90,2076.90,0,2076.9,0,20231006,2092.60,2092.60,2092.60,2092.60,0,2092.6,0,20231009,2110.70,2110.70,2110.70,2110.70,0,2110.7,0,20231010,2122.20,2122.20,2122.20,2122.20,0,2122.2,0,20231011,2134.80,2134.80,2134.80,2134.80,0,2134.8,0,20231012,2131.40,2131.40,2131.40,2131.40,0,2131.4,0,20231013,2190.00,2190.70,2190.00,2190.70,1,2190,1,20231016,2185.90,2185.90,2185.90,2185.90,0,2185.9,0,20231017,2188.20,2188.20,2188.20,2188.20,0,2188.2,0,20231018,2223.40,2223.40,2223.40,2223.40,0,2223.4,0,20231019,2238.20,2238.20,2238.20,2238.20,0,2238.2,0,20231020,2252.90,2252.90,2252.90,2252.90,0,2252.9,0,20231023,2246.10,2246.10,2246.10,2246.10,0,2246.1,0,20231024,2244.00,2244.00,2244.00,2244.00,0,2244,0,20231025,2253.00,2253.00,2253.00,2253.00,0,2253,0,20231026,2255.50,2255.50,2255.50,2255.50,0,2255.5,0,20231027,2256.90,2256.90,2256.90,2256.90,0,2256.9,0,20231030,2264.60,2264.60,2264.60,2264.60,0,2264.6,0,20231031,2253.20,2253.20,2253.20,2253.20,0,2253.2,0,20231101,2245.20,2245.20,2245.20,2245.20,0,2245.2,0,20231102,2250.20,2250.20,2250.20,2250.20,0,2250.2,0,20231103,2252.90,2252.90,2252.90,2252.90,0,2252.9,0,20231106,2243.30,2243.30,2243.30,2243.30,0,2243.3,0,20231107,2227.60,2227.60,2227.60,2227.60,0,2227.6,0,20231108,2210.90,2210.90,2210.90,2210.90,0,2210.9,0,20231109,2225.70,2225.70,2225.70,2225.70,0,2225.7,0,20231110,2193.30,2193.30,2193.30,2193.30,0,2193.3,0,20231113,2201.20,2201.20,2201.20,2201.20,0,2201.2,0,20231114,2215.80,2215.80,2215.80,2215.80,0,2215.8,0,20231115,2214.50,2214.50,2214.50,2214.50,0,2214.5,0,20231116,2237.20,2237.20,2237.20,2237.20,0,2237.2,0,20231117,2234.30,2234.30,2234.30,2234.30,0,2234.3,0,20231120,2229.00,2229.00,2229.00,2229.00,0,2229,0,20231121,2251.40,2251.40,2251.40,2251.40,0,2251.4,0,20231122,2245.80,2245.80,2245.80,2245.80,0,2245.8,0,20231123,2245.80,2245.80,2245.80,2245.80,0,2245.8,0,20231124,2255.90,2255.90,2255.90,2255.90,0,2255.9,0,20231127,2266.00,2266.00,2266.00,2266.00,0,2266,0,20231128,2292.90,2292.90,2292.90,2292.90,0,2292.9,0,20231129,2298.00,2298.00,2298.00,2298.00,0,2298,0,20231130,2285.50,2285.50,2285.50,2285.50,0,2285.5,0,20231201,2318.30,2318.30,2318.30,2318.30,0,2318.3,0,20231204,2268.80,2268.80,2268.80,2268.80,0,2268.8,0,20231205,2259.70,2259.70,2259.70,2259.70,0,2259.7,0,20231206,2271.40,2271.40,2271.40,2271.40,0,2271.4,0,20231207,2270.30,2270.30,2270.30,2270.30,0,2270.3,0,20231208,2241.30,2241.30,2241.30,2241.30,0,2241.3,0,20231211,2220.30,2220.30,2220.30,2220.30,0,2220.3,0,20231212,2218.90,2218.90,2218.90,2218.90,0,2218.9,0,20231213,2222.80,2222.80,2222.80,2222.80,0,2222.8,0,20231214,2265.70,2265.70,2265.70,2265.70,0,2265.7,0,20231215,2254.30,2254.30,2254.30,2254.30,0,2254.3,0,20231218,2258.70,2258.70,2258.70,2258.70,0,2258.7,0,20231219,2271.00,2271.00,2271.00,2271.00,0,2271,0,20231220,2265.30,2265.30,2265.30,2265.30,0,2265.3,0,20231221,2268.20,2268.20,2268.20,2268.20,0,2268.2,0,20231222,2286.00,2286.00,2286.00,2286.00,0,2286,0,20231226,2286.50,2286.50,2286.50,2286.50,0,2286.5,0,20231227,2309.50,2309.50,2309.50,2309.50,0,2309.5,0,20231228,2300.20,2300.20,2300.20,2300.20,0,2300.2,0,20231229,2288.50,2288.50,2288.50,2288.50,0,2288.5,0,20240102,2290.20,2290.20,2290.20,2290.20,0,2290.2,0,20240103,2259.60,2259.60,2259.60,2259.60,0,2259.6,0,20240104,2267.00,2267.00,2267.00,2267.00,0,2267,0,20240105,2266.90,2266.90,2266.90,2266.90,0,2266.9,0,20240108,2250.30,2250.30,2250.30,2250.30,0,2250.3,0,20240109,2250.30,2250.30,2250.30,2250.30,0,2250.3,0,20240110,2244.80,2244.80,2244.80,2244.80,0,2244.8,0,20240111,2235.60,2235.60,2235.60,2235.60,0,2235.6,0,20240112,2264.50,2264.50,2264.50,2264.50,0,2264.5,0,20240115,2264.50,2264.50,2264.50,2264.50,0,2264.5,0,20240116,2242.70,2242.70,2242.70,2242.70,0,2242.7,0,20240117,2220.50,2220.50,2220.50,2220.50,0,2220.5,0,20240118,2235.50,2235.50,2235.50,2235.50,0,2235.5,0,20240119,2244.00,2244.00,2244.00,2244.00,0,2244,0,20240122,2237.00,2237.00,2237.00,2237.00,0,2237,0,20240123,2240.80,2240.80,2240.80,2240.80,0,2240.8,0,20240124,2230.90,2230.90,2230.90,2230.90,0,2230.9,0,20240125,2232.10,2232.10,2232.10,2232.10,0,2232.1,0,20240126,2232.10,2232.10,2232.10,2232.10,0,2232.1,0,20240129,2240.70,2240.70,2240.70,2240.70,0,2240.7,0,20240130,2247.90,2247.90,2247.90,2247.90,0,2247.9,0,20240131,2262.50,2262.50,2262.50,2262.50,0,2262.5,0,20240201,2266.20,2266.20,2266.20,2266.20,0,2266.2,0,20240202,2252.40,2252.40,2252.40,2252.40,0,2252.4,0,20240205,2242.50,2242.50,2242.50,2242.50,0,2242.5,0,20240206,2250.60,2250.60,2250.60,2250.60,0,2250.6,0,20240207,2250.70,2250.70,2250.70,2250.70,0,2250.7,0,20240208,2247.40,2247.40,2247.40,2247.40,0,2247.4,0,20240209,2239.30,2239.30,2239.30,2239.30,0,2239.3,0,20240212,2234.20,2234.20,2234.20,2234.20,0,2234.2,0,20240213,2210.40,2210.40,2210.40,2210.40,0,2210.4,0,20240214,2208.80,2208.80,2208.80,2208.80,0,2208.8,0,20240215,2219.20,2219.20,2219.20,2219.20,0,2219.2,0,20240216,2230.00,2230.00,2230.00,2230.00,0,2230,0,20240219,2230.00,2230.00,2230.00,2230.00,0,2230,0,20240220,2245.40,2245.40,2245.40,2245.40,0,2245.4,0,20240221,2240.70,2240.70,2240.70,2240.70,0,2240.7,0,20240222,2237.60,2237.60,2237.60,2237.60,0,2237.6,0,20240223,2256.70,2256.70,2256.70,2256.70,0,2256.7,0,20240226,2247.00,2247.00,2247.00,2247.00,0,2247,0,20240227,2253.10,2253.10,2253.10,2253.10,0,2253.1,0,20240228,2252.00,2252.00,2252.00,2252.00,0,2252,0,20240229,2264.10,2264.10,2264.10,2264.10,0,2264.1,0,20240301,2305.70,2305.70,2305.70,2305.70,0,2305.7,0,20240304,2338.30,2338.30,2338.30,2338.30,0,2338.3,0,20240305,2354.70,2354.70,2354.70,2354.70,0,2354.7,0,20240306,2371.00,2371.00,2371.00,2371.00,0,2371,0,20240307,2378.60,2378.60,2378.60,2378.60,0,2378.6,0,20240308,2399.50,2399.50,2399.50,2399.50,0,2399.5,0,20240311,2403.80,2403.80,2403.80,2403.80,0,2403.8,0,20240312,2382.50,2382.50,2382.50,2382.50,0,2382.5,0,20240313,2398.20,2398.20,2398.20,2398.20,0,2398.2,0,20240314,2385.70,2385.70,2385.70,2385.70,0,2385.7,0,20240315,2381.00,2381.00,2381.00,2381.00,0,2381,0,20240318,2388.40,2388.40,2388.40,2388.40,0,2388.4,0,20240319,2383.90,2383.90,2383.90,2383.90,0,2383.9,0,20240320,2384.50,2384.50,2384.50,2384.50,0,2384.5,0,20240321,2408.80,2408.80,2408.80,2408.80,0,2408.8,0,20240322,2383.20,2383.20,2383.20,2383.20,0,2383.2,0,20240325,2400.30,2400.30,2400.30,2400.30,0,2400.3,0,20240326,2402.10,2402.10,2402.10,2402.10,0,2402.1,0,20240327,2416.30,2416.30,2416.30,2416.30,0,2416.3,0,20240328,2443.90,2443.90,2443.90,2443.90,0,2443.9,0,20240401,2467.30,2467.30,2467.30,2467.30,0,2467.3,0,20240402,2494.90,2494.90,2494.90,2494.90,0,2494.9,0,20240403,2529.40,2529.40,2529.40,2529.40,0,2529.4,0,20240404,2524.20,2524.20,2524.20,2524.20,0,2524.2,0,20240405,2563.20,2563.20,2563.20,2563.20,0,2563.2,0,20240408,2570.70,2570.70,2570.70,2570.70,0,2570.7,0,20240409,2583.40,2583.40,2583.40,2583.40,0,2583.4,0,20240410,2573.90,2573.90,2573.90,2573.90,0,2573.9,0,20240411,2599.60,2599.60,2599.60,2599.60,0,2599.6,0,20240412,2602.90,2602.90,2602.90,2602.90,0,2602.9,0,20240415,2612.70,2612.70,2612.70,2612.70,0,2612.7,0,20240416,2638.80,2638.80,2638.80,2638.80,0,2638.8,0,20240417,2619.90,2619.90,2619.90,2619.90,0,2619.9,0,20240418,2629.30,2629.30,2629.30,2629.30,0,2629.3,0,20240419,2645.50,2645.50,2645.50,2645.50,0,2645.5,0,20240422,2576.00,2576.00,2576.00,2576.00,0,2576,0,20240423,2570.00,2570.00,2570.00,2570.00,0,2570,0,20240424,2566.60,2566.60,2566.60,2566.60,0,2566.6,0,20240425,2570.70,2570.70,2570.70,2570.70,0,2570.7,0,20240426,2584.00,2584.00,2584.00,2584.00,0,2584,0,20240429,2595.00,2595.00,2595.00,2595.00,0,2595,0,20240430,2539.60,2539.60,2539.60,2539.60,0,2539.6,0,20240501,2548.10,2548.10,2548.10,2548.10,0,2548.1,0,20240502,2546.70,2546.70,2546.70,2546.70,0,2546.7,0,20240503,2541.20,2541.20,2541.20,2541.20,0,2541.2,0,20240506,2564.90,2564.90,2564.90,2564.90,0,2564.9,0,20240507,2557.70,2557.70,2557.70,2557.70,0,2557.7,0,20240508,2556.30,2556.30,2556.30,2556.30,0,2556.3,0,20240509,2573.10,2573.10,2573.10,2573.10,0,2573.1,0,20240510,2610.10,2610.10,2610.10,2610.10,0,2610.1,0,20240513,2578.50,2578.50,2578.50,2578.50,0,2578.5,0,20240514,2595.40,2595.40,2595.40,2595.40,0,2595.4,0,20240515,2630.50,2630.50,2630.50,2630.50,0,2630.5,0,20240516,2622.20,2622.20,2622.20,2622.20,0,2622.2,0,20240517,2655.20,2655.20,2655.20,2655.20,0,2655.2,0,20240520,2678.20,2678.20,2678.20,2678.20,0,2678.2,0,20240521,2665.30,2665.30,2665.30,2665.30,0,2665.3,0,20240522,2632.10,2632.10,2632.10,2632.10,0,2632.1,0,20240523,2575.60,2575.60,2575.60,2575.60,0,2575.6,0,20240524,2572.30,2572.30,2572.30,2572.30,0,2572.3,0,20240527,2572.30,2572.30,2572.30,2572.30,0,2572.3,0,20240528,2596.30,2596.30,2596.30,2596.30,0,2596.3,0,20240529,2581.30,2581.30,2581.30,2581.30,0,2581.3,0,20240530,2583.50,2583.50,2583.50,2583.50,0,2583.5,0,20240531,2562.80,2562.80,2562.80,2562.80,0,2562.8,0,20240603,2585.50,2585.50,2585.50,2585.50,0,2585.5,0,20240604,2562.60,2562.60,2562.60,2562.60,0,2562.6,0,20240605,2590.80,2590.80,2590.80,2590.80,0,2590.8,0,20240606,2606.90,2606.90,2606.90,2606.90,0,2606.9,0,20240607,2540.20,2540.20,2540.20,2540.20,0,2540.2,0,20240610,2541.60,2541.60,2541.60,2541.60,0,2541.6,0,20240611,2541.20,2541.20,2541.20,2541.20,0,2541.2,0,20240612,2567.20,2567.20,2567.20,2567.20,0,2567.2,0,20240613,2527.80,2527.80,2527.80,2527.80,0,2527.8,0,20240614,2558.90,2558.90,2558.90,2558.90,0,2558.9,0,20240617,2540.20,2540.20,2540.20,2540.20,0,2540.2,0,20240618,2558.00,2558.00,2558.00,2558.00,0,2558,0,20240619,2558.00,2558.00,2558.00,2558.00,0,2558,0,20240620,2580.80,2580.80,2580.80,2580.80,0,2580.8,0,20240621,2541.90,2541.90,2541.90,2541.90,0,2541.9,0,20240624,2556.10,2556.10,2556.10,2556.10,0,2556.1,0,20240625,2542.60,2542.60,2542.60,2542.60,0,2542.6,0,20240626,2524.70,2524.70,2524.70,2524.70,0,2524.7,0,20240627,2546.70,2546.70,2546.70,2546.70,0,2546.7,0,20240628,2550.10,2550.10,2550.10,2550.10,0,2550.1,0,20240701,2550.00,2550.00,2550.00,2550.00,0,2550,0,20240702,2544.30,2544.30,2544.30,2544.30,0,2544.3,0,20240703,2581.60,2581.60,2581.60,2581.60,0,2581.6,0,20240704,2581.60,2581.60,2581.60,2581.60,0,2581.6,0,20240705,2610.20,2610.20,2610.20,2610.20,0,2610.2,0,20240708,2576.50,2576.50,2576.50,2576.50,0,2576.5,0,20240709,2580.80,2580.80,2580.80,2580.80,0,2580.8,0,20240710,2593.10,2593.10,2593.10,2593.10,0,2593.1,0,20240711,2635.20,2635.20,2635.20,2635.20,0,2635.2,0,20240712,2633.00,2633.00,2633.00,2633.00,0,2633,0,20240715,2641.10,2641.10,2641.10,2641.10,0,2641.1,0,20240716,2681.20,2681.20,2681.20,2681.20,0,2681.2,0,20240717,2674.60,2674.60,2674.60,2674.60,0,2674.6,0,20240718,2671.30,2671.30,2671.30,2671.30,0,2671.3,0,20240719,2612.80,2612.80,2612.80,2612.80,0,2612.8,0,20240722,2606.20,2606.20,2606.20,2606.20,0,2606.2,0,20240723,2619.30,2619.30,2619.30,2619.30,0,2619.3,0,20240724,2627.50,2627.50,2627.50,2627.50,0,2627.5,0,20240725,2561.30,2561.30,2561.30,2561.30,0,2561.3,0,20240726,2589.70,2589.70,2589.70,2589.70,0,2589.7,0,20240729,2587.50,2587.50,2587.50,2587.50,0,2587.5,0,20240730,2614.70,2614.70,2614.70,2614.70,0,2614.7,0,20240731,2638.20,2638.20,2638.20,2638.20,0,2638.2,0,20240801,2642.10,2642.10,2642.10,2642.10,0,2642.1,0,20240802,2621.70,2621.70,2621.70,2621.70,0,2621.7,0,20240805,2596.50,2596.50,2588.60,2588.60,1,2596.5,1,20240806,2577.90,2577.90,2577.90,2577.90,0,2577.9,0,20240807,2579.30,2579.30,2579.30,2579.30,0,2579.3,0,20240808,2611.40,2611.40,2611.40,2611.40,0,2611.4,0,20240809,2622.40,2622.40,2622.40,2622.40,0,2622.4,0,20240812,2655.90,2655.90,2655.90,2655.90,0,2655.9,0,20240813,2658.40,2658.40,2658.40,2658.40,0,2658.4,0,20240814,2629.50,2629.50,2629.50,2629.50,0,2629.5,0,20240815,2644.80,2644.80,2644.80,2644.80,0,2644.8,0,20240816,2692.50,2692.50,2692.50,2692.50,0,2692.5,0,20240819,2696.40,2696.40,2696.40,2696.40,0,2696.4,0,20240820,2707.50,2707.50,2707.50,2707.50,0,2707.5,0,20240821,2710.00,2710.00,2703.40,2703.40,1,2710,1,20240822,2672.40,2672.40,2672.40,2672.40,0,2672.4,0,20240823,2701.70,2701.70,2701.70,2701.70,0,2701.7,0,20240826,2710.60,2710.60,2710.60,2710.60,0,2710.6,0,20240827,2708.00,2708.00,2708.00,2708.00,0,2708,0,20240828,2693.00,2693.00,2693.00,2693.00,0,2693,0,20240829,2714.80,2714.80,2714.80,2714.80,0,2714.8,0,20240830,2681.80,2681.80,2681.80,2681.80,0,2681.8,0,20240902,2681.80,2681.80,2681.80,2681.80,0,2681.8,0,20240903,2676.70,2676.70,2676.70,2676.70,0,2676.7,0,20240904,2677.30,2677.30,2677.30,2677.30,0,2677.3,0,20240905,2693.40,2693.40,2693.40,2693.40,0,2693.4,0,20240906,2671.20,2671.20,2671.20,2671.20,0,2671.2,0,20240909,2677.90,2677.90,2677.90,2677.90,0,2677.9,0,20240910,2687.50,2687.50,2687.50,2687.50,0,2687.5,0,20240911,2687.20,2687.20,2687.20,2687.20,0,2687.2,0,20240912,2726.90,2726.90,2726.90,2726.90,0,2726.9,0,20240913,2756.00,2756.00,2756.00,2756.00,0,2756,0,20240916,2752.40,2752.40,2752.40,2752.40,0,2752.4,0,20240917,2736.60,2736.60,2736.60,2736.60,0,2736.6,0,20240918,2743.60,2743.60,2743.60,2743.60,0,2743.6,0,20240919,2759.30,2759.30,2759.30,2759.30,0,2759.3,0,20240920,2792.50,2792.50,2792.50,2792.50,0,2792.5,0,20240923,2798.80,2798.80,2798.80,2798.80,0,2798.8,0,20240924,2825.70,2825.70,2825.70,2825.70,0,2825.7,0,20240925,2833.50,2833.50,2833.50,2833.50,0,2833.5,0,20240926,2845.40,2845.40,2845.40,2845.40,0,2845.4,0,20240927,2817.10,2817.10,2817.10,2817.10,0,2817.1,0,20240930,2810.20,2810.20,2810.20,2810.20,0,2810.2,0,20241001,2842.50,2842.50,2842.50,2842.50,0,2842.5,0,20241002,2822.00,2825.40,2822.00,2825.40,1,2822,1,20241003,2835.20,2835.20,2835.20,2835.20,0,2835.2,0,20241004,2831.20,2831.20,2831.20,2831.20,0,2831.2,0,20241007,2832.50,2832.50,2832.50,2832.50,0,2832.5,0,20241008,2800.30,2800.30,2800.30,2800.30,0,2800.3,0,20241009,2791.90,2791.90,2791.90,2791.90,0,2791.9,0,20241010,2807.20,2807.20,2807.20,2807.20,0,2807.2,0,20241011,2843.80,2843.80,2843.80,2843.80,0,2843.8,0,20241014,2834.30,2834.30,2834.30,2834.30,0,2834.3,0,20241015,2847.10,2847.10,2847.10,2847.10,0,2847.1,0,20241016,2860.30,2860.30,2860.30,2860.30,0,2860.3,0,20241017,2876.80,2876.80,2876.80,2876.80,0,2876.8,0,20241018,2901.00,2901.00,2901.00,2901.00,0,2901,0,20241021,2911.80,2911.80,2911.80,2911.80,0,2911.8,0,20241022,2934.30,2934.30,2934.30,2934.30,0,2934.3,0,20241023,2905.40,2905.40,2905.40,2905.40,0,2905.4,0,20241024,2924.70,2924.70,2924.70,2924.70,0,2924.7,0,20241025,2930.30,2930.30,2930.30,2930.30,0,2930.3,0,20241028,2933.90,2933.90,2933.90,2933.90,0,2933.9,0,20241029,2958.80,2958.80,2958.80,2958.80,0,2958.8,0,20241030,2982.00,2982.00,2982.00,2982.00,0,2982,0,20241031,2930.60,2930.60,2930.60,2930.60,0,2930.6,0,20241101,2929.50,2929.50,2929.50,2929.50,0,2929.5,0,20241104,2927.40,2927.40,2927.40,2927.40,0,2927.4,0,20241105,2933.90,2933.90,2933.90,2933.90,0,2933.9,0,20241106,2859.40,2859.40,2859.40,2859.40,0,2859.4,0,20241107,2889.30,2889.30,2889.30,2889.30,0,2889.3,0,20241108,2878.10,2878.10,2878.10,2878.10,0,2878.1,0,20241111,2799.00,2799.00,2799.00,2799.00,0,2799,0,20241112,2787.50,2787.50,2787.50,2787.50,0,2787.5,0,20241113,2765.10,2765.10,2765.10,2765.10,0,2765.1,0,20241114,2750.70,2750.70,2750.70,2750.70,0,2750.7,0,20241115,2747.90,2747.90,2747.90,2747.90,0,2747.9,0,20241118,2794.70,2794.70,2794.70,2794.70,0,2794.7,0,20241119,2810.90,2810.90,2810.90,2810.90,0,2810.9,0,20241120,2815.20,2833.70,2815.20,2833.70,5,2815.2,4,20241121,2858.30,2858.30,2858.30,2858.30,0,2858.3,0,20241122,2899.50,2899.50,2899.50,2899.50,0,2899.5,0,20241125,2801.70,2801.70,2801.70,2801.70,0,2801.7,0,20241126,2805.40,2805.40,2805.40,2805.40,0,2805.4,0,20241127,2821.20,2821.20,2821.20,2821.20,0,2821.2,0,20241128,2821.20,2821.20,2821.20,2821.20,0,2821.2,0,20241129,2838.40,2838.40,2838.40,2838.40,0,2838.4,0,20241202,2816.10,2816.10,2816.10,2816.10,0,2816.1,0,20241203,2824.30,2824.30,2824.30,2824.30,0,2824.3,0,20241204,2831.40,2831.40,2831.40,2831.40,0,2831.4,0,20241205,2802.50,2802.50,2802.50,2802.50,0,2802.5,0,20241206,2813.30,2813.30,2813.30,2813.30,0,2813.3,0,20241209,2843.90,2843.90,2843.90,2843.90,0,2843.9,0,20241210,2876.40,2876.40,2876.40,2876.40,0,2876.4,0,20241211,2912.00,2912.00,2912.00,2912.00,0,2912,0,20241212,2868.70,2868.70,2868.70,2868.70,0,2868.7,0,20241213,2836.20,2836.20,2836.20,2836.20,0,2836.2,0,20241216,2830.80,2830.80,2830.80,2830.80,0,2830.8,0,20241217,2823.90,2823.90,2823.90,2823.90,0,2823.9,0,20241218,2817.90,2817.90,2817.90,2817.90,0,2817.9,0,20241219,2776.20,2776.20,2776.20,2776.20,0,2776.2,0,20241220,2812.20,2812.20,2812.20,2812.20,0,2812.2,0,20241223,2796.80,2796.80,2796.80,2796.80,0,2796.8,0,20241224,2806.80,2806.80,2806.80,2806.80,0,2806.8,0,20241226,2828.00,2828.00,2828.00,2828.00,0,2828,0,20241227,2808.60,2808.60,2808.60,2808.60,0,2808.6,0,20241230,2799.60,2799.60,2799.60,2799.60,0,2799.6,0,20241231,2829.10,2829.10,2829.10,2829.10,0,2829.1,0,20250102,2851.90,2851.90,2851.90,2851.90,0,2851.9,0,20250103,2833.50,2833.50,2833.50,2833.50,0,2833.5,0,20250106,2824.80,2824.80,2824.80,2824.80,0,2824.8,0,20250107,2844.00,2844.00,2844.00,2844.00,0,2844,0,20250108,2853.20,2853.20,2853.20,2853.20,0,2853.2,0,20250109,2871.60,2871.60,2871.60,2871.60,0,2871.6,0,20250110,2896.60,2896.60,2896.60,2896.60,0,2896.6,0,20250113,2857.20,2857.20,2857.20,2857.20,0,2857.2,0,20250114,2863.90,2863.90,2863.90,2863.90,0,2863.9,0,20250115,2899.70,2899.70,2899.70,2899.70,0,2899.7,0,20250116,2934.90,2934.90,2934.90,2934.90,0,2934.9,0,20250117,2925.40,2933.70,2910.00,2933.70,2,2917.7,2,20250120,2933.70,2933.70,2933.70,2933.70,0,2933.7,0,20250121,2945.90,2945.90,2945.90,2945.90,0,2945.9,0,20250122,2950.00,2958.30,2950.00,2958.30,1,2950,1,20250123,2952.80,2952.80,2952.80,2952.80,0,2952.8,0,20250124,2968.60,2968.60,2968.60,2968.60,0,2968.6,0,20250127,2929.20,2929.20,2929.20,2929.20,0,2929.2,0,20250128,2963.10,2963.10,2963.10,2963.10,0,2963.1,0,20250129,2956.80,2956.80,2956.80,2956.80,0,2956.8,0,20250130,3008.20,3008.20,3008.20,3008.20,0,3008.2,0,20250131,2996.30,2996.30,2996.30,2996.30,0,2996.3,0,20250203,3015.70,3015.70,3015.70,3015.70,0,3015.7,0,20250204,3036.40,3036.40,3036.40,3036.40,0,3036.4,0,20250205,3054.80,3054.80,3054.80,3054.80,0,3054.8,0,20250206,3042.10,3042.10,3042.10,3042.10,0,3042.1,0,20250207,3058.00,3058.00,3058.00,3058.00,0,3058,0,20250210,3107.80,3107.80,3107.80,3107.80,0,3107.8,0,20250211,3111.10,3111.10,3111.10,3111.10,0,3111.1,0,20250212,3108.00,3108.00,3108.00,3108.00,0,3108,0,20250213,3122.90,3122.90,3122.90,3122.90,0,3122.9,0,20250214,3075.10,3075.10,3075.10,3075.10,0,3075.1,0,20250217,3075.10,3075.10,3075.10,3075.10,0,3075.1,0,20250218,3123.50,3123.50,3123.50,3123.50,0,3123.5,0,20250219,3106.20,3106.20,3106.20,3106.20,0,3106.2,0,20250220,3126.60,3126.60,3126.60,3126.60,0,3126.6,0,20250221,3149.10,3149.10,3122.10,3122.10,2,3149.1,1,20250224,3110.90,3134.10,3110.80,3134.10,2,3110.85,2,20250225,3089.10,3089.10,3089.10,3089.10,0,3089.1,0,20250226,3101.40,3101.40,3101.40,3101.40,0,3101.4,0,20250227,3066.40,3066.40,3066.40,3066.40,0,3066.4,0,20250228,3029.80,3034.50,3017.50,3017.50,3,3031.37,3,20250303,3071.60,3071.60,3071.60,3071.60,0,3071.6,0,20250304,3075.80,3090.60,3075.80,3090.60,1,3075.8,1,20250305,3095.40,3095.40,3095.40,3095.40,0,3095.4,0,20250306,3096.10,3096.10,3096.10,3096.10,0,3096.1,0,20250307,3081.80,3081.80,3081.80,3081.80,0,3081.8,0,20250310,3065.30,3065.30,3065.30,3065.30,0,3065.3,0,20250311,3086.80,3087.70,3086.80,3087.70,1,3086.8,1,20250312,3112.60,3112.60,3112.60,3112.60,0,3112.6,0,20250313,3158.10,3158.10,3158.10,3158.10,0,3158.1,0,20250314,3167.40,3167.40,3167.40,3167.40,0,3167.4,0,20250317,3171.30,3172.50,3171.30,3172.50,1,3171.3,1,20250318,3181.10,3210.50,3181.10,3210.50,8,3204.28,7,20250319,3207.50,3211.30,3206.90,3211.30,4,3207.68,4,20250320,3231.00,3231.00,3212.70,3212.70,1,3231,1,20250321,3205.80,3205.80,3185.80,3185.80,1,3205.8,1,20250324,3192.30,3192.30,3180.40,3180.40,1,3192.3,1,20250325,3192.10,3192.10,3191.50,3191.50,1,3192.1,1,20250326,3187.90,3187.90,3187.90,3187.90,0,3187.9,0,20250327,3226.80,3235.70,3226.80,3227.20,3,3232.43,3,20250328,3245.80,3251.10,3245.80,3251.10,1,3245.8,1,20250331,3284.30,3290.50,3282.60,3288.40,5,3286.48,5,20250401,3311.40,3311.70,3283.90,3283.90,6,3304.62,5,20250402,3325.00,3325.00,3306.00,3306.00,1,3325,1,20250403,3315.00,3315.00,3248.90,3259.90,4,3269.55,4,20250404,3220.20,3220.20,3168.20,3168.20,1,3220.2,1,20250407,3166.10,3185.00,3106.00,3106.00,6,3167.75,6,20250408,3159.00,3159.00,3125.40,3125.40,4,3148.03,4,20250409,3168.40,3238.60,3168.40,3222.10,12,3215.53,12,20250410,3230.40,3322.80,3230.40,3322.80,22,3273.26,21,20250411,3356.60,3397.10,3356.60,3397.10,25,3364.13,24,20250414,3399.80,3399.80,3367.00,3376.10,5,3377.46,5,20250415,3390.80,3390.80,3390.80,3390.80,0,3390.8,0,20250416,3501.40,3501.40,3501.40,3501.40,0,3501.4,0,20250417,3496.00,3496.00,3477.10,3482.80,8,3481.7,7,20250421,3562.90,3581.90,3562.90,3581.90,18,3566.72,13,20250422,3646.50,3646.50,3577.10,3577.10,4,3622.43,4,20250423,3492.50,3492.50,3449.60,3449.60,1,3492.5,1,20250424,3504.00,3506.20,3504.00,3506.20,1,3504,1,20250425,3454.40,3454.40,3454.40,3454.40,0,3454.4,0,20250428,3504.30,3504.30,3504.30,3504.30,0,3504.3,0,20250429,3473.00,3489.50,3473.00,3489.50,10,3473,8,20250430,3472.50,3472.50,3472.50,3472.50,0,3472.5,0,20250501,3391.10,3391.10,3373.50,3373.50,1,3391.1,1,20250502,3415.20,3415.20,3395.60,3395.60,15,3415.07,13,20250505,3478.00,3478.00,3478.00,3478.00,0,3478,0,20250506,3581.50,3581.50,3581.50,3581.50,0,3581.5,0,20250507,3551.60,3551.60,3551.60,3551.60,0,3551.6,0,20250508,3463.50,3463.50,3463.50,3463.50,0,3463.5,0,20250509,3501.50,3501.50,3501.50,3501.50,0,3501.5,0,20250512,3372.30,3384.60,3372.30,3384.60,3,3374.6,2,20250513,3420.40,3420.50,3406.00,3406.00,10,3420.34,6,20250514,3343.90,3343.90,3343.90,3343.90,0,3343.9,0,20250515,3380.90,3380.90,3380.90,3380.90,0,3380.9,0,20250516,3367.90,3367.90,3330.20,3340.20,15,3351.42,11,20250519,3384.10,3389.00,3382.00,3389.00,7,3384.43,6,20250520,3439.20,3439.20,3439.20,3439.20,0,3439.2,0,20250521,3471.00,3471.00,3471.00,3471.00,0,3471,0,20250522,3452.70,3452.70,3452.70,3452.70,0,3452.7,0,20250523,3516.30,3525.70,3516.30,3525.70,5,3520.56,5,20250527,3499.70,3503.00,3461.30,3461.30,76,3498.17,67,20250528,3453.90,3453.90,3453.90,3453.90,0,3453.9,0,20250529,3472.20,3472.20,3472.20,3472.20,0,3472.2,0,20250530,3449.60,3450.20,3443.30,3443.30,3,3449.87,3,20250602,3507.90,3527.90,3507.90,3527.90,1,3507.9,1,20250603,3515.60,3515.60,3509.70,3509.70,1,3515.6,1,20250604,3531.10,3531.10,3531.10,3531.10,0,3531.1,0,20250605,3557.60,3557.60,3506.20,3506.20,3,3543.4,2,20250606,3477.90,3477.90,3477.90,3477.90,0,3477.9,0,20250609,3471.10,3485.80,3471.10,3485.80,1,3471.1,1,20250610,3493.60,3493.60,3474.30,3474.30,1,3493.6,1,20250611,3473.80,3473.80,3473.80,3473.80,0,3473.8,0,20250612,3520.90,3531.60,3520.90,3531.60,2,3525.55,2,20250613,3586.90,3586.90,3583.60,3583.60,1,3586.9,1,20250616,3550.00,3550.00,3547.80,3547.80,6,3549.83,4,20250617,3547.90,3547.90,3539.10,3539.10,1,3547.9,1,20250618,3539.00,3539.00,3539.00,3539.00,0,3539,0,20250620,3490.00,3516.70,3490.00,3516.70,1,3490,1,20250623,3520.20,3537.00,3514.30,3525.30,4,3525.05,4,20250624,3460.10,3464.10,3460.10,3464.10,1,3460.1,1,20250625,3459.00,3474.10,3459.00,3473.50,5,3470.42,5,20250626,3466.90,3477.90,3466.90,3477.90,6,3467,4,20250627,3443.10,3443.10,3416.10,3416.10,1,3443.1,1,20250630,3429.50,3436.30,3429.50,3436.30,18,3430.37,11,20250701,3479.40,3479.40,3478.60,3479.00,4,3478.98,3,20250702,3489.90,3489.90,3489.90,3489.90,0,3489.9,0,20250703,3458.00,3475.00,3458.00,3474.10,25,3467.4,12,20250707,3485.00,3485.00,3473.60,3474.20,9,3475.91,9,20250708,3480.60,3480.60,3442.50,3449.00,4,3454.83,4,20250709,3441.80,3451.80,3441.80,3451.80,1,3441.8,1,20250710,3454.00,3456.70,3454.00,3456.70,1,3454,1,20250711,3476.60,3496.90,3476.60,3494.30,49,3494.23,43,20250714,3510.00,3510.00,3486.50,3491.20,37,3490.45,29,20250715,3468.70,3468.70,3468.60,3468.60,2,3468.7,1,20250716,3490.50,3490.50,3490.00,3490.10,11,3490.45,7,20250717,3461.60,3476.60,3461.60,3476.60,11,3469.81,10,20250718,3489.50,3489.70,3488.50,3489.60,10,3489.11,9,20250721,3505.70,3548.50,3504.90,3539.90,19,3528.49,19,20250722,3537.00,3579.90,3530.90,3579.90,28,3568.97,26,20250723,3582.80,3582.80,3529.00,3531.10,25,3559.66,22,20250724,3530.50,3530.50,3489.20,3507.90,13,3509.31,12,20250725,3472.50,3472.50,3467.30,3467.30,1,3472.5,1,20250728,3468.40,3469.10,3441.20,3441.80,4,3460,4,20250729,3442.50,3457.00,3441.20,3456.40,15,3446.63,12,20250730,3455.20,3456.50,3394.40,3427.50,100,3430.42,76,20250731,3428.00,3436.80,3419.00,3424.20,139,3427.32,68,20250801,3426.50,3476.20,3426.50,3473.20,22,3466,18,20250804,3511.00,3511.00,3499.70,3500.00,30,3502.76,24,20250805,3505.90,3517.30,3500.00,3508.90,52,3506.71,39,20250806,3512.80,3512.80,3490.80,3507.30,28,3503.67,27,20250807,3514.60,3538.40,3513.20,3524.90,40,3522.65,37,20250808,3600.00,3600.00,3525.00,3560.10,71,3549.64,56,20250811,3520.10,3520.10,3476.30,3481.60,87,3487.42,77,20250812,3482.00,3482.60,3456.10,3475.00,81,3472.2,66,20250813,3480.20,3494.30,3477.00,3484.60,88,3484.47,86,20250814,3494.00,3494.00,3451.80,3458.70,158,3465.49,137,20250815,3457.80,3466.80,3454.10,3456.80,136,3460.05,103,20250818,3453.50,3470.80,3442.50,3452.50,42,3457.5,39,20250819,3451.30,3461.00,3431.90,3432.40,149,3439.81,121,20250820,3430.00,3466.60,3426.80,3463.20,96,3450.13,72,20250821,3459.60,3464.90,3444.10,3456.30,169,3455.97,121,20250822,3455.30,3496.80,3441.00,3493.00,172,3474.88,120,20250825,3484.60,3496.10,3480.40,3492.40,136,3485.66,77,20250826,3480.00,3515.30,3472.00,3509.10,413,3496.13,244,20250827,3512.70,3527.50,3498.70,3526.40,262,3507.7,143,20250828,3527.40,3555.00,3520.00,3550.90,275,3539.16,162,20250829,3552.40,3595.40,3541.30,3594.10,257,3561.06,166,20250902,3592.00,3676.70,3584.50,3670.60,545,3633.41,399,20250903,3676.10,3718.00,3670.80,3714.80,422,3700.12,239,20250904,3694.80,3696.50,3653.80,3685.90,163,3681.33,116,20250905,3682.00,3733.10,3681.40,3732.20,258,3709.38,190,20250908,3709.10,3762.60,3701.30,3755.50,326,3732.19,230,20250909,3749.90,3790.50,3745.50,3760.30,185,3766.25,149,20250910,3740.60,3775.50,3737.50,3760.40,216,3764.32,121,20250911,3759.40,3765.70,3731.50,3751.40,342,3750.47,232,20250912,3757.50,3770.50,3757.50,3765.20,132,3764.37,98,20250915,3757.90,3802.80,3742.20,3797.80,173,3779.48,102,20250916,3799.20,3815.70,3792.90,3804.40,306,3806.56,197,20250917,3795.90,3821.90,3759.60,3797.50,417,3789.87,263,20250918,3771.10,3782.70,3740.00,3757.30,138,3764.44,108,20250919,3754.00,3798.50,3750.80,3785.60,217,3774.34,133,20250922,3802.30,3862.60,3802.30,3856.10,138,3833.78,115,20250923,3856.00,3904.40,3856.00,3898.20,186,3885.09,138,20250924,3880.10,3891.60,3833.50,3850.60,405,3864.86,304,20250925,3858.50,3874.70,3837.20,3855.50,184,3858.04,152,20250926,3856.00,3897.80,3849.90,3893.50,151,3870.86,117,20250929,3881.30,3949.90,3880.00,3941.90,446,3928.55,300,20250930,3946.20,3984.80,3907.80,3959.50,611,3940.3,440,20251001,3974.80,4009.20,3968.40,3984.50,245,3985.16,218,20251002,3976.80,4009.20,3929.80,3953.90,258,3969.74,211,20251003,3964.00,4001.10,3950.00,3995.10,372,3977.9,293,20251006,3999.10,4081.00,3996.10,4065.70,363,4045.14,308,20251007,4076.00,4106.10,4053.40,4096.10,316,4083.25,263,20251008,4105.60,4174.40,4099.50,4164.00,390,4146.92,295,20251009,4148.00,4168.50,4050.00,4063.20,466,4113.72,412,20251010,4081.80,4129.20,4052.40,4090.90,349,4092.68,288,20251013,4112.20,4228.50,4112.20,4225.90,279,4186.7,244,20251014,4225.00,4281.50,4199.40,4256.10,183,4243.44,165,20251015,4252.40,4327.10,4252.40,4295.40,257,4302.19,241,20251016,4318.10,4440.60,4310.80,4399.90,396,4365.86,367,20251017,4453.90,4483.00,4294.40,4306.10,454,4417.96,404,20251020,4356.40,4488.90,4328.70,4455.80,222,4411.89,183,20251021,4481.00,4481.00,4190.40,4200.10,367,4305.52,281,20251022,4230.00,4263.60,4119.70,4157.10,256,4186.14,224,20251023,4192.40,4257.50,4191.90,4238.80,111,4234.25,108,20251024,4228.00,4249.20,4150.00,4230.90,157,4213.87,123,20251027,4186.40,4208.30,4081.10,4110.00,242,4138.2,201,20251028,4096.70,4116.50,3992.20,4072.10,403,4021.53,298,20251029,4061.40,4135.00,4032.20,4091.70,204,4089.88,176,20251030,4031.00,4134.00,4021.00,4109.00,157,4086.43,130,20251031,4130.00,4149.00,4079.50,4088.80,223,4107.21,185,20251103,4095.70,4133.70,4066.80,4107.60,138,4104.43,114,20251104,4095.00,4102.10,4029.50,4052.20,298,4068.74,167,20251105,4039.50,4091.10,4035.60,4085.90,156,4071.99,102,20251106,4084.00,4119.00,4069.80,4083.50,79,4091.28,64,20251107,4076.50,4120.80,4076.20,4102.30,107,4100.74,89,20251110,4109.00,4217.40,4109.00,4216.50,361,4190.09,266,20251111,4218.00,4249.20,4198.00,4210.70,334,4226.43,245,20251112,4235.00,4313.00,4203.50,4309.40,280,4267.83,217,20251113,4301.30,4338.60,4253.00,4292.60,351,4301.63,258,20251114,4290.00,4311.20,4133.70,4189.10,501,4213.95,326,20251117,4195.00,4202.30,4115.00,4169.70,161,4167.2,132,20251118,4143.80,4178.10,4097.00,4161.20,215,4149.45,156,20251119,4167.70,4228.40,4151.00,4178.40,216,4184.45,152,20251120,4174.20,4200.90,4130.80,4154.80,675,4166.35,492,20251121,4160.00,4194.00,4114.80,4173.60,366,4153.82,325,20251124,4159.80,4229.30,4133.70,4188.50,206,4184.54,150,20251125,4220.50,4244.10,4204.00,4235.90,246,4226.77,210,20251126,4227.60,4267.00,4225.00,4261.90,165,4251.69,136,20251128,4257.10,4321.10,4235.00,4314.90,152,4275.6,135,20251201,4324.00,4360.20,4305.60,4336.80,448,4333.72,376,20251202,4328.10,4330.00,4259.70,4282.60,240,4295.16,196,20251203,4306.00,4332.40,4289.50,4294.30,200,4305.95,174,20251204,4297.00,4310.80,4269.30,4304.10,213,4295.32,154,20251205,4299.60,4351.60,4285.00,4305.00,262,4312.23,214,20251208,4290.00,4306.70,4267.50,4280.00,327,4288.57,266,20251209,4282.30,4314.00,4260.70,4299.40,336,4296.2,250,20251210,4303.60,4330.00,4271.50,4287.50,330,4296.36,250,20251211,4321.40,4379.00,4297.80,4376.50,394,4342.49,335,20251212,4375.00,4450.50,4350.40,4392.30,377,4405.79,343,20251215,4400.00,4445.10,4383.60,4399.40,411,4418.58,385,20251216,4401.00,4429.20,4363.00,4395.90,510,4406.49,398,20251217,4400.00,4446.00,4400.00,4437.30,712,4430.39,558,20251218,4435.30,4471.40,4401.70,4427.60,455,4431.88,395,20251219,4428.80,4451.60,4400.00,4450.60,352,4428.07,307,20251222,4435.80,4548.10,4435.60,4534.00,735,4513.75,555,20251223,4549.20,4595.20,4524.60,4570.60,867,4568.66,615,20251224,4583.00,4620.90,4540.40,4567.80,311,4579.33,255,20251226,4572.90,4648.90,4572.90,4618.80,655,4616.12,537,20251229,4645.40,4645.40,4380.00,4407.80,1454,4509.14,1123,20251230,4422.00,4483.60,4404.00,4451.90,925,4445.91,748,20251231,4412.00,4448.00,4350.00,4406.90,669,4405.05,565,20260102,4412.00,4475.70,4386.00,4394.50,454,4425.7,327,20260105,4426.70,4530.10,4426.10,4516.80,884,4493.8,639,20260106,4528.80,4572.90,4507.00,4562.20,620,4542.72,485,20260107,4572.40,4577.20,4501.70,4528.10,703,4535.5,535,20260108,4534.00,4555.00,4482.20,4526.90,592,4520.12,495,20260109,4559.00,4593.10,4529.30,4567.90,983,4563.23,824,20260112,4591.60,4708.00,4590.00,4683.00,1129,4673.9,903,20260113,4669.00,4710.60,4645.00,4667.20,921,4674.78,705,20260114,4666.20,4718.80,4666.20,4704.00,1288,4700.1,1011,20260115,4695.00,4697.10,4651.70,4691.70,1084,4676.36,823,20260116,4690.80,4692.20,4607.90,4663.50,1256,4661.69,913,20260120,4700.50,4841.10,4697.50,4835.70,2428,4783.31,1756,20260121,4835.10,4962.00,4830.20,4908.70,2491,4917.03,1842,20260122,4890.00,5015.00,4846.30,4985.70,1345,4924.03,1032,20260123,5020.90,5065.00,4983.40,5055.00,1670,5030.59,1236,20260126,5084.20,5183.80,5067.80,5161.90,2441,5143.73,1751,20260127,5091.30,5265.00,5089.80,5158.90,3064,5166.36,1941,20260128,5258.00,5492.80,5234.00,5380.70,4844,5349.99,3803,20260129,5493.10,5666.60,5177.40,5395.80,12691,5477.78,10513,20260130,5469.30,5522.20,4747.10,4780.70,14739,5080.71,12764,20260202,4867.00,4941.30,4458.90,4686.40,12266,4731.03,10671,20260203,4748.00,5055.40,4740.90,4971.40,6043,4956.9,5266,20260204,5020.00,5150.50,4904.50,4987.60,9649,5031.21,8672,20260205,5033.90,5082.20,4814.30,4925.00,10700,4924.06,9539,20260206,4841.50,5031.60,4705.90,5017.00,7599,4915.71,6655,20260209,5040.30,5149.40,5027.40,5117.80,4721,5088.23,4219,20260210,5128.10,5139.60,5059.60,5069.00,2354,5095.78,1990,20260211,5086.40,5182.30,5075.90,5137.20,3097,5130.92,2550,20260212,5154.80,5161.60,4937.00,4986.10,3075,5057.71,2581,20260213,4947.40,5105.10,4947.40,5083.90,1691,5046.9,1480,20260217,5107.10,5107.10,4893.20,4942.50,5279,4971.99,4665,20260218,4910.00,5069.00,4909.90,5046.90,2238,5018.97,1883,20260219,5016.00,5080.30,5009.20,5035.10,2559,5049.81,2044,20260220,5055.40,5168.80,5037.80,5119.60,3180,5098.82,2588,20260223,5171.80,5296.30,5167.00,5265.50,3699,5238.97,2986,20260224,5286.20,5307.00,5149.30,5215.80,3243,5209.15,2514,20260225,5186.70,5276.60,5175.20,5266.10,1928,5240.75,1562,20260226,5215.00,5261.30,5184.80,5233.70,2215,5230.64,1695,20260227,5245.20,5338.80,5225.00,5287.60,2767,5272.89,2099,20260302,5385.20,5474.40,5313.60,5351.70,5072,5401.03,4163,20260303,5388.00,5434.00,5043.10,5162.20,9361,5195.54,6775,20260304,5158.20,5256.90,5151.00,5173.30,2946,5207.76,2348,20260305,5199.00,5241.50,5097.90,5117.00,3183,5160.59,2477,20260306,5150.00,5222.80,5110.60,5197.90,3300,5169.44,2688,20260309,5236.00,5244.30,5060.00,5142.70,4516,5139.48,3570,20260310,5192.80,5288.00,5167.20,5281.50,6328,5249.15,4230,20260311,5234.40,5269.50,5195.20,5218.10,4222,5228.1,3230,20260312,5227.60,5236.60,5096.50,5163.80,5512,5167.81,3564,20260313,5119.20,5169.60,5051.10,5098.90,4508,5111.22,3571,20260316,5049.30,5082.00,5009.50,5039.40,5477,5046.8,4106,20260317,5049.10,5085.00,5014.40,5045.60,3849,5052.67,3057,20260318,5046.60,5058.40,4846.60,4932.90,10565,4940.7,7898,20260319,4860.50,4903.30,4539.50,4640.50,21383,4686.18,15853,20260320,4689.40,4773.30,4512.10,4609.60,15664,4656.21,11564,20260323,4495.00,4569.70,4128.50,4439.50,64277,4372.53,48350,20260324,4449.90,4517.40,4337.70,4434.10,32365,4427.41,24658,20260325,4506.10,4634.00,4491.70,4585.50,40520,4585.3,28609,20260326,4541.50,4574.00,4380.40,4409.00,60169,4468.09,42373,20260327,4403.90,4585.30,4400.60,4524.30,149437,4496.72,110836,20260330,4520.00,4611.40,4444.70,4557.50,145613,4547.13,110940,20260331,4538.90,4717.60,4510.00,4678.60,163262,4626.03,120481,20260401,4698.40,4821.00,4690.00,4813.10,156702,4757.31,115677,20260402,4783.00,4825.90,4580.40,4679.70,181046,4682.65,137346,20260406,4675.00,4733.10,4626.20,4684.70,85644,4686.32,66635,20260407,4678.60,4745.70,4631.90,4684.70,139284,4683.48,105702,20260408,4747.20,4888.00,4720.60,4777.20,202490,4812.17,148564,20260409,4744.80,4766.00,4718.60,4761.30,51032,4742.5,39547
[2026-04-09 16:22:42] INFO     | trading.broker         | Fetched 1470 historical bars for GCM6
[2026-04-09 16:22:42] INFO     | trading.strategy.mgc_pullback | [3] Computing indicators...
[2026-04-09 16:22:42] INFO     | trading.strategy.mgc_pullback | Last bar  date=2026-04-09  close=4761.30  SMA200=4238.79  SMA37=4935.60  RSI2=68.59
[2026-04-09 16:22:42] INFO     | trading.strategy.mgc_pullback | Current position: 0
[2026-04-09 16:22:42] INFO     | trading.strategy.mgc_pullback | [4] Generating signal...
[2026-04-09 16:22:42] INFO     | trading.strategy.mgc_pullback | States  uptrend=True  pullback=False  exit_up=False  pos=0
[2026-04-09 16:22:42] INFO     | trading.strategy.mgc_pullback | Signal: ENTRY_LONG  reason=UpTrend & Pullback (RSI2 < 30)
[2026-04-09 16:22:42] DEBUG    | ib_insync.client       | >>> 59,1,1
[2026-04-09 16:22:42] DEBUG    | ib_insync.client       | >>> 1,11,18,712565978,MGC,FUT,20260626,0.0,,10,COMEX,,USD,MGCM6,MGC,0,,0,0,
[2026-04-09 16:22:42] DEBUG    | ib_insync.client       | <<< 4,2,-1,2119,Market data farm is connecting:usfuture,
[2026-04-09 16:22:42] INFO     | ib_insync.wrapper      | Warning 2119, reqId -1: Market data farm is connecting:usfuture
[2026-04-09 16:22:44] DEBUG    | ib_insync.client       | <<< 4,2,-1,2104,Market data farm connection is OK:usfuture,
[2026-04-09 16:22:44] INFO     | ib_insync.wrapper      | Warning 2104, reqId -1: Market data farm connection is OK:usfuture
[2026-04-09 16:22:44] DEBUG    | ib_insync.client       | <<< 4,2,18,354,Requested market data is not subscribed. Check API status by selecting the Account menu then under Management choose Market Data Subscription Manager and/or availability of delayed data.Delayed market data is available.MGC JUN'26 (MGCM6) /TOP/ALL,
[2026-04-09 16:22:44] ERROR    | ib_insync.wrapper      | Error 354, reqId 18: Requested market data is not subscribed. Check API status by selecting the Account menu then under Management choose Market Data Subscription Manager and/or availability of delayed data.Delayed market data is available.MGC JUN'26 (MGCM6) /TOP/ALL, contract: Future(conId=712565978, symbol='MGC', lastTradeDateOrContractMonth='20260626', multiplier='10', exchange='COMEX', currency='USD', localSymbol='MGCM6', tradingClass='MGC')
[2026-04-09 16:22:45] DEBUG    | ib_insync.client       | >>> 2,2,18
[2026-04-09 16:22:45] DEBUG    | ib_insync.client       | >>> 59,1,3
[2026-04-09 16:22:45] DEBUG    | ib_insync.client       | >>> 1,11,19,712565978,MGC,FUT,20260626,0.0,,10,COMEX,,USD,MGCM6,MGC,0,,0,0,
[2026-04-09 16:22:45] DEBUG    | ib_insync.client       | <<< 4,2,18,300,Can't find EId with tickerId:18,
[2026-04-09 16:22:45] ERROR    | ib_insync.wrapper      | Error 300, reqId 18: Can't find EId with tickerId:18
[2026-04-09 16:22:46] DEBUG    | ib_insync.client       | <<< 58,1,19,3
[2026-04-09 16:22:46] DEBUG    | ib_insync.client       | <<< 4,2,19,10167,Requested market data is not subscribed. Displaying delayed market data.,
[2026-04-09 16:22:46] INFO     | ib_insync.wrapper      | Warning 10167, reqId 19: Requested market data is not subscribed. Displaying delayed market data., contract: Future(conId=712565978, symbol='MGC', lastTradeDateOrContractMonth='20260626', multiplier='10', exchange='COMEX', currency='USD', localSymbol='MGCM6', tradingClass='MGC')
[2026-04-09 16:22:46] DEBUG    | ib_insync.client       | <<< 81,19,0.1,,0
[2026-04-09 16:22:46] DEBUG    | ib_insync.client       | <<< 1,6,19,66,4761.40,3,0
[2026-04-09 16:22:46] DEBUG    | ib_insync.client       | <<< 1,6,19,67,4761.70,4,0
[2026-04-09 16:22:46] DEBUG    | ib_insync.client       | >>> 2,2,19
[2026-04-09 16:22:46] INFO     | trading.strategy.mgc_pullback | Indicative price: 4761.55 (DELAYED)
[2026-04-09 16:22:46] DEBUG    | ib_insync.client       | >>> 3,20,712565978,MGC,FUT,20260626,0.0,,10,COMEX,,USD,MGCM6,MGC,,,BUY,1,LMT,4766.5,,,,U22862141,O,0,,0,0,0,0,0,0,0,0,,0.0,,,,,,,,0,,-1,0,,,0,,,0,0,,0,,,,,,0,,,,,0,,,,,,,,,,,0,,,0,0,,,0,,0,0,0,0,,,,,,,0,,,,,,,,,0,0,0,0,,,0,,
[2026-04-09 16:22:46] INFO     | ib_insync.ib           | placeOrder: New order Trade(contract=Future(conId=712565978, symbol='MGC', lastTradeDateOrContractMonth='20260626', multiplier='10', exchange='COMEX', currency='USD', localSymbol='MGCM6', tradingClass='MGC'), order=LimitOrder(orderId=20, clientId=27, action='BUY', totalQuantity=1, lmtPrice=4766.5, transmit=False, account='U22862141'), orderStatus=OrderStatus(orderId=20, status='PendingSubmit', filled=0.0, remaining=0.0, avgFillPrice=0.0, permId=0, parentId=0, lastFillPrice=0.0, clientId=0, whyHeld='', mktCapPrice=0.0), fills=[], log=[TradeLogEntry(time=datetime.datetime(2026, 4, 9, 10, 52, 46, 930986, tzinfo=datetime.timezone.utc), status='PendingSubmit', message='', errorCode=0)], advancedError='')
[2026-04-09 16:22:46] DEBUG    | ib_insync.client       | >>> 3,21,712565978,MGC,FUT,20260626,0.0,,10,COMEX,,USD,MGCM6,MGC,,,SELL,1,LMT,4876.5,,GTC,,U22862141,O,0,,0,20,0,0,0,0,0,0,,0.0,,,,,,,,0,,-1,0,,,0,,,0,0,,0,,,,,,0,,,,,0,,,,,,,,,,,0,,,0,0,,,0,,0,0,0,0,,,,,,,0,,,,,,,,,0,0,0,0,,,0,,
[2026-04-09 16:22:46] INFO     | ib_insync.ib           | placeOrder: New order Trade(contract=Future(conId=712565978, symbol='MGC', lastTradeDateOrContractMonth='20260626', multiplier='10', exchange='COMEX', currency='USD', localSymbol='MGCM6', tradingClass='MGC'), order=LimitOrder(orderId=21, clientId=27, action='SELL', totalQuantity=1, lmtPrice=4876.5, tif='GTC', transmit=False, parentId=20, account='U22862141'), orderStatus=OrderStatus(orderId=21, status='PendingSubmit', filled=0.0, remaining=0.0, avgFillPrice=0.0, permId=0, parentId=0, lastFillPrice=0.0, clientId=0, whyHeld='', mktCapPrice=0.0), fills=[], log=[TradeLogEntry(time=datetime.datetime(2026, 4, 9, 10, 52, 46, 931393, tzinfo=datetime.timezone.utc), status='PendingSubmit', message='', errorCode=0)], advancedError='')
[2026-04-09 16:22:46] DEBUG    | ib_insync.client       | >>> 3,22,712565978,MGC,FUT,20260626,0.0,,10,COMEX,,USD,MGCM6,MGC,,,SELL,1,STP,,4656.5,GTC,,U22862141,O,0,,1,20,0,0,0,0,0,0,,0.0,,,,,,,,0,,-1,0,,,0,,,0,0,,0,,,,,,0,,,,,0,,,,,,,,,,,0,,,0,0,,,0,,0,0,0,0,,,,,,,0,,,,,,,,,0,0,0,0,,,0,,
[2026-04-09 16:22:46] INFO     | ib_insync.ib           | placeOrder: New order Trade(contract=Future(conId=712565978, symbol='MGC', lastTradeDateOrContractMonth='20260626', multiplier='10', exchange='COMEX', currency='USD', localSymbol='MGCM6', tradingClass='MGC'), order=StopOrder(orderId=22, clientId=27, action='SELL', totalQuantity=1, auxPrice=4656.5, tif='GTC', parentId=20, account='U22862141'), orderStatus=OrderStatus(orderId=22, status='PendingSubmit', filled=0.0, remaining=0.0, avgFillPrice=0.0, permId=0, parentId=0, lastFillPrice=0.0, clientId=0, whyHeld='', mktCapPrice=0.0), fills=[], log=[TradeLogEntry(time=datetime.datetime(2026, 4, 9, 10, 52, 46, 932032, tzinfo=datetime.timezone.utc), status='PendingSubmit', message='', errorCode=0)], advancedError='')
[2026-04-09 16:22:46] DEBUG    | ib_insync.client       | <<< 1,6,19,68,4761.50,1,0
[2026-04-09 16:22:46] DEBUG    | ib_insync.client       | <<< 46,6,19,88,1775731363
[2026-04-09 16:22:46] INFO     | trading.orders         | Bracket placed: BUY 1 @ 4766.50  TP=4876.50  SL=4656.50
[2026-04-09 16:22:46] INFO     | trading.strategy.mgc_pullback | EXECUTION COMPLETE for mgc_pullback
[2026-04-09 16:22:46] INFO     | ib_insync.ib           | Disconnecting from 127.0.0.1:4002, 1.25 kB sent in 21 messages, 98.2 kB received in 333 messages, session time 9.56 s.
[2026-04-09 16:22:46] INFO     | ib_insync.client       | Disconnecting
[2026-04-09 16:22:46] INFO     | trading.broker         | Disconnected from IBKR
[2026-04-09 16:22:46] INFO     | trading.db             | Database connection closed
[2026-04-09 16:22:46] INFO     | trading.main           | ALL STRATEGIES COMPLETE
